physical_site_id,n,rmse,bias,ubrmse,observed_sd,predicted_sd,within_series_ubrmse,amplitude_ratio,r,sse,sum_e,anom_xy,anom_yy,anom_pp
site_00edf1317915280d,250,0.21468403291381363,0.21303319413661956,0.026572395151524677,0.019752113810931733,0.03173665372032238,0.0265723951515267,1.6067472081270537,0.5513690401113447,11.522308497034853,53.25829853415489,0.08640862565934658,0.09753650000000001,0.25180379734091307
site_0430e77fe9702577,285,0.062389718784597134,-0.051961879828101715,0.034531725337014776,0.04750469235380253,0.030730132672741592,0.03453172533701579,0.646886257969457,0.6879578404661987,1.109355947856017,-14.809135751008988,0.28622504328217424,0.6431583017543859,0.26913720041402556
site_06fbc9bb474fb230,327,0.06434512305119788,-0.0073805441263983355,0.06392043827190239,0.059483241822869334,0.02888907627788767,0.06392043827190241,0.48566748200971077,0.0835107366496704,1.3538764193749313,-2.4134379293322556,0.04692652038184055,1.15700973088685,0.27290724411800316
site_0983900925777e9a,155,0.06093350600905277,-0.004639222112009601,0.06075664385687143,0.0643958472300712,0.03407206236494214,0.060756643856871566,0.5291034100880867,0.36834266905859686,0.5754982839560668,-0.7190794273614882,0.12526796211845453,0.6427578967741936,0.1799403422390785
site_09d142dad852325f,668,0.11954615016129717,0.10816513726061691,0.05090761337736545,0.04029555848585693,0.04516235357047415,0.05090761337736569,1.120777457057094,0.2944719819105963,9.54657638828279,72.2543116900921,0.3579762280533859,1.084652998502994,1.3624783042563786
site_0cc518f8eb987b6e,217,0.043483626813882854,-0.009902042194445558,0.04234117808078151,0.03864131224368048,0.0427306990945812,0.04234117808079161,1.1058293989891483,0.462183794306537,0.41030919879292,-2.148743156194686,0.1656022800895201,0.3240137695852536,0.3962230439892265
site_0ce5386aeb45589f,218,0.07633640481656852,0.007314613595468191,0.07598515070899062,0.07748060458720006,0.01937104533231793,0.07598515070899063,0.2500115407658817,0.20146122067559846,1.2703397806695476,1.5945857638120655,0.06591648082544496,1.3087072110091742,0.08180175260414413
site_0d7b03db25fcc113,142,0.06076154084299871,-0.02829532269944608,0.05377117777164279,0.06546719014528382,0.039597450540124486,0.05377117777164279,0.6048442044366104,0.5714101109725617,0.5242590080773868,-4.017935823321343,0.21034257762511852,0.608605323943662,0.2226500486774199
site_0e7b99291027b045,140,0.052018405733037516,-0.000623076432091849,0.05201467399462081,0.0640508802055213,0.03847399798688992,0.05201467399462358,0.6006786770679444,0.5837854825439213,0.3788280349009674,-0.08723070049285886,0.20140662258011954,0.5743521357142857,0.20723479295332936
site_0f5c2c2840148780,91,0.13752842264233328,0.06266349019585075,0.12242284930094859,0.12613268287469342,0.03181413998165215,0.12242284930094956,0.2522275690691359,0.24100849746273068,1.7211801001384308,5.702377607822418,0.08800788182445933,1.4477602857142857,0.09210469475226635
site_108f541d7e13b076,420,0.07454529388751573,0.03190551007319064,0.06737239247455608,0.07659669966188472,0.04307878441495292,0.0673723924745562,0.5624104511697304,0.48243837779115334,2.3339403531259575,13.400314230740069,0.6685973275836381,2.464162847619048,0.7794283000013962
site_10d7d76e5b99709b,60,0.13674646346425495,0.12267519690791766,0.060418468480957464,0.07180554566945989,0.06557705886664757,0.060418468480957464,0.9132589726219238,0.616505269518151,1.121975716198849,7.36051181447506,0.174179871147126,0.3093621833333334,0.2580210389759856
site_14d94a059a5aad1d,521,0.10683091187626,0.08321681503668397,0.06699108468642344,0.044926154559954634,0.06615635216812675,0.06699108468642344,1.4725576407800516,0.3208479628787596,5.946091584535193,43.35596063411235,0.49682999418552914,1.05156522840691,2.280241387672662
site_181ff8c89ef12a6c,93,0.13648790706086156,-0.11444660578844369,0.07437017680064337,0.06731669053857656,0.03799104379006315,0.07437017680064349,0.5643629163304155,0.08679275751425328,1.7324922359684576,-10.643534338325264,0.020642886172419276,0.4214329247311829,0.13422870496804012
site_19feb3f9e9d0726a,57,0.026939676386077683,-0.00022838919601942233,0.026938708249686607,0.022980736643858208,0.015123273845276577,0.026938708249686652,0.6580848159764451,0.04479097425353149,0.04136753133583572,-0.013018184173107072,0.0008873094904579613,0.030102512631578947,0.013036664472555914
site_1ce5634596e14607,423,0.14209490307130854,-0.12472739695868595,0.06807376827203673,0.04325578602913999,0.04628066247210773,0.06807376827203684,1.0699299844171133,-0.1551209318790167,8.540776705551254,-52.75968891352416,-0.13135740118315248,0.7914596595744681,0.9060235810765791
site_1f2f25947066509c,415,0.15172054542406502,-0.11744977875201096,0.0960451632039815,0.09443607150397144,0.04637109713857568,0.0960451632039821,0.49103161959279057,0.21051986580629953,9.552936420066947,-48.74165818208455,0.3825837017822158,3.701041214457831,0.8923656396816169
site_237e685bbdd8644d,330,0.05028001262686411,-0.008333765233502242,0.049584554316747506,0.05963405464549507,0.03322571139194872,0.049584554316748485,0.5571600252484038,0.5555562343662482,0.8342662910200127,-2.75014252705574,0.3632541567884431,1.1735527562424244,0.3643028061753535
site_24a155d00f2ce6ce,260,0.06324201909753935,0.045107980740987326,0.044326324605185194,0.044243116002486385,0.04521111639873993,0.044326324605185326,1.0218791189164693,0.5090973831289863,1.0398837746787182,11.728074992656705,0.26476778986133065,0.5089378615384614,0.5314517119653068
site_257ba699ad2936b5,27,0.048130554722334205,0.026307703379348474,0.040304528787517474,0.03051196891243796,0.029278827420068175,0.040304528787517564,0.9595849911912075,0.091662889527988,0.0625468580427494,0.7103079912424088,0.0022109617065224378,0.02513646666666667,0.023145742847541673
site_25c3911a44e2e266,167,0.11024836833625093,0.08078016997097495,0.07502844034275306,0.06461260257257519,0.06196848530898494,0.07502844034275313,0.9590773756463333,0.2979080200805752,2.0298353543745447,13.490288385152818,0.19919882932251798,0.6971896646706588,0.6412955596388104
site_261c25e44abd6c6d,171,0.18293636243366374,-0.17139094294400242,0.06395981064095231,0.06875057330905583,0.038748134353487125,0.06395981064095231,0.5636045270386599,0.40113303425120145,5.722636871778792,-29.307851243424416,0.18273075979721476,0.80825566748538,0.25674246361477704
site_26f018cca8362487,78,0.07335845125788491,-0.020416563874635935,0.07046010424707295,0.0803540939070721,0.03702475722873377,0.07046010424707708,0.46077001716368254,0.4811595576251298,0.4197540649345272,-1.592491982221603,0.11165648383360643,0.5036288717948718,0.10692494653204054
site_2e03a5b4a3fc6fe0,39,0.05699293819340335,0.020130444061144805,0.05331941696810097,0.006117083567689427,0.05422833577306567,0.053319416968100976,8.865063746962843,0.20374289632079026,0.12667960515276666,0.7850873183846474,0.002635832282308584,0.0014593297435897443,0.1146877836279378
site_367fad9034e246b1,36,0.05340162025372882,0.04255332432554828,0.032263720098094105,0.025184211446317703,0.02183666681121928,0.03226372009809416,0.8670776473492529,0.06376785348266582,0.10266238964604457,1.531919675719738,0.0012624640025198446,0.022832802222222226,0.0171662406272714
site_36915ea55aeee9ea,42,0.07215417860106929,-0.014605512965293157,0.07066048740714756,0.0767020215729591,0.03165034668154631,0.07066048740714836,0.4126403194137515,0.38968622481801973,0.21866147056299026,-0.6134315445423126,0.039732841634324625,0.24709440476190475,0.042073266692606914
site_3697f876563488cb,52,0.030726722762129174,0.010115584339316076,0.029013900895517832,0.02762053733800696,0.01217835417841675,0.029013900895518367,0.4409166277029249,0.10315930957939136,0.049094837568438854,0.5260103856444359,0.0018043986521661284,0.039670492307692304,0.007712240145737959
site_37c98a51b9f80f45,14,0.055962082742036984,-0.010574002964156016,0.054954027751754585,0.025886033583650426,0.0396090279331487,0.054954027751759574,1.5301312116880545,-0.3808483497011388,0.04384456586757231,-0.14803604149818422,-0.00546688336346831,0.009381214285714288,0.021964251313325356
site_38d8c6108ca3a5d7,64,0.11624570454966197,-0.09454507073126735,0.06763352295028671,0.05951577776299639,0.02609863386810854,0.0676335229502868,0.4385162195483434,-0.11299534619954439,0.8648360848798273,-6.05088452680111,-0.011232861892832444,0.226696179375,0.04359287614602125
site_38eb3791b353069b,391,0.12092197594001401,0.10145791955478965,0.0657906894997397,0.08968391558567322,0.04332053838658858,0.06579068949974021,0.4830357606900576,0.7195926810164234,5.717250587707795,39.67004654592275,1.0931302219940267,3.1448930434782607,0.7337775970266227
site_3a5236be8f7914ba,321,0.08571846938384642,0.028251570771787766,0.08092901051190535,0.08926697840568895,0.04190287153663323,0.08092901051190536,0.4694106632152207,0.42439554425997617,2.358597573916523,9.068754217743873,0.5095777631489287,2.557918492211838,0.5636280564080036
site_3ca3ac940f9bb99a,121,0.07203242750399323,0.01751220659677647,0.06987126184798624,0.07553395566072002,0.04833573104852009,0.06987126184798666,0.6399205579227484,0.4327222228110992,0.6278291440662829,2.118976998209953,0.19116355135199453,0.6903507933884299,0.28269749041537917
site_3e51154ef3d04419,218,0.08033321502237876,-0.06477656627630969,0.04751233415948536,0.04633495752522682,0.032254151160432405,0.04751233415948554,0.6961083571269446,0.3110873005138715,1.4068467450113196,-14.121291448235512,0.10135219579415583,0.4680303669724771,0.22679199822344498
site_413c6e860ea2e615,280,0.1665877480529406,0.1410330199975627,0.088663211489981,0.08637400590925041,0.04250868560135078,0.0886632114899811,0.49214674199565195,0.191507076522156,7.770413784378004,39.489245599317556,0.19688090473080316,2.088931291107143,0.5059567384352563
site_42d0b232cf256027,319,0.12251507466116911,0.11677834670072813,0.03705079298849591,0.04784889846326821,0.03493391112769324,0.03705079298850187,0.7300880950166635,0.6392674569834023,4.788171982634957,37.252292597532275,0.3408728681749498,0.7303559498432601,0.3893006287901448
site_4689968a649fae30,347,0.0543952603136532,0.02812024920646326,0.046562817023420064,0.04196901081667357,0.04239642965380061,0.04656281702342019,1.0101841532313942,0.3908084305964829,1.026718987572763,9.757726474642752,0.24129671897281835,0.611205060518732,0.6237176648442134
site_47749587de8e2aac,174,0.06399676942533951,-0.046437484833015796,0.04403574115719523,0.03895586163553496,0.04128039860934403,0.044035741157198625,1.059671045029297,0.39875418266573026,0.7126320504571321,-8.080122360944749,0.1115761050289047,0.26405529310344833,0.29650840782626187
site_48bc99c681181b96,285,0.1341326881304762,0.12099531025468255,0.05789398001071184,0.07314373761795274,0.04791708794744796,0.05789398001071417,0.6551085507515405,0.6126309599497447,5.1275997371556645,34.48366342258453,0.6119435566764129,1.524751810526316,0.6543734854485868
site_48c0bfa2a3485fb7,49,0.030324628773250862,-0.011167090514728003,0.028193602105288814,0.016716719565639512,0.02457444157626643,0.028193602105288873,1.4700516737014673,0.10768235185804019,0.045059572401538225,-0.5471874352216721,0.002167580957680333,0.013692986938775508,0.029591255760481272
site_4f44a81224b8cd25,122,0.13796954899754976,-0.11985486589005735,0.06834038025255382,0.08460806814270194,0.05296393893458468,0.06834038025255425,0.6259915880038115,0.590614583568133,2.3223427669716488,-14.622293638586997,0.3228910834038112,0.8733400737704917,0.34223181695090266
site_4f9a1ac96b88317a,155,0.04564014426717234,0.012569506834399313,0.043875166856301454,0.0320083339823994,0.04074665345141893,0.04387516685630181,1.2730013837591336,0.29127971800044844,0.3228685291528872,1.9482735593318936,0.05888395324916608,0.15880268387096774,0.2573449139609547
site_58667ddb3903bbc2,655,0.054868967667560026,-0.005738009065071136,0.05456811216152626,0.04128841774367525,0.04287251405046152,0.05456811216152653,1.0383666023876377,0.15962228644498502,1.9719453664519548,-3.758395937621594,0.1850725542606288,1.116600403053435,1.2039243619595983
site_5bf25e0531f88e2f,64,0.06107932793530745,0.054006065512634815,0.028531196765537642,0.018378774856730114,0.024777626520925813,0.028531196765538076,1.3481653001398244,0.15117069361060193,0.23876379526584507,3.456388192808628,0.004405790475872345,0.021617879375000003,0.03929156966467112
site_6198a28ec3f8f86a,57,0.04367750818248716,0.031714719279188855,0.030031671649668114,0.023082048575705227,0.024894210301017877,0.030031671649668336,1.0785095707328172,0.21806237711446866,0.10874030909878028,1.8077389989137649,0.00714213907033728,0.030368515087719296,0.03532413727114436
site_63012b87359e4210,279,0.13044516071885,0.12387694622432033,0.04087104291675794,0.02813350990489114,0.04650801665661445,0.040871042916757944,1.653118178778284,0.4906812616536376,4.7474472474356855,34.56166799658537,0.17912467420969064,0.22082693189964156,0.6034757761196077
site_63148af2428e7132,232,0.0633809508024634,0.03556958564602095,0.05245902688379443,0.05909645109568456,0.03627169565462104,0.0524590268837957,0.6137711314659592,0.4796010286981517,0.9319776225128346,8.25214386987686,0.2385049245958698,0.8102346034482758,0.3052275301134575
site_651ac46c08004df7,173,0.11466936664331924,-0.06512208003777299,0.09438314647188799,0.09980063853320548,0.0299578646321454,0.09438314647188814,0.3001770837586162,0.3260173967985175,2.2747880108237357,-11.266119846534728,0.16862852934719513,1.7231089691329482,0.15526294202400504
site_655489b2dd82c473,474,0.15478607770864783,0.1523830942317906,0.0271684089481291,0.021242634786211533,0.03316081858092136,0.027168408948129406,1.5610501670181633,0.5769025103997394,11.356437950050665,72.22958666586875,0.1926257735121099,0.21389227848101267,0.5212293073655134
site_6770b4e6f1f2e8bb,102,0.04553422758174844,0.007412131360932887,0.044926898292167186,0.05010192226231529,0.04051652048021891,0.0449268982921672,0.8086819557159756,0.5254708277055756,0.21148331990957892,0.7560373988151544,0.10880160765846572,0.25604066666666664,0.1674420200460478
site_68a69fed5c9dc2db,213,0.1362777750840316,0.0780638148549577,0.11170350393852824,0.11758347677666489,0.03579338674281719,0.11170350393852824,0.3044083039898732,0.3123721065022436,3.9557576121348816,16.62759256410599,0.28002766572267795,2.9449111643192487,0.27288847185294784
site_68fa0f241abecf2a,353,0.02861352694549056,-0.01769189468321652,0.02248845896850847,0.023997537504712337,0.02824127609515757,0.02248845896851107,1.1768405858147697,0.6401753742723006,0.289013075263891,-6.245238823175432,0.15315270266654468,0.20328627762039653,0.28154209544547015
site_6cb3e406456efe20,57,0.028572388378936005,-0.008184362231011976,0.027375127260861123,0.017173260439273388,0.022600276226252332,0.02737512726086125,1.316015459392204,0.07252358130556241,0.04653373852757516,-0.4665086471676826,0.001604429361485599,0.016810489824561407,0.029114031673665663
site_6ce971c90b49aeb0,61,0.11245056655353212,0.10700269083136418,0.03457678517528557,0.005452010963127147,0.03381665457183151,0.03457678517528665,6.202602085824688,-0.06037769549788245,0.7713529250108319,6.527164140713215,-0.0006790374541013957,0.0018131898360655744,0.06975753371226495
site_6d764ff710881490,695,0.05754498922453048,-0.03714018920359852,0.043954887450342005,0.0607032672423808,0.0430544286333387,0.043954887450342296,0.7092604828242206,0.6899707209116787,2.301440920471674,-25.81243149650097,1.253272075954637,2.560996224460432,1.2883102583355626
site_6ed688016a61001c,64,0.08012548576171856,0.07518054713141173,0.027712430452288783,0.02774910172391847,0.023984867383788595,0.02771243045228952,0.8643475245584157,0.43370168569645834,0.4108859819872873,4.811555016410351,0.018473846666538153,0.049280809375,0.03681752725874726
site_6f4dcb1e04a51328,200,0.04782759264954137,-0.014871423320770264,0.045456785929769754,0.0490303334681705,0.04636709097981761,0.0454567859297699,0.94568173822269,0.5471030126140383,0.4574957237300927,-2.974284664154053,0.2487561338865757,0.48079472,0.4299814251861367
site_70208b23c7d145de,50,0.1651780471335326,-0.1601990137498379,0.04025000929722591,0.024111459847964405,0.03039696505898491,0.040250009297225914,1.2606853857316795,-0.07826639919270945,1.3641893627423758,-8.009950687491894,-0.002868131690740583,0.02906812479999998,0.046198774239857465
site_7062702ffcf77fca,299,0.16202836974549545,-0.15611296300425578,0.04338127919292897,0.029761218302947087,0.032418028063473166,0.04338127919292907,1.0892708669880962,0.028359905373833073,7.849704588112512,-46.677775938272475,0.008181129460749434,0.26483330434782615,0.31422763451371605
site_70dba7fc35b9a591,3,0.022719055688435,-0.0141661560535431,0.017761630388026736,0.02408780235351955,0.01529469486920158,0.01776163038803785,0.6349560098813589,,0.0015484664741226319,-0.0424984681606293,0.0007480115989844004,0.001740666666666666,0.0007017830734259434
site_70ecc850263e23bf,232,0.05963564524164849,-0.047695777193225666,0.035798366182298404,0.04718470183488844,0.040914765189394915,0.03579836618230236,0.8671192907516154,0.6782755497551605,0.8250871625459585,-11.065420308828354,0.3037913648656987,0.5165238922413793,0.38837217843677063
site_72da2835c7ea074f,42,0.07472946840969365,0.05697682913655327,0.048354259278158895,0.051533485195277465,0.02250960811065574,0.04835425927815911,0.4367957654204711,0.35527982290822835,0.23454872484940686,2.3930268237352372,0.017309211429882617,0.11153940404761904,0.02128066320640254
site_72f791e7a3b14404,88,0.08186641785593725,0.025668788595633082,0.07773817379251727,0.07397884372022732,0.039196952968570765,0.07773817379251728,0.5298400326018278,0.16657442114113585,0.5897857127855372,2.258853396415711,0.04250605812668798,0.48161249999999994,0.1352032987377907
site_73483f87b1a225a5,304,0.14252693774691952,-0.13320878830728564,0.05068872361007956,0.062426908784939956,0.04660316447207044,0.050688723610079596,0.7465236606960286,0.6014569493873434,6.175434106988339,-40.49547164541483,0.5319433310613233,1.1847241578947367,0.660243901398498
site_734a8ec3d3587deb,632,0.08818418001364842,0.07996040373512461,0.037185796202251986,0.009687454611954395,0.03975267182980458,0.037185796202251986,4.103520834125971,0.3782609554081838,4.914716150157474,50.534975160598755,0.09206288866576137,0.05931116297468354,0.9987337479283437
site_74d6733a337aa5b5,273,0.11613177807339044,0.07960972614449896,0.08455105783894774,0.06424313294994327,0.08246816809290343,0.0845510578389487,1.2836884551872754,0.35667118510184276,3.6818390368270077,21.733455237448215,0.5158741084958661,1.1267201758241758,1.8566726583676296
site_75a0a6603ab1116e,620,0.07314885612517422,0.050711851597889775,0.05271682141342592,0.07650898315310267,0.05876317881509042,0.05271682141342604,0.7680559379216817,0.7259565795952816,3.3174681945012914,31.44134799069166,2.0235784525687053,3.629247191935484,2.1409289343616607
site_82c39951fac19c89,248,0.13070697942382342,0.12163661211440639,0.0478419174305257,0.05669815059556472,0.027905415961233606,0.04784191743052791,0.4921750651143203,0.53866739478555,4.23690998858475,30.165879804372786,0.21136338872967225,0.7972407096774193,0.19312063551242886
site_86b7f22d3a648755,201,0.09938996393915188,0.003044187939344945,0.09934333320165907,0.09991596947146085,0.032319449160459264,0.09934333320165917,0.3234663020478495,0.1794003868294751,1.985551351297008,0.6118817758083339,0.11644431473307347,2.006623392039801,0.2099539056011377
site_8e6ad22dcccafcc7,463,0.1707760436866779,0.1635969640134993,0.04899480036534432,0.04831917500000613,0.04141451139287921,0.048994800365344426,0.8571030319303663,0.41212372711107664,13.503143636037915,75.74539433825018,0.3818393326086308,1.0809858574514037,0.7941198920607568
site_8fd20385af85644b,481,0.0552549591018856,-0.013521473720267008,0.05357499653554052,0.04420314789184387,0.04543918058709934,0.053574996535540535,1.0279625491442326,0.28586652228755743,1.4685461530738555,-6.503828859448431,0.2761798975071918,0.9398346943866944,0.993129902697399
site_912580bb93bae080,1,0.08728213834762573,0.08728213834762573,0.0,0.0,0.0,0.0,,,0.007618171674534078,0.08728213834762573,0.0,0.0,0.0
site_91ea89ee8d5d5b53,201,0.12332059191911625,0.03652764677289706,0.11778666907810775,0.11579388137884533,0.04501115036534669,0.11778666907810806,0.3887178651355743,0.14970476563393492,3.056801646647521,7.342057001352309,0.15683298455215805,2.6950528159203984,0.40722673509958174
site_91ee6299c921b981,276,0.10051901613520256,-0.036786271185978596,0.09354593982114218,0.10420192717644038,0.0293383365741761,0.0935459398211422,0.28155272526292946,0.4854152430485661,2.788724038921795,-10.153010847330092,0.4095752733220225,2.9968194891304347,0.23756368605134037
site_947d9a648844f933,320,0.0950537316979048,0.08079148252680898,0.05007941953355284,0.055625665375233946,0.046153629706970796,0.05007941953355295,0.8297182495819573,0.529037516037391,2.891267811103128,25.853274408578873,0.43462782763969154,0.9901486875000001,0.6816504112410167
site_952481bd3cb76606,479,0.17534675121481194,0.17175727585163394,0.03529761116017443,0.029900922627341987,0.03428076601315069,0.03529761116017443,1.1464785364784593,0.40160655015468966,14.727565434401203,82.27173513293266,0.19718387994255426,0.42825721832985386,0.5629068699367776
site_96e92296d2491d86,472,0.07016898820122397,-0.039957533904127145,0.05768086675392489,0.06692255395246678,0.0567179141415774,0.05768086675392537,0.8475156847998142,0.5754483752849217,2.323980219246616,-18.859956002748014,1.0309583589355067,2.11391252338983,1.5183870823176748
site_978ff47db3a1c5a1,69,0.05743883091919721,-0.008691235390262328,0.05677747550530207,0.0593646399002756,0.041202283885751846,0.056777475505302065,0.6940543049695238,0.40845066304726957,0.22764613151812463,-0.5996952419281006,0.06893468953820243,0.24316707246376817,0.11713634562074393
site_98b84b664f32321c,1154,0.1254002350998762,-0.11901313165886461,0.03951067521384539,0.03569401964216632,0.039788955291646305,0.03951067521384572,1.114723297923065,0.4563108078936933,18.146902683422265,-137.34115393432975,0.747867324789263,1.47026874610052,1.826967751533525
site_9a39d33121ec563e,356,0.06719427893528242,-0.019504093399208586,0.06430133328561304,0.0965169505221816,0.04577638077105747,0.06430133328561308,0.4742833307869286,0.8234510415279362,1.6073653193011836,-6.943457250118256,1.2951880415877266,3.316325738764045,0.7459898249928751
site_a408c1f09c2d83d9,471,0.04168788191095416,0.001984472649112629,0.041640621591501045,0.07592945860761267,0.0492536008179451,0.04164062159150117,0.6486757804039833,0.8633161954892205,0.8185412436624014,0.9346866177320481,1.520684379446959,2.7154481443736733,1.1426069981542701
site_a42d63e8b2f931d6,6,0.0676476208599728,0.05968198704719543,0.031847465050032234,0.04027819923151149,0.014936764979511609,0.03184746505003223,0.37083993983092195,,0.027457203648087763,0.35809192228317255,0.002493537753820419,0.009733999999999998,0.0013386416883189867
site_a5c2bfa9bb36639b,63,0.058534812310379485,0.03738489809376853,0.04504102182155614,0.042714413889728825,0.022103511015262815,0.045041021821556435,0.5174719492189465,0.15060963037546574,0.21585842788931528,2.355248579907417,0.008958370252071864,0.11494483269841269,0.030779607549716204
site_a62049e3761071cb,125,0.044494703100765594,-0.0019505127887725871,0.04445193026051978,0.03588600975310574,0.04376488330913674,0.04445193026052119,1.2195527897985128,0.3906908167348706,0.2474723255031599,-0.24381409859657338,0.07669978769850735,0.16097571200000005,0.2394206263827945
site_a6a5e3eb9fd3c985,398,0.07509893504152226,0.020919179210860523,0.07212654147756345,0.07664233374602657,0.036406216529732964,0.07212654147756407,0.475014456767118,0.3578920604560164,2.2446603176595707,8.325833325922488,0.39744716576793826,2.3378708341708543,0.5275142155999011
site_a85f5d6458d2ef6d,597,0.052279563238214796,0.04915019972889468,0.017816020851701496,0.014328821441996683,0.012606447633566172,0.017816020851701753,0.8797965474409245,0.12961748170548193,1.6316921812299647,29.342669238150123,0.013977873489560196,0.12257312897822446,0.09487674559689413
site_a8f474364dc17adf,79,0.03939953250710391,-0.009558168402201006,0.03822256635252928,0.0449941227090031,0.0284226855964125,0.03822256635252937,0.6316977392855192,0.5361658825263268,0.12263352978048866,-0.7550953037738795,0.05416854447352734,0.1599332151898734,0.06382007546448865
site_a9866d1cfd06e947,47,0.0437883871068175,-0.032760420681821535,0.02905473596793784,0.01939283818652977,0.02693206929312497,0.029054735967937933,1.3887636783269783,0.24626281447058096,0.09011887373457554,-1.539739772045612,0.0060451599085426105,0.01767586212765958,0.0340908087512552
site_ac240db4268c6c54,93,0.20657491846709788,-0.2043714593802729,0.030091585708726058,0.02771704726724942,0.01670199973821591,0.030091585708726106,0.6025894308717028,0.15303386952573442,3.968607315390997,-19.00654572236538,0.006588490791218249,0.07144582795698927,0.02594298195874889
site_b0b863b5597ced77,72,0.044272340621007045,-0.02893870336148474,0.03350509799744604,0.039832052416255904,0.014009497079936041,0.03350509799744625,0.3517141656054512,0.5916082826270075,0.14112289037249787,-2.0835866420269014,0.02376960538700223,0.11423465277777775,0.014131152607157027
site_b2267c975c71dbb8,508,0.16217194358399523,-0.15632596706862995,0.043150102037749084,0.047144189109307344,0.028009080948124737,0.04315010203774975,0.5941152340786597,0.4336167644614688,13.360267557191747,-79.41359127086402,0.29086857662198873,1.1290678799212597,0.39853037670377084
site_b2eaf44be71ff0ae,175,0.12341496368604897,0.08960743360928128,0.08486319051029742,0.09189587115150429,0.0238607198877406,0.08486319051029943,0.2596495314615668,0.4132855905440715,2.6654693207850375,15.681300881624223,0.15858709865842546,1.4778489485714286,0.09963344187321344
site_b42936ae6e6a0d03,205,0.07071859045087173,-0.052580606217500644,0.04729057924320932,0.048827271224481,0.04123187863676336,0.04729057924320931,0.8444436398503985,0.4589048585028259,1.0252294022484159,-10.779024274587632,0.18939656296372415,0.4887409951219512,0.34851390226294043
site_b843de06c1a6a47d,60,0.22461567376020974,-0.21696741555213925,0.05811489901374925,0.059400332397124576,0.026995559948639235,0.0581148990137501,0.4544681630425695,0.27433534137014876,3.027132053925178,-13.018044933128355,0.026394547753532723,0.21170396933333327,0.04372561541643449
site_bd599065e701bf2f,119,0.0849452975343302,0.012695797425358238,0.08399119180563014,0.08095556961143692,0.043130416912965736,0.08399119180563014,0.5327665177328643,0.1946812823214415,0.8586687252103101,1.5107998936176303,0.08089125038946374,0.779902705882353,0.2213677107072627
site_c0951b8580287e99,49,0.13383172958545353,0.058536921282203835,0.12035098957065134,0.11004043783620489,0.044629017069355195,0.12035098957065161,0.4055692429703474,-0.03906677196168406,0.8776356603478639,2.868309142827988,-0.009400982388428281,0.593336,0.09759570906426307
site_c29be1fac6229539,569,0.15166008534766998,-0.10885109068712576,0.10560407920097435,0.10434028257240266,0.055546423811997286,0.1056040792009744,0.5323583801246956,0.2432893214087577,13.087444666479986,-61.93627060097456,0.8023122540751246,6.194643008787347,1.755595557833849
site_c2fa2fe516862278,62,0.1332341295425977,-0.1305892765216289,0.026415414676496083,0.010557622597021771,0.030637889712455603,0.026415414676496496,2.9019686421731277,0.5446824627811406,1.1005826630483695,-8.096535144340992,0.010923456000476594,0.006910730483870973,0.05819817773402075
site_c8f87af663a64c0b,65,0.09935423908408646,0.09563313872337341,0.02693636207608274,0.007294977764991198,0.028953424925801566,0.026936362076083346,3.9689531426332594,0.3928467081836315,0.6416322135585578,6.216154017019272,0.005393372193036171,0.0034590855384615386,0.054489552970711785
site_c90d703c921023d7,461,0.09254037787744629,-0.051205683459558095,0.07708242029892476,0.07698737234376563,0.03561124919162491,0.07708242029892494,0.46255961344690155,0.22860911614064905,3.947875628879954,-23.605820074856283,0.288935680081587,2.732372585683297,0.5846222528034706
site_c91d0d6c46ea62b9,216,0.04614353137374864,0.030485810896864647,0.03463871853288938,0.036788231131164015,0.023698933790541478,0.034638718532889794,0.6441987848245755,0.41015041191854185,0.45991270533026696,6.584935153722764,0.07723863982450631,0.29232877314814815,0.12131412396662922
site_cbe94aaae2e082ea,55,0.12205266778697484,0.11252113256736235,0.04728475906331459,0.035672295614105995,0.03237346618012203,0.0472847590633146,0.9075240497648407,0.036674280074940356,0.8193269542654705,6.188662291204929,0.0023294025485488517,0.0699881970909091,0.05764227218835277
site_cd09f5e742102c10,296,0.058424534831196584,0.01094692192125965,0.05738981765689404,0.07285254170143542,0.046056325501499844,0.05738981765689595,0.6321855686277642,0.6161985025554741,1.010374175991544,3.2402888886928567,0.6119928434944234,1.5710178783783784,0.6278707951352311
site_d15ecf104b47687d,275,0.1529749257450639,0.14025936281637713,0.06106258305256752,0.06703114026547106,0.042545451539108194,0.06106258305256775,0.6347117380162502,0.4513968108194612,6.435365174344651,38.57132477450371,0.35401439739931717,1.2356227854545454,0.49778174783331597
site_d2c6c5fd07d735c9,232,0.03793143283836428,0.018117831281546894,0.033324732359386496,0.04566297997329584,0.032270684443188515,0.03332473235938928,0.7067143769868004,0.6840392185410374,0.33380011454375097,4.203336857318879,0.23385217520723053,0.4837449956896551,0.24160412126818898
site_d4fedf73db2d1d72,116,0.09762876061985773,-0.02717453542505872,0.09377056854152965,0.10759701122804521,0.03113403240833647,0.0937705685415297,0.2893577809735794,0.5602395543190851,1.10563948841966,-3.1522461093068115,0.21770446592736345,1.3429455517241382,0.11244204498438809
site_d5fa35b8748ecd00,91,0.08252802781052757,-0.00956638609970009,0.08197170018540957,0.0761521129466754,0.041523223070950015,0.08197170018541208,0.5452668542503364,0.12712556780130163,0.6197896590608641,-0.8705411350727081,0.036580304176597814,0.5277221318681319,0.15690020293218865
site_d74ec077de336965,56,0.07974019465014609,0.06981948980689048,0.0385193131552044,0.028267890984547923,0.025698516434870502,0.03851931315520458,0.9091062523524688,-0.016690974322618835,0.3560759239992185,3.9098914291858673,-0.0006790021918714017,0.044748125,0.03698316982938532
site_d830d9e3fbd26651,1016,0.08463229905201992,0.07350299554189126,0.041951587445521625,0.061704136661023076,0.032082382275060675,0.041951587445523436,0.5199389216205709,0.7771063959135499,7.277228059515821,74.67904347056151,1.5629859745175776,3.8683188887795277,1.0457477204822174
site_dc096381800c2a0d,62,0.04427282008444623,0.02509876073637317,0.036471013253377524,0.03931638298297141,0.02321360648326327,0.036471013253378544,0.5904308769531896,0.41335341365752143,0.12152512109024424,1.5561231656551364,0.023389955361956552,0.0958382341935484,0.033410034609507755
site_ddd5a78c36a9e7a3,440,0.09353893529542925,-0.08141790313842621,0.0460505967903169,0.053664866078652146,0.021816498331692066,0.04605059679031741,0.4065322421510833,0.5275203515299153,3.8497942631291,-35.82387738090753,0.2717483969094401,1.2671638545454547,0.20942222376095804
site_df5a72d9e6b0c9b0,183,0.0732508933962445,-0.04393212658460024,0.05861451728968378,0.057800292725652104,0.03668121405686868,0.05861451728968779,0.634619866563225,0.2949562702864414,0.98192188915268,-8.039579164981843,0.11444121550797114,0.611379912568306,0.2462285980375052
site_e0819506e4cfd43e,136,0.06520962634782917,-0.007702034821405131,0.06475317774467412,0.04717349940676732,0.056506948875064605,0.06475317774467562,1.197853659060077,0.22985186442250435,0.5783121701055957,-1.047476735711098,0.08332721968028038,0.30264611029411764,0.4342527968790064
site_e35bffa822780b41,64,0.050860905659699036,-0.021458590138703573,0.04611247807030044,0.057870796199243485,0.03773667778339706,0.046112478070302707,0.6520849938451403,0.605976450533404,0.16555723036958755,-1.3733497688770286,0.08469520861050112,0.21433785937499997,0.09113963840818773
site_e443401d44fc1f23,417,0.08254912423163113,-0.03392974735206837,0.07525377170636752,0.055046569827378704,0.049460938823225865,0.07525377170636756,0.8985289906043392,-0.03427184778194184,2.8415872490576657,-14.148704645812511,-0.03891044451423185,1.26356206235012,1.02014232368763
site_e4827c2c7a3df4be,724,0.06021401860943557,0.05831267517418163,0.015011993576065589,0.011523235806291205,0.01461526863145936,0.015011993576066467,1.2683302569821606,0.3593235615500854,2.6250270988585562,42.2183768261075,0.043813254395108775,0.09613631353591161,0.1546507998708772
site_e4ae50497c1a098c,230,0.060845992800008186,0.04087975661806438,0.04506750868049474,0.05770567456608279,0.036206193478850596,0.04506750868049581,0.6274286498009543,0.6245511569685792,0.8515140131582891,9.402344022154807,0.300121593239126,0.7658873217391304,0.30150434263243153
site_e6f4ed93ce9ba081,116,0.16307082516018578,-0.1452474280015148,0.07413014688619365,0.06679552171489701,0.02434876534757259,0.07413014688619365,0.36452691321882774,-0.13550716401759486,3.0846829061371697,-16.848701648175716,-0.02556492577062855,0.5175504396551723,0.0687720353783336
site_e84e6fd19eaae8f3,29,0.20416632091496026,-0.20242655805883733,0.026596525870923093,0.014173707466755161,0.01759797514258258,0.02659652587092309,1.2415929412864728,-0.39448666683610456,1.2088327112825656,-5.8703701837062825,-0.0028534909009933513,0.005825925517241379,0.008980973144449678
site_e98d1003be09654d,200,0.07227223186032086,0.030836007418632506,0.06536372193005856,0.0681847959592166,0.03826490436088819,0.06536372193005856,0.5611940876639947,0.3527967420618099,1.0446550996143955,6.167201483726501,0.18409531611979008,0.92983328,0.292840581149584
site_e99ab7a415991029,191,0.14496498026689558,0.13957976173980077,0.039145058646550546,0.029451224649762794,0.04102544564590442,0.039145058646550907,1.3929962551229547,0.4213227936632964,4.0138354912222525,26.659734492301947,0.09723105280421167,0.16566855497382196,0.3214696533750061
site_ec20e4065643efdb,238,0.07649412506167975,-0.05981640814332402,0.047679644354621444,0.044916843670438335,0.04480250203491022,0.047679644354624955,0.9974543706506394,0.43516445036971085,1.3926215782105529,-14.236305138111117,0.20842118722618627,0.48017043718487395,0.47772887688397603
site_ed130293b294c5a2,38,0.0463205834445913,0.035408245664207555,0.02986390111205286,0.029900506416004363,0.01585889119285927,0.029863901112052938,0.5303887155694039,0.26750113300146916,0.08153266512459913,1.3455133352398871,0.004820150359229821,0.03397353078947368,0.009557168334944077
site_ed9138fe753e1f02,22,0.10975505287592839,-0.08633682693622328,0.06776521191867159,0.05105530808320594,0.02079353194942897,0.06776521191867163,0.4072746347067635,-0.7314802984663228,0.26501577589955244,-1.8994101925969122,-0.017084193411774255,0.057346178636363626,0.009512161360502314
site_eda005e51a299a0e,169,0.2692090158240314,-0.2652083657602587,0.0462386951774856,0.026409394379286518,0.03514568964508017,0.046238695177485724,1.3308025598892843,-0.11061546293822555,12.248020519959464,-44.82021381348372,-0.017351341506829987,0.11787008284023666,0.20875209560618196
site_f2406d461022e2ab,624,0.04873696941807074,-0.009476230076681347,0.047806832687302785,0.05640062126338206,0.04483686945020594,0.0478068326873028,0.7949711979381361,0.5745512352742496,1.4821823253481687,-5.913167567849161,0.9066350870923354,1.9849627692307694,1.254455193947162
site_f35139d0576344b1,168,0.2557637271440757,0.24868687824230817,0.059748813483822334,0.04239187551517245,0.052975924079923783,0.059748813483824686,1.2496716277854516,0.23012345343416923,10.989734132601706,41.779395544707775,0.08682231004363192,0.30190794642857144,0.4714833533964706
site_f39ad74b903eb489,71,0.1447647363031915,-0.13237952491599067,0.05858745821376082,0.0535129163457776,0.02765722835309091,0.05858745821376096,0.5168327619145576,0.06623706960811525,1.4879348502622123,-9.398946269035338,0.006960280379988773,0.20331788732394362,0.054309481892426126
site_f468c03f1fedb166,90,0.11812634467426246,0.015663113110595282,0.11708330450490091,0.10540571821347627,0.07211003304266377,0.1170833045049019,0.6841187960658893,0.17114769111599354,1.255844997549239,1.4096801799535754,0.11707749466763606,0.9999328888888889,0.46798711788726544
site_f8577ef511842081,226,0.06124760260275191,-0.05187610612242622,0.032559767169919915,0.03435611387933237,0.04355026001631178,0.03255976716992013,1.2676130999353314,0.6739758793791406,0.8477867543561246,-11.723999983668326,0.227901707534703,0.26675741876106196,0.4286372833323704
site_f956c78502603f81,322,0.07093341777427681,-0.05750262703519801,0.041533090917857333,0.04616469603229983,0.024079207396218542,0.04153309091785781,0.5215935436761279,0.44349653971719166,1.6201590217991084,-18.51584590533376,0.15874434933038603,0.6862396894409939,0.18669824968329407
site_fb1db350263dd164,357,0.05462087017106314,-0.02552689484354495,0.048288892075618525,0.0637869730184543,0.040005007650449974,0.04828889207561852,0.6271657951048415,0.6539234329479919,1.0650878865931561,-9.113101459145547,0.5957190216950738,1.4525537198879555,0.5713430274491842
site_fb318c5726a2f05c,307,0.08759852909611686,-0.05872374119141202,0.06500018861732088,0.07370543023089933,0.047744053596697554,0.06500018861732233,0.6477684676302444,0.49544821418809293,2.3557652060395924,-18.02818854576349,0.5352484488885983,1.6677745667752442,0.6998048587302088
