strategy,depth,seed,fold,selected_epochs,fitted_epochs,identity_reuse,additional_training_seconds,gradient_sites,permitted_sites,oof_records,oof_sites,oof_rmse,oof_mse,oof_bias,oof_ubrmse,oof_r2,oof_range_violation_fraction,test_records,test_sites,test_rmse,test_mse,test_bias,test_ubrmse,test_r2,test_range_violation_fraction,oof_baseline_records,oof_baseline_sites,oof_baseline_rmse,oof_baseline_mse,oof_baseline_bias,oof_baseline_ubrmse,oof_baseline_r2,oof_baseline_range_violation_fraction,test_baseline_records,test_baseline_sites,test_baseline_rmse,test_baseline_mse,test_baseline_bias,test_baseline_ubrmse,test_baseline_r2,test_baseline_range_violation_fraction
warmup_floor10,5,7,0,18,18,True,0.0,736,736,35587,185,0.0794865423491462,0.006318110414622612,-0.009880641645265371,0.0788700407968733,0.4355048365170363,0.005423328743642341,53044,259,0.08075013572549511,0.006520584419685881,-0.007100961541196916,0.08043730953280526,0.45892970224595564,7.540909433677702e-05,35587,185,0.0794865423491462,0.006318110414622612,-0.009880641645265371,0.0788700407968733,0.4355048365170363,0.005423328743642341,53044,259,0.08075013572549511,0.006520584419685881,-0.007100961541196916,0.08043730953280526,0.45892970224595564,7.540909433677702e-05
warmup_floor10,5,7,1,11,11,True,0.0,735,735,32799,186,0.09334172734492788,0.008712678063734856,-0.005352138379486149,0.09318815739406852,0.3184669253069593,0.0,53044,259,0.08096738643826308,0.006555717666643027,-0.003934276753785487,0.08087174496118932,0.45601438742620126,0.0,32799,186,0.09334172734492788,0.008712678063734856,-0.005352138379486149,0.09318815739406852,0.3184669253069593,0.0,53044,259,0.08096738643826308,0.006555717666643027,-0.003934276753785487,0.08087174496118932,0.45601438742620126,0.0
warmup_floor10,5,7,2,7,10,False,48.514264400000684,741,741,33814,180,0.08585999877506913,0.007371939389654872,-0.010102675723682994,0.08526356392314938,0.4005460650074043,0.0,53044,259,0.08345480430238822,0.006964704361149914,-0.010064112805192687,0.08284574819865091,0.4220771605871162,0.0,33814,180,0.0846426587057144,0.00716437967277205,-0.0008817245723354114,0.08463806610828599,0.41742391525207123,0.0,53044,259,0.08407199768812913,0.007068100795272789,-0.0027409981443904954,0.0840273034462325,0.4134974481262712,0.0
warmup_floor10,5,7,3,6,10,False,49.19973379999283,736,736,32978,185,0.0779764887312602,0.006080332794856348,0.014848939713373923,0.07654960342317219,0.4015611139688797,0.0,53044,259,0.0837733088348197,0.007017967273134082,0.0006953209383236363,0.08377042319295522,0.4176574678430861,0.0,32978,185,0.07773745706389198,0.0060431122307604505,0.008998447838325686,0.07721489601923572,0.40522443860365,0.0,53044,259,0.08414922115453488,0.007081091420914821,-0.004685266725870897,0.08401868659186638,0.4124195015448383,0.0
warmup_floor10,5,7,4,23,23,True,0.0,736,736,33265,185,0.09121719674532588,0.008320576982075492,0.021414508571444495,0.08866789613337527,0.34043763914705283,0.0,53044,259,0.08576606118400945,0.007355817251019253,0.016242736654608587,0.08421395820758153,0.3896230806831492,0.0,33265,185,0.09121719674532588,0.008320576982075492,0.021414508571444495,0.08866789613337527,0.34043763914705283,0.0,53044,259,0.08576606118400945,0.007355817251019253,0.016242736654608587,0.08421395820758153,0.3896230806831492,0.0
warmup_floor10,5,555,0,20,20,True,0.0,736,736,35587,185,0.0794882954819908,0.006318389118632277,-0.002581648658343449,0.07944636057641125,0.43547993554899767,0.000758704021131312,53044,259,0.08121540963137396,0.00659594276159187,-0.0028009977052281935,0.08116709415426411,0.4526765571489876,0.0,35587,185,0.0794882954819908,0.006318389118632277,-0.002581648658343449,0.07944636057641125,0.43547993554899767,0.000758704021131312,53044,259,0.08121540963137396,0.00659594276159187,-0.0028009977052281935,0.08116709415426411,0.4526765571489876,0.0
warmup_floor10,5,555,1,4,10,False,51.05317199998535,735,735,32799,186,0.09118637329216649,0.008314954674178332,-0.001503556312972146,0.09117397650970399,0.34957809945788376,0.0,53044,259,0.08214981302819536,0.006748591780567456,-0.0009871347332945076,0.08214388197294903,0.4400099240938845,0.0,32799,186,0.09086078750103069,0.008255682705307455,0.0008493650527562917,0.09085681748946862,0.35421453924048285,0.0,53044,259,0.08482874835021438,0.007195916546663999,0.001816988763555882,0.08480928662886579,0.4028914499194064,0.0
warmup_floor10,5,555,2,12,12,True,0.0,741,741,33814,180,0.08230325535394249,0.006773825841856263,-0.0020420855556916623,0.08227791762337874,0.4491820481387093,0.0,53044,259,0.0829023941703812,0.006872806959181254,-0.0036047788705829615,0.08282398522454382,0.42970269711048215,0.0,33814,180,0.08230325535394249,0.006773825841856263,-0.0020420855556916623,0.08227791762337874,0.4491820481387093,0.0,53044,259,0.0829023941703812,0.006872806959181254,-0.0036047788705829615,0.08282398522454382,0.42970269711048215,0.0
warmup_floor10,5,555,3,8,10,False,53.42512530001113,736,736,32978,185,0.07444874108788695,0.005542615049571226,0.0026568058556737948,0.07440132009727034,0.4544844027664622,0.0,53044,259,0.08367259529126277,0.007001103202775449,-0.011645913467257506,0.08285816738432367,0.41905682823519186,0.0,32978,185,0.07634381367418566,0.005828377886318778,0.010050968524933843,0.0756792964953399,0.4263590353791762,0.0,53044,259,0.08375586217312503,0.007015044448363517,-0.0026425932411489584,0.08371416337350181,0.4179000003473994,0.0
warmup_floor10,5,555,4,19,19,True,0.0,736,736,33265,185,0.08728007490200879,0.007617811474900264,-0.008006621562585954,0.08691205604548656,0.3961450351650261,0.000180369758003908,53044,259,0.08410150091121237,0.007073062455518654,-0.01735866587874124,0.08229057767708815,0.413085735492281,0.0004524545660206621,33265,185,0.08728007490200879,0.007617811474900264,-0.008006621562585954,0.08691205604548656,0.3961450351650261,0.000180369758003908,53044,259,0.08410150091121237,0.007073062455518654,-0.01735866587874124,0.08229057767708815,0.413085735492281,0.0004524545660206621
warmup_floor10,5,42,0,7,10,False,48.15744209999684,736,736,35587,185,0.08049418963054852,0.006479314564278705,0.006244647516082972,0.08025159775156246,0.421101960207113,0.000168600893584736,53044,259,0.08040812214450206,0.006465466106805163,0.005458674729125806,0.08022262135462022,0.46350335393767117,1.8852273584194255e-05,35587,185,0.08089076027728995,0.00654331509823799,-0.0008530253065750567,0.0808862624063217,0.41538379615022514,0.0,53044,259,0.08309763007684624,0.006905216124388381,-0.007137816946738294,0.0827905048518442,0.42701342333685544,0.0
warmup_floor10,5,42,1,16,16,True,0.0,735,735,32799,186,0.09045220433636124,0.008181601269306846,-0.00338205491772381,0.0903889538264513,0.3600094221095428,0.0,53044,259,0.08042000766112155,0.006467377632214848,-0.0022573997293210083,0.08038831867054384,0.4633447378450001,0.0,32799,186,0.09045220433636124,0.008181601269306846,-0.00338205491772381,0.0903889538264513,0.3600094221095428,0.0,53044,259,0.08042000766112155,0.006467377632214848,-0.0022573997293210083,0.08038831867054384,0.4633447378450001,0.0
warmup_floor10,5,42,2,7,10,False,47.75282610001159,741,741,33814,180,0.08359442020962027,0.00698802709018257,-0.008567691259820041,0.08315420468418282,0.4317641375452337,0.0006210445377654226,53044,259,0.08383753519773228,0.0070287323080309985,-0.012403238555979234,0.08291496837938532,0.4167641981202953,9.426136792097127e-05,33814,180,0.0845321220459559,0.007145679657592383,0.0009938662471248487,0.08452627927145029,0.4189445188668546,5.9147098834802153e-05,53044,259,0.08389832618018607,0.007038929135836896,-0.0037529932390222287,0.08381434350744954,0.41591807754244847,0.0
warmup_floor10,5,42,3,14,14,True,0.0,736,736,32978,185,0.07639653158114791,0.00583643003762933,0.01658556890467175,0.0745744523395091,0.4255665260506545,0.0,53044,259,0.08304887409295066,0.00689711548810677,0.008561741508417976,0.0826063682197069,0.42768560444866743,0.0,32978,185,0.07639653158114791,0.00583643003762933,0.01658556890467175,0.0745744523395091,0.4255665260506545,0.0,53044,259,0.08304887409295066,0.00689711548810677,0.008561741508417976,0.0826063682197069,0.42768560444866743,0.0
warmup_floor10,5,42,4,18,18,True,0.0,736,736,33265,185,0.0876000901523601,0.007673775794701618,0.0005126665034993645,0.08759858998726983,0.3917088092913604,0.0004208627686757854,53044,259,0.08359905767689119,0.0069888024444641796,-0.005335015631146574,0.0834286524683193,0.4200775304504697,0.0003581931980996908,33265,185,0.0876000901523601,0.007673775794701618,0.0005126665034993645,0.08759858998726983,0.3917088092913604,0.0004208627686757854,53044,259,0.08359905767689119,0.0069888024444641796,-0.005335015631146574,0.0834286524683193,0.4200775304504697,0.0003581931980996908
retain_internal_best,5,7,0,18,18,False,192.3050382999936,625,736,35587,185,0.07937180653589469,0.006299883672771496,-0.006315735945877764,0.07912013114393482,0.4371333151199419,0.0,53044,259,0.0817867214459685,0.006689067804880444,-0.009034056961789461,0.08128624495996593,0.444949152416923,0.0,35587,185,0.0794865423491462,0.006318110414622612,-0.009880641645265371,0.0788700407968733,0.4355048365170363,0.005423328743642341,53044,259,0.08075013572549511,0.006520584419685881,-0.007100961541196916,0.08043730953280526,0.45892970224595564,7.540909433677702e-05
retain_internal_best,5,7,1,11,11,False,306.19651619999786,624,735,32799,186,0.09580854835694354,0.009179277938264788,-0.009997818772979958,0.0952854740138676,0.281968015923011,0.0,53044,259,0.08167549611891198,0.006670886666270406,-0.008332790038459091,0.08124931554447312,0.44645780155756476,0.0,32799,186,0.09334172734492788,0.008712678063734856,-0.005352138379486149,0.09318815739406852,0.3184669253069593,0.0,53044,259,0.08096738643826308,0.006555717666643027,-0.003934276753785487,0.08087174496118932,0.45601438742620126,0.0
retain_internal_best,5,7,2,7,7,False,319.6055892999866,629,741,33814,180,0.08461141053841846,0.0071590907933007895,0.00221083504061051,0.0845825218453789,0.41785398384639494,0.0,53044,259,0.08542871274842326,0.007298064961852614,0.0009336085973916117,0.08542361112034243,0.39441529657733065,0.0,33814,180,0.0846426587057144,0.00716437967277205,-0.0008817245723354114,0.08463806610828599,0.41742391525207123,0.0,53044,259,0.08407199768812913,0.007068100795272789,-0.0027409981443904954,0.0840273034462325,0.4134974481262712,0.0
retain_internal_best,5,7,3,6,6,False,305.8648448000022,625,736,32978,185,0.07869184262100688,0.006192406095089315,0.0024389532471173593,0.0786540374179717,0.3905306287622172,0.0,53044,259,0.08508078237630894,0.007238739529764842,-0.012921653985705607,0.0840938189645264,0.39933804998992495,0.0,32978,185,0.07773745706389198,0.0060431122307604505,0.008998447838325686,0.07721489601923572,0.40522443860365,0.0,53044,259,0.08414922115453488,0.007081091420914821,-0.004685266725870897,0.08401868659186638,0.4124195015448383,0.0
retain_internal_best,5,7,4,23,23,False,520.3929075000051,625,736,33265,185,0.09085916052080258,0.008255387050544969,0.00920938567573211,0.09039122892195121,0.3456051684225754,3.006162633398467e-05,53044,259,0.08415158515443696,0.007081489284004455,0.004405828915400214,0.08403617051944168,0.4123864873414298,0.0,33265,185,0.09121719674532588,0.008320576982075492,0.021414508571444495,0.08866789613337527,0.34043763914705283,0.0,53044,259,0.08576606118400945,0.007355817251019253,0.016242736654608587,0.08421395820758153,0.3896230806831492,0.0
retain_internal_best,5,555,0,20,20,False,468.50365260001854,625,736,35587,185,0.07967603634597106,0.006348270767804501,-0.0023003816404628757,0.07964282147257667,0.4328101426318661,0.000168600893584736,53044,259,0.0798759565036335,0.00638016842737035,-0.002095781214957965,0.07984845727044061,0.47058125337720424,0.0,35587,185,0.0794882954819908,0.006318389118632277,-0.002581648658343449,0.07944636057641125,0.43547993554899767,0.000758704021131312,53044,259,0.08121540963137396,0.00659594276159187,-0.0028009977052281935,0.08116709415426411,0.4526765571489876,0.0
retain_internal_best,5,555,1,4,4,False,189.4300196999975,624,735,32799,186,0.09127378546561514,0.008330903913223138,-0.009330525715984823,0.09079562325952989,0.34833049982827446,0.0,53044,259,0.0833033351711333,0.006939445650634174,-0.0048508777312701225,0.08316197830661823,0.4241730981810493,0.0,32799,186,0.09086078750103069,0.008255682705307455,0.0008493650527562917,0.09085681748946862,0.35421453924048285,0.0,53044,259,0.08482874835021438,0.007195916546663999,0.001816988763555882,0.08480928662886579,0.4028914499194064,0.0
retain_internal_best,5,555,2,12,12,False,246.10719830001472,629,741,33814,180,0.08252636809770082,0.0068106014313972126,-0.011066748389665164,0.08178097890999506,0.4461916177110079,0.0,53044,259,0.08313782391141547,0.006911897764725525,-0.012869622275952931,0.08213568400640382,0.4264589888116632,0.0,33814,180,0.08230325535394249,0.006773825841856263,-0.0020420855556916623,0.08227791762337874,0.4491820481387093,0.0,53044,259,0.0829023941703812,0.006872806959181254,-0.0036047788705829615,0.08282398522454382,0.42970269711048215,0.0
retain_internal_best,5,555,3,8,8,False,217.73497399999178,625,736,32978,185,0.07764269101989145,0.006028387468810331,0.010080321240094715,0.07698554794574647,0.4066736800244415,0.0,53044,259,0.08396036477190345,0.007049342852631086,0.0005017152615128076,0.08395886572856645,0.41505395977571147,0.0,32978,185,0.07634381367418566,0.005828377886318778,0.010050968524933843,0.0756792964953399,0.4263590353791762,0.0,53044,259,0.08375586217312503,0.007015044448363517,-0.0026425932411489584,0.08371416337350181,0.4179000003473994,0.0
retain_internal_best,5,555,4,19,19,False,295.55988800001796,625,736,33265,185,0.08587039546342191,0.007373724817044471,-0.001400213329759861,0.08585897867827007,0.4154934977361776,0.0002104313843378927,53044,259,0.0832109641023095,0.006924064546835841,-0.01366270861909955,0.08208163582693405,0.42544940378133034,0.0001696704622577483,33265,185,0.08728007490200879,0.007617811474900264,-0.008006621562585954,0.08691205604548656,0.3961450351650261,0.000180369758003908,53044,259,0.08410150091121237,0.007073062455518654,-0.01735866587874124,0.08229057767708815,0.413085735492281,0.0004524545660206621
retain_internal_best,5,42,0,7,7,False,129.01620849999017,625,736,35587,185,0.07974686442428272,0.006359562385504929,-0.002229921156037007,0.07971568124994471,0.4318012866351367,0.0,53044,259,0.08304222921478667,0.006896011832961169,-0.008366177792493759,0.08261972465522717,0.4277771844328856,0.0,35587,185,0.08089076027728995,0.00654331509823799,-0.0008530253065750567,0.0808862624063217,0.41538379615022514,0.0,53044,259,0.08309763007684624,0.006905216124388381,-0.007137816946738294,0.0827905048518442,0.42701342333685544,0.0
retain_internal_best,5,42,1,16,16,False,185.9868368000025,624,735,32799,186,0.09093212198659656,0.008268650808985277,-0.005671920598982355,0.09075505564817926,0.35320013339329903,3.048873441263453e-05,53044,259,0.08085356855011831,0.00653729954728868,-0.005827981410240005,0.0806432525383902,0.45754270094562133,0.0,32799,186,0.09045220433636124,0.008181601269306846,-0.00338205491772381,0.0903889538264513,0.3600094221095428,0.0,53044,259,0.08042000766112155,0.006467377632214848,-0.0022573997293210083,0.08038831867054384,0.4633447378450001,0.0
retain_internal_best,5,42,2,7,7,False,135.91475600001286,629,741,33814,180,0.08587873690000877,0.007375157451540929,-0.012888172376459747,0.08490613914397233,0.4002843862606482,0.0,53044,259,0.08456630949991989,0.00715146070243624,-0.012205920576258408,0.08368079950216961,0.4065803427126048,0.0,33814,180,0.0845321220459559,0.007145679657592383,0.0009938662471248487,0.08452627927145029,0.4189445188668546,5.9147098834802153e-05,53044,259,0.08389832618018607,0.007038929135836896,-0.0037529932390222287,0.08381434350744954,0.41591807754244847,0.0
retain_internal_best,5,42,3,14,14,False,174.99368559999857,625,736,32978,185,0.0742142376992597,0.0055077530772822195,0.006652640916067947,0.073915461482183,0.457915589934232,0.0,53044,259,0.08232600362360207,0.00677757087263334,-0.0042149468336809175,0.08221803388443792,0.43760527368779645,0.0,32978,185,0.07639653158114791,0.00583643003762933,0.01658556890467175,0.0745744523395091,0.4255665260506545,0.0,53044,259,0.08304887409295066,0.00689711548810677,0.008561741508417976,0.0826063682197069,0.42768560444866743,0.0
retain_internal_best,5,42,4,18,18,False,200.331631500012,625,736,33265,185,0.09044079916448775,0.008179538153511207,0.0011041853281666093,0.09043405845295381,0.3516176213694623,9.0184879001954e-05,53044,259,0.08286599110858262,0.006866772482407692,-0.005175716477579148,0.08270419845057086,0.43020343077705414,0.0008106477641203529,33265,185,0.0876000901523601,0.007673775794701618,0.0005126665034993645,0.08759858998726983,0.3917088092913604,0.0004208627686757854,53044,259,0.08359905767689119,0.0069888024444641796,-0.005335015631146574,0.0834286524683193,0.4200775304504697,0.0003581931980996908
warmup_floor10,50,7,0,4,10,False,10.126766700006556,110,110,5007,22,0.09525139276860362,0.009072827824358793,0.029147355638751257,0.09068218945099941,0.25386336641584706,0.0,23866,99,0.110456029555825,0.012200534465237283,0.007272538377289039,0.11021635382640882,0.10854346513153756,0.0,5007,22,0.11006238015093224,0.012113727524488322,0.04969560097542641,0.09820425025516726,0.003784040626143903,0.0,23866,99,0.11024810142631988,0.012154643868108116,0.031555289979862323,0.10563573042486579,0.111896553704532,0.0
warmup_floor10,50,7,1,8,10,False,10.333115300018108,107,107,5221,25,0.12427463828766624,0.01544418572153028,-0.008330242187557629,0.12399513210859092,-0.15324477098595413,0.0,23866,99,0.10955853041942511,0.012003071587664095,0.00042966702829724725,0.10955768788135724,0.12297148655208334,0.0,5221,25,0.12081824146565856,0.014597047470854177,-0.00012052862358102117,0.12081818134579361,-0.08998745360388849,0.0,23866,99,0.10734361876486816,0.011522652489537356,0.008632113945138012,0.10699597701958476,0.15807427206700986,0.0
warmup_floor10,50,7,2,4,10,False,9.639480799989542,102,102,7510,30,0.1092128242469566,0.01192744097999663,0.032913757002978286,0.10413513134358417,0.13754597426841075,0.0,23866,99,0.11106684490978515,0.012335844038214267,0.01935995380766886,0.10936652242244514,0.09865679964124441,0.0,7510,30,0.12208713408140248,0.014905268308210349,0.050467166217262355,0.11116804146070741,-0.07777591845431386,0.0,23866,99,0.11198410366576403,0.012540439473824586,0.03072562076929858,0.10768646944795726,0.0837076235540204,0.0
warmup_floor10,50,7,3,10,10,True,0.0,105,105,5195,27,0.10163131369883273,0.010328923924150546,-0.004935048340248073,0.10151142409615758,0.1665383568886406,0.0,23866,99,0.11253488996449988,0.012664101459322095,0.018326819873361877,0.11103255888545234,0.07467201241742094,0.0,5195,27,0.10163131369883273,0.010328923924150546,-0.004935048340248073,0.10151142409615758,0.1665383568886406,0.0,23866,99,0.11253488996449988,0.012664101459322095,0.018326819873361877,0.11103255888545234,0.07467201241742094,0.0
warmup_floor10,50,7,4,6,10,False,9.124511800007895,104,104,8555,28,0.10194318191476572,0.010392412338907015,0.01679078487669704,0.10055089200067545,0.1815027205431956,0.0,23866,99,0.1127883652742354,0.01272121534123435,0.02441933975460233,0.1101131744487627,0.07049887201873961,0.0,8555,28,0.09662549169220612,0.009336485644760594,0.033071398282177894,0.09078969247894915,0.26466658070191995,0.0,23866,99,0.10846837511685992,0.011765388400491834,0.0275133310105783,0.10492094651304947,0.14033828560804218,0.0
warmup_floor10,50,555,0,3,10,False,9.875581200001761,110,110,5007,22,0.09657527444766294,0.009326783634641417,0.03387269216578759,0.09044017005779682,0.23297839680861165,0.0,23866,99,0.11060543783980106,0.012233562879734096,0.01486322315887165,0.10960222386915185,0.1061301777445447,0.0,5007,22,0.13047781034449035,0.017024458992292796,0.09191272951075243,0.09260944415218164,-0.4000676268755865,0.0,23866,99,0.13457620663047218,0.018110755391047544,0.07290580130893028,0.11311719377066567,-0.3232986875087338,0.0
warmup_floor10,50,555,1,11,11,True,0.0,107,107,5221,25,0.11902515487738602,0.01416698749358573,0.01529963538960875,0.11803774248320222,-0.0578741114738619,0.0,23866,99,0.11201969227801266,0.012548411458060647,0.026125829791912816,0.10893049378270829,0.08312513452754744,0.0,5221,25,0.11902515487738602,0.01416698749358573,0.01529963538960875,0.11803774248320222,-0.0578741114738619,0.0,23866,99,0.11201969227801266,0.012548411458060647,0.026125829791912816,0.10893049378270829,0.08312513452754744,0.0
warmup_floor10,50,555,2,10,10,True,0.0,102,102,7510,30,0.11220276111861431,0.012589459602640827,0.04297137416391018,0.10364806127036849,0.0896764750886353,0.0,23866,99,0.11305570818415633,0.012781593153021114,0.03067701561027487,0.10881412530672692,0.0660872460336871,0.0,7510,30,0.11220276111861431,0.012589459602640827,0.04297137416391018,0.10364806127036849,0.0896764750886353,0.0,23866,99,0.11305570818415633,0.012781593153021114,0.03067701561027487,0.10881412530672692,0.0660872460336871,0.0
warmup_floor10,50,555,3,2,10,False,9.809164800011786,105,105,5195,27,0.10378165885802683,0.01077063271532386,-0.008242756072768118,0.10345380460692928,0.13089598624369292,0.0,23866,99,0.11397224519823992,0.012989672675527723,0.018787436686011277,0.11241309931808142,0.05088349814548199,0.0,5195,27,0.14267441186838783,0.020355987801990365,0.09768538770726143,0.1039882340963264,-0.6425655920393432,0.0,23866,99,0.16968957515905136,0.028794551917659342,0.11979183303828232,0.12018514323737203,-1.103931721085254,0.0
warmup_floor10,50,555,4,23,23,True,0.0,104,104,8555,28,0.10348109050889988,0.010708336092911127,0.005213672677758561,0.10334966719888518,0.15662084281014355,0.0,23866,99,0.12067257907539415,0.014561871340707255,0.024953669458308275,0.11806432874188863,-0.06399235243132395,0.0,8555,28,0.10348109050889988,0.010708336092911127,0.005213672677758561,0.10334966719888518,0.15662084281014355,0.0,23866,99,0.12067257907539415,0.014561871340707255,0.024953669458308275,0.11806432874188863,-0.06399235243132395,0.0
warmup_floor10,50,42,0,22,22,True,0.0,110,110,5007,22,0.09233534223227889,0.008525815425152065,0.023605431533516918,0.08926700973634387,0.29884889881811594,0.0,23866,99,0.11321353975278439,0.01281730558335529,0.0009048126897662659,0.11320992402325747,0.063477845643225,0.0,5007,22,0.09233534223227889,0.008525815425152065,0.023605431533516918,0.08926700973634387,0.29884889881811594,0.0,23866,99,0.11321353975278439,0.01281730558335529,0.0009048126897662659,0.11320992402325747,0.063477845643225,0.0
warmup_floor10,50,42,1,15,15,True,0.0,107,107,5221,25,0.12144748480106782,0.0147494915645056,-0.004309315907017886,0.12137100708537901,-0.10137072476114439,0.0,23866,99,0.10814543858415587,0.011695435886559429,0.005443752415306777,0.10800833970671093,0.14544950641998267,0.0,5221,25,0.12144748480106782,0.0147494915645056,-0.004309315907017886,0.12137100708537901,-0.10137072476114439,0.0,23866,99,0.10814543858415587,0.011695435886559429,0.005443752415306777,0.10800833970671093,0.14544950641998267,0.0
warmup_floor10,50,42,2,2,10,False,9.293804099987028,102,102,7510,30,0.10986339064480422,0.012069964603972853,0.035527144940907404,0.1039605048868108,0.12724032082050873,0.0,23866,99,0.10901891485087942,0.011885123795263297,0.0209828670628076,0.10698057340044426,0.13158957870276633,0.0,7510,30,0.177138104846082,0.03137790818846154,0.12708643633577382,0.12339751167643068,-1.2688859480889674,0.0,23866,99,0.15430204177436424,0.02380912009573765,0.0947622613327487,0.12177534201488201,-0.7396611401974813,0.0
warmup_floor10,50,42,3,7,10,False,10.794523599994136,105,105,5195,27,0.09509414994113853,0.009042897353027738,8.156453296470345e-05,0.09509411496120408,0.27031042713757836,0.0,23866,99,0.10649669951102386,0.011341547006741311,0.01700219927271414,0.10513073873340864,0.1713071076119651,0.0,5195,27,0.0960613208916739,0.009227777371453142,0.010657588834551462,0.0954682835903463,0.2553920866534346,0.0,23866,99,0.1094460475601445,0.011978437326537413,0.024751128080685296,0.10661059508918859,0.12477143827760873,0.0
warmup_floor10,50,42,4,27,27,True,0.0,104,104,8555,28,0.1054233400251963,0.011114080622068154,-0.016500937323830824,0.10412396308969019,0.12466475961796752,0.0,23866,99,0.11772268635351127,0.013858630882287188,0.005906001507309617,0.11757444462332299,-0.01260867706622415,0.0,8555,28,0.1054233400251963,0.011114080622068154,-0.016500937323830824,0.10412396308969019,0.12466475961796752,0.0,23866,99,0.11772268635351127,0.013858630882287188,0.005906001507309617,0.11757444462332299,-0.01260867706622415,0.0
retain_internal_best,50,7,0,4,4,False,57.02331839999533,93,110,5007,22,0.10411473329006964,0.010839877688062336,0.0334640903263552,0.09859022439720824,0.10854366431158302,0.0,23866,99,0.1083096829260822,0.011730987415548462,0.018002486382473905,0.10680308000988224,0.14285186260920213,0.0,5007,22,0.11006238015093224,0.012113727524488322,0.04969560097542641,0.09820425025516726,0.003784040626143903,0.0,23866,99,0.11024810142631988,0.012154643868108116,0.031555289979862323,0.10563573042486579,0.111896553704532,0.0
retain_internal_best,50,7,1,8,8,False,67.95851820000098,90,107,5221,25,0.12555691138605116,0.015764537996804703,0.011792197083858345,0.12500192832408685,-0.17716604420780135,0.0,23866,99,0.10974521874065024,0.012044013036433168,0.021810591798894396,0.10755608361136607,0.11998001743602416,0.0,5221,25,0.12081824146565856,0.014597047470854177,-0.00012052862358102117,0.12081818134579361,-0.08998745360388849,0.0,23866,99,0.10734361876486816,0.011522652489537356,0.008632113945138012,0.10699597701958476,0.15807427206700986,0.0
retain_internal_best,50,7,2,4,4,False,53.17265059999772,86,102,7510,30,0.12113128968107617,0.014672789339800792,0.04239464101990752,0.11347018882770032,-0.060965739092369464,0.0,23866,99,0.11043954708977104,0.012196893561393755,0.020088699576161006,0.10859713491033042,0.10880949507747051,0.0,7510,30,0.12208713408140248,0.014905268308210349,0.050467166217262355,0.11116804146070741,-0.07777591845431386,0.0,23866,99,0.11198410366576403,0.012540439473824586,0.03072562076929858,0.10768646944795726,0.0837076235540204,0.0
retain_internal_best,50,7,3,10,10,False,64.95990410001832,89,105,5195,27,0.10593469000009362,0.011222158545415936,-0.011409076472150236,0.10531852410411269,0.09446145898612945,0.0,23866,99,0.11475659425144538,0.013169075924190869,0.009822896670751717,0.11433541282204131,0.037775039753509154,0.0,5195,27,0.10163131369883273,0.010328923924150546,-0.004935048340248073,0.10151142409615758,0.1665383568886406,0.0,23866,99,0.11253488996449988,0.012664101459322095,0.018326819873361877,0.11103255888545234,0.07467201241742094,0.0
retain_internal_best,50,7,4,6,6,False,57.75013490000856,88,104,8555,28,0.09496857245563596,0.009019029754261377,0.029041783260819787,0.09041904986944369,0.28966912816131696,0.0,23866,99,0.1078043549929023,0.011621778955435697,0.023221947224684066,0.10527354901650121,0.15083139790807265,0.0,8555,28,0.09662549169220612,0.009336485644760594,0.033071398282177894,0.09078969247894915,0.26466658070191995,0.0,23866,99,0.10846837511685992,0.011765388400491834,0.0275133310105783,0.10492094651304947,0.14033828560804218,0.0
retain_internal_best,50,555,0,3,3,False,52.44198589998996,93,110,5007,22,0.09963954453537714,0.009928038835217404,0.035301556105279915,0.09317638634205117,0.18353201250952056,0.0,23866,99,0.11218286658486445,0.012584995555197497,0.01007398707751635,0.11172963053532188,0.08045204405287754,0.0,5007,22,0.13047781034449035,0.017024458992292796,0.09191272951075243,0.09260944415218164,-0.4000676268755865,0.0,23866,99,0.13457620663047218,0.018110755391047544,0.07290580130893028,0.11311719377066567,-0.3232986875087338,0.0
retain_internal_best,50,555,1,11,11,False,74.06704550000723,90,107,5221,25,0.12056444485550864,0.014535785363316985,0.005816242491071011,0.1204240702127363,-0.0854129032552513,0.0,23866,99,0.10781486567280549,0.011624045260045091,0.01684615850157553,0.10649062026199718,0.15066580581374234,0.0,5221,25,0.11902515487738602,0.01416698749358573,0.01529963538960875,0.11803774248320222,-0.0578741114738619,0.0,23866,99,0.11201969227801266,0.012548411458060647,0.026125829791912816,0.10893049378270829,0.08312513452754744,0.0
retain_internal_best,50,555,2,10,10,False,61.92932060000021,86,102,7510,30,0.10963411759145503,0.01201963974005699,0.03699508427420564,0.10320369896278628,0.13087923058760975,0.0,23866,99,0.11203904087663,0.012552746680555166,0.025636282354981884,0.10906662050128267,0.0828083727960135,0.0,7510,30,0.11220276111861431,0.012589459602640827,0.04297137416391018,0.10364806127036849,0.0896764750886353,0.0,23866,99,0.11305570818415633,0.012781593153021114,0.03067701561027487,0.10881412530672692,0.0660872460336871,0.0
retain_internal_best,50,555,3,2,2,False,47.870348399999784,89,105,5195,27,0.10733557600575769,0.011520925876487786,0.03538648965115497,0.10133470395997854,0.07035332221489077,0.0,23866,99,0.12470603507685826,0.015551595184590603,0.04061054137144986,0.11790835048506261,-0.13630851127328691,0.0,5195,27,0.14267441186838783,0.020355987801990365,0.09768538770726143,0.1039882340963264,-0.6425655920393432,0.0,23866,99,0.16968957515905136,0.028794551917659342,0.11979183303828232,0.12018514323737203,-1.103931721085254,0.0
retain_internal_best,50,555,4,23,23,False,87.79812829999719,88,104,8555,28,0.1074721691960537,0.011550267151705191,-0.005767043235354921,0.10731732555383001,0.0903110911720938,0.0,23866,99,0.11231919430839876,0.012615601410087836,0.012526430910940611,0.11161850177601054,0.07821576584515089,0.0,8555,28,0.10348109050889988,0.010708336092911127,0.005213672677758561,0.10334966719888518,0.15662084281014355,0.0,23866,99,0.12067257907539415,0.014561871340707255,0.024953669458308275,0.11806432874188863,-0.06399235243132395,0.0
retain_internal_best,50,42,0,22,22,False,99.39781049999874,93,110,5007,22,0.09328975889630713,0.008702979114931115,0.019151550055906068,0.09130277786238074,0.2842792054827935,0.0,23866,99,0.11288344079825555,0.012742671206453265,-0.006930565432140875,0.11267048623860677,0.06893115616865475,0.0,5007,22,0.09233534223227889,0.008525815425152065,0.023605431533516918,0.08926700973634387,0.29884889881811594,0.0,23866,99,0.11321353975278439,0.01281730558335529,0.0009048126897662659,0.11320992402325747,0.063477845643225,0.0
retain_internal_best,50,42,1,15,15,False,77.89061029997538,90,107,5221,25,0.11986499078596648,0.01436761601611983,-0.01316699151012021,0.11913960865594721,-0.07285539949350395,0.0,23866,99,0.10957239815428298,0.012006110437280716,0.0005674342800982905,0.10957092887996563,0.12274944690644829,0.0,5221,25,0.12144748480106782,0.0147494915645056,-0.004309315907017886,0.12137100708537901,-0.10137072476114439,0.0,23866,99,0.10814543858415587,0.011695435886559429,0.005443752415306777,0.10800833970671093,0.14544950641998267,0.0
retain_internal_best,50,42,2,2,2,False,45.63719510001829,86,102,7510,30,0.14377757606683245,0.02067199137965379,0.06757452795490602,0.12690813429928524,-0.49475836561852016,0.0,23866,99,0.12937570028244083,0.01673807182357196,0.03745007046353015,0.12383684446015487,-0.22300080793474564,0.0,7510,30,0.177138104846082,0.03137790818846154,0.12708643633577382,0.12339751167643068,-1.2688859480889674,0.0,23866,99,0.15430204177436424,0.02380912009573765,0.0947622613327487,0.12177534201488201,-0.7396611401974813,0.0
retain_internal_best,50,42,3,7,7,False,59.07127079999191,89,105,5195,27,0.0962531689326524,0.00926467252957772,0.011452295429277464,0.09556943789192374,0.25241494214746485,0.0,23866,99,0.10938148127903673,0.011964308446796261,0.02054351040712348,0.10743496929281764,0.12580379322988633,0.0,5195,27,0.0960613208916739,0.009227777371453142,0.010657588834551462,0.0954682835903463,0.2553920866534346,0.0,23866,99,0.1094460475601445,0.011978437326537413,0.024751128080685296,0.10661059508918859,0.12477143827760873,0.0
retain_internal_best,50,42,4,27,27,False,94.92186160001438,88,104,8555,28,0.1041713749969648,0.010851675368758262,-0.0002339223640331548,0.10417111235407764,0.14533156718344853,0.0,23866,99,0.11097156230564684,0.012314687640556057,0.0038644314556492234,0.11090425514866707,0.10020263429303156,0.0,8555,28,0.1054233400251963,0.011114080622068154,-0.016500937323830824,0.10412396308969019,0.12466475961796752,0.0,23866,99,0.11772268635351127,0.013858630882287188,0.005906001507309617,0.11757444462332299,-0.01260867706622415,0.0
warmup_floor10,20,7,0,14,14,True,0.0,231,231,13297,47,0.08586756972967348,0.007373239531280337,0.009551767466884903,0.08533465456389272,0.45739127900736753,0.0,38081,134,0.09647636519156087,0.009307689040575417,-0.0038441857861754433,0.09639974728295082,0.15198840192783236,0.0,13297,47,0.08586756972967348,0.007373239531280337,0.009551767466884903,0.08533465456389272,0.45739127900736753,0.0,38081,134,0.09647636519156087,0.009307689040575417,-0.0038441857861754433,0.09639974728295082,0.15198840192783236,0.0
warmup_floor10,20,7,1,8,10,False,23.625453000015114,226,226,13073,52,0.09673731458600775,0.009358108033312227,-0.032648627508825086,0.09106138124969451,0.31498083155611045,0.0,38081,134,0.09022123851829857,0.008139871879775721,-0.004583566654886736,0.09010473237569673,0.25838672405362484,0.0,13073,52,0.0903893144888005,0.008170228173755279,-0.01737827597760866,0.08870300839205708,0.4019343557843337,0.0,38081,134,0.0904145060983056,0.008174782913000542,0.011387330953426427,0.08969454613719653,0.2552060246398098,0.0
warmup_floor10,20,7,2,9,10,False,22.24326670001028,215,215,19269,63,0.10948522661116655,0.011987014846098492,0.053092141019562424,0.09575092379740986,0.054983051648939796,0.0,38081,134,0.09911506559569695,0.00982379622803931,0.0288680206277269,0.09481789711376458,0.104966538723136,0.0,19269,63,0.10991617894362354,0.01208156639356667,0.05223084059250894,0.09671352379355531,0.0475289176549929,0.0,38081,134,0.09851766193009483,0.009705729712172456,0.025648840527504938,0.09512027487222204,0.1157234273947062,0.0
warmup_floor10,20,7,3,16,16,True,0.0,222,222,13270,56,0.09170823768591761,0.00841040085945676,0.0024281444126681984,0.09167608725380892,0.43968918887269237,0.0,38081,134,0.0954527882662763,0.009111234787806576,0.005539067115341614,0.09529193839616401,0.16988709666423063,0.0,13270,56,0.09170823768591761,0.00841040085945676,0.0024281444126681984,0.09167608725380892,0.43968918887269237,0.0,38081,134,0.0954527882662763,0.009111234787806576,0.005539067115341614,0.09529193839616401,0.16988709666423063,0.0
warmup_floor10,20,7,4,20,20,True,0.0,218,218,16260,60,0.10186028973505734,0.010375518624909829,0.01103304895255875,0.10126100165276004,0.13685476471636926,0.0,38081,134,0.09119142441049942,0.008315875886015829,-0.005310903220924741,0.09103664203491801,0.24235122502178885,0.0,16260,60,0.10186028973505734,0.010375518624909829,0.01103304895255875,0.10126100165276004,0.13685476471636926,0.0,38081,134,0.09119142441049942,0.008315875886015829,-0.005310903220924741,0.09103664203491801,0.24235122502178885,0.0
warmup_floor10,20,555,0,14,14,True,0.0,231,231,13297,47,0.0992218951779062,0.009844984482695404,0.011519133552135881,0.09855097181105553,0.27549153724291775,0.0,38081,134,0.0905977634382072,0.008207954740005354,0.00019943605414465143,0.0905975439251289,0.2521837820716819,0.0,13297,47,0.0992218951779062,0.009844984482695404,0.011519133552135881,0.09855097181105553,0.27549153724291775,0.0,38081,134,0.0905977634382072,0.008207954740005354,0.00019943605414465143,0.0905975439251289,0.2521837820716819,0.0
warmup_floor10,20,555,1,14,14,True,0.0,226,226,13073,52,0.09672047979731946,0.00935485121222368,-0.03661995874723662,0.08951999683631791,0.31521923282973385,0.0,38081,134,0.08806140371210028,0.007754810823745508,-0.013919651137223552,0.08695432212353504,0.2934691424773661,0.0,13073,52,0.09672047979731946,0.00935485121222368,-0.03661995874723662,0.08951999683631791,0.31521923282973385,0.0,38081,134,0.08806140371210028,0.007754810823745508,-0.013919651137223552,0.08695432212353504,0.2934691424773661,0.0
warmup_floor10,20,555,2,3,10,False,21.84893499998725,215,215,19269,63,0.10015879151098635,0.01003178351694123,0.03991845702566321,0.09186022156315274,0.20912707897547456,0.0,38081,134,0.08875086431595129,0.007876715916828396,0.016707083245866682,0.08716415138257284,0.2823625259641048,0.0,19269,63,0.11265346421980615,0.012690803000723146,0.061010667113418855,0.09470217262079438,-0.0005012989344321817,0.0,38081,134,0.10352186799244416,0.010716777152645034,0.048703560060568835,0.09134955057399899,0.023608193206680506,0.0
warmup_floor10,20,555,3,1,10,False,24.71461300001829,222,222,13270,56,0.09226758876320558,0.00851330793617602,-0.0282657237832548,0.08783141121025419,0.4328333982164747,0.0,38081,134,0.08954794454968724,0.008018834373073862,-0.011838738779367754,0.08876192109901496,0.26941429588563015,0.0,13270,56,0.11658233173802078,0.013591440073473928,0.06063779253101204,0.09957157320460427,0.09452225414517734,0.0,38081,134,0.12803731457241782,0.016393553922916276,0.07683931014331455,0.10241715842384908,-0.4935956497527172,0.0
warmup_floor10,20,555,4,10,10,True,0.0,218,218,16260,60,0.10643160214141685,0.011327685934388848,0.008232521475913857,0.10611273026615357,0.057643430220134184,0.0,38081,134,0.0868638859974993,0.007545334690586555,-0.0044208915300951975,0.08675131358466964,0.31255424401693366,0.0,16260,60,0.10643160214141685,0.011327685934388848,0.008232521475913857,0.10611273026615357,0.057643430220134184,0.0,38081,134,0.0868638859974993,0.007545334690586555,-0.0044208915300951975,0.08675131358466964,0.31255424401693366,0.0
warmup_floor10,20,42,0,10,10,True,0.0,231,231,13297,47,0.09192507276072508,0.0084502190020646,0.016330317392055725,0.09046291912125831,0.3781346034716826,0.0,38081,134,0.08830808154434121,0.007798317266042016,0.0013416437082758206,0.08829788931906618,0.28950532637892723,0.0,13297,47,0.09192507276072508,0.0084502190020646,0.016330317392055725,0.09046291912125831,0.3781346034716826,0.0,38081,134,0.08830808154434121,0.007798317266042016,0.0013416437082758206,0.08829788931906618,0.28950532637892723,0.0
warmup_floor10,20,42,1,32,32,True,0.0,226,226,13073,52,0.10007322165079456,0.010014649691569056,-0.01582118690269484,0.09881467369049524,0.26692158505169905,0.0,38081,134,0.09256696939844504,0.008568643823612661,0.00433265300155412,0.09246551758131669,0.21932186276350218,0.0,13073,52,0.10007322165079456,0.010014649691569056,-0.01582118690269484,0.09881467369049524,0.26692158505169905,0.0,38081,134,0.09256696939844504,0.008568643823612661,0.00433265300155412,0.09246551758131669,0.21932186276350218,0.0
warmup_floor10,20,42,2,28,28,True,0.0,215,215,19269,63,0.0880380203600153,0.007750693028910469,0.02334646624332088,0.08488601500164764,0.3889607739852945,0.0,38081,134,0.08745254060585769,0.007647946858419189,-0.0032031486162831064,0.08739385960902053,0.303205381152471,0.0,19269,63,0.0880380203600153,0.007750693028910469,0.02334646624332088,0.08488601500164764,0.3889607739852945,0.0,38081,134,0.08745254060585769,0.007647946858419189,-0.0032031486162831064,0.08739385960902053,0.303205381152471,0.0
warmup_floor10,20,42,3,27,27,True,0.0,222,222,13270,56,0.08358386823049853,0.006986263028373341,-0.004583138899630681,0.08345812043294548,0.5345669285459684,0.0,38081,134,0.09073741414958926,0.00823327832655408,0.0020633425095255317,0.09071395121061847,0.24987658261492218,0.0,13270,56,0.08358386823049853,0.006986263028373341,-0.004583138899630681,0.08345812043294548,0.5345669285459684,0.0,38081,134,0.09073741414958926,0.00823327832655408,0.0020633425095255317,0.09071395121061847,0.24987658261492218,0.0
warmup_floor10,20,42,4,28,28,True,0.0,218,218,16260,60,0.10127914466158584,0.010257465143382433,0.004143915678993289,0.10119433337014393,0.1466757003026038,0.0,38081,134,0.09018440699725595,0.008133227265446708,-0.00022058898740786188,0.090184137219055,0.2589921063339262,0.0,16260,60,0.10127914466158584,0.010257465143382433,0.004143915678993289,0.10119433337014393,0.1466757003026038,0.0,38081,134,0.09018440699725595,0.008133227265446708,-0.00022058898740786188,0.090184137219055,0.2589921063339262,0.0
retain_internal_best,20,7,0,14,14,False,110.44272059999639,196,231,13297,47,0.08829398194402459,0.007795827247531739,0.021024978695918434,0.08575416910196211,0.42629235983492153,0.0,38081,134,0.09615854223713972,0.009246465245171785,0.008340026995134042,0.09579618570116567,0.15756642332003268,0.0,13297,47,0.08586756972967348,0.007373239531280337,0.009551767466884903,0.08533465456389272,0.45739127900736753,0.0,38081,134,0.09647636519156087,0.009307689040575417,-0.0038441857861754433,0.09639974728295082,0.15198840192783236,0.0
retain_internal_best,20,7,1,8,8,False,85.55405800000881,192,226,13073,52,0.09198726530637927,0.008461656978546207,-0.018521164166832502,0.09010340424452035,0.38060159099813584,0.0,38081,134,0.09377634956495873,0.008794003737729336,0.013142794216632066,0.09285079804669746,0.19878961033452835,0.0,13073,52,0.0903893144888005,0.008170228173755279,-0.01737827597760866,0.08870300839205708,0.4019343557843337,0.0,38081,134,0.0904145060983056,0.008174782913000542,0.011387330953426427,0.08969454613719653,0.2552060246398098,0.0
retain_internal_best,20,7,2,9,9,False,81.94472859997768,182,215,19269,63,0.10715084262837142,0.011481303075970017,0.04195817474199972,0.098594191757374,0.09485170951646327,0.0,38081,134,0.09870643765198273,0.009742960833944752,0.013492199769143202,0.09777996409967783,0.11233134769216047,0.0,19269,63,0.10991617894362354,0.01208156639356667,0.05223084059250894,0.09671352379355531,0.0475289176549929,0.0,38081,134,0.09851766193009483,0.009705729712172456,0.025648840527504938,0.09512027487222204,0.1157234273947062,0.0
retain_internal_best,20,7,3,16,16,False,115.20074900001055,188,222,13270,56,0.09083452836430615,0.008250911543165939,-0.007517574097676303,0.09052291214301429,0.450314554972403,0.0,38081,134,0.09542471439152744,0.009105876116704586,0.012803613742930636,0.09456185061549092,0.1703753183081781,0.0,13270,56,0.09170823768591761,0.00841040085945676,0.0024281444126681984,0.09167608725380892,0.43968918887269237,0.0,38081,134,0.0954527882662763,0.009111234787806576,0.005539067115341614,0.09529193839616401,0.16988709666423063,0.0
retain_internal_best,20,7,4,20,20,False,118.20379570001387,185,218,16260,60,0.10090440505807526,0.010181698960124122,0.01000570155697042,0.1004070958472406,0.15297873174028354,0.0,38081,134,0.09266273845266353,0.008586383097546729,0.0005169444925195402,0.09266129648315084,0.21770566029134286,0.0,16260,60,0.10186028973505734,0.010375518624909829,0.01103304895255875,0.10126100165276004,0.13685476471636926,0.0,38081,134,0.09119142441049942,0.008315875886015829,-0.005310903220924741,0.09103664203491801,0.24235122502178885,0.0
retain_internal_best,20,555,0,14,14,False,203.28683920000913,196,231,13297,47,0.10289466278759478,0.010587311630172843,-0.02046749923866638,0.10083845052899235,0.22086247191253927,0.0,38081,134,0.09431372495345629,0.008895078714596202,-0.029785201678118507,0.08948698495082964,0.1895807989653122,0.0,13297,47,0.0992218951779062,0.009844984482695404,0.011519133552135881,0.09855097181105553,0.27549153724291775,0.0,38081,134,0.0905977634382072,0.008207954740005354,0.00019943605414465143,0.0905975439251289,0.2521837820716819,0.0
retain_internal_best,20,555,1,14,14,False,200.1503487000009,192,226,13073,52,0.09547357032934832,0.00911520263143302,-0.022521305525213524,0.0927792726252637,0.3327616538989927,0.0,38081,134,0.08868004203171663,0.007864149854747027,-0.0087057768216828,0.08825168159688561,0.28350740374640304,0.0,13073,52,0.09672047979731946,0.00935485121222368,-0.03661995874723662,0.08951999683631791,0.31521923282973385,0.0,38081,134,0.08806140371210028,0.007754810823745508,-0.013919651137223552,0.08695432212353504,0.2934691424773661,0.0
retain_internal_best,20,555,2,3,3,False,126.38550709999981,182,215,19269,63,0.10599199144494507,0.01123430225046531,0.044980557558617455,0.09597422410304349,0.1143244447516768,0.0,38081,134,0.0995398709290295,0.009908185904567851,0.023308501953472442,0.09677241157092667,0.09727790364499889,0.0,19269,63,0.11265346421980615,0.012690803000723146,0.061010667113418855,0.09470217262079438,-0.0005012989344321817,0.0,38081,134,0.10352186799244416,0.010716777152645034,0.048703560060568835,0.09134955057399899,0.023608193206680506,0.0
retain_internal_best,20,555,3,1,1,False,120.82950010002241,188,222,13270,56,0.12148871626746831,0.014759508180317418,-0.06746776122253637,0.10103271438467958,0.016704181102736304,0.0,38081,134,0.11291646982396732,0.012750129157506923,-0.03652257933302798,0.10684676109442719,-0.16164789727607354,0.0,13270,56,0.11658233173802078,0.013591440073473928,0.06063779253101204,0.09957157320460427,0.09452225414517734,0.0,38081,134,0.12803731457241782,0.016393553922916276,0.07683931014331455,0.10241715842384908,-0.4935956497527172,0.0
retain_internal_best,20,555,4,10,10,False,167.86099709998234,185,218,16260,60,0.10551759442050203,0.01113396273228956,0.005247078022709048,0.10538705283151799,0.07375937245886166,0.0,38081,134,0.08714013870557183,0.007593403773626299,-0.004434947476812351,0.08702720847243244,0.3081747315784866,0.0,16260,60,0.10643160214141685,0.011327685934388848,0.008232521475913857,0.10611273026615357,0.057643430220134184,0.0,38081,134,0.0868638859974993,0.007545334690586555,-0.0044208915300951975,0.08675131358466964,0.31255424401693366,0.0
retain_internal_best,20,42,0,10,10,False,105.04548120000982,196,231,13297,47,0.09534558155848623,0.00909077992272595,0.016254837003974006,0.09394977486242417,0.33099468072763427,0.0,38081,134,0.09306213366876133,0.0086605607229824,0.009526065055632528,0.0925732942459015,0.21094743207672528,0.0,13297,47,0.09192507276072508,0.0084502190020646,0.016330317392055725,0.09046291912125831,0.3781346034716826,0.0,38081,134,0.08830808154434121,0.007798317266042016,0.0013416437082758206,0.08829788931906618,0.28950532637892723,0.0
retain_internal_best,20,42,1,32,32,False,181.26332329999423,192,226,13073,52,0.10307562892096708,0.010624585277452905,-0.018678770509062442,0.10136907225442424,0.2222739312354386,0.0,38081,134,0.09190595144092077,0.008446703910260886,0.003628389960152709,0.0918343002181535,0.23043165170675506,0.0,13073,52,0.10007322165079456,0.010014649691569056,-0.01582118690269484,0.09881467369049524,0.26692158505169905,0.0,38081,134,0.09256696939844504,0.008568643823612661,0.00433265300155412,0.09246551758131669,0.21932186276350218,0.0
retain_internal_best,20,42,2,28,28,False,138.91278410001541,182,215,19269,63,0.09699892462975561,0.009408791379329009,0.04173535586735229,0.087561129789162,0.25824173648544047,0.0,38081,134,0.09329932033405525,0.008704763174796654,0.018989392303989727,0.09134640745383384,0.2069202034447517,0.0,19269,63,0.0880380203600153,0.007750693028910469,0.02334646624332088,0.08488601500164764,0.3889607739852945,0.0,38081,134,0.08745254060585769,0.007647946858419189,-0.0032031486162831064,0.08739385960902053,0.303205381152471,0.0
retain_internal_best,20,42,3,27,27,False,152.20554600001196,188,222,13270,56,0.08313608600091457,0.006911608795551463,-0.015031238116519113,0.08176595059213808,0.5395404814652065,0.0,38081,134,0.09049840930160351,0.008189962086120557,-0.009348854726554843,0.0900142266612469,0.25382306966583024,0.0,13270,56,0.08358386823049853,0.006986263028373341,-0.004583138899630681,0.08345812043294548,0.5345669285459684,0.0,38081,134,0.09073741414958926,0.00823327832655408,0.0020633425095255317,0.09071395121061847,0.24987658261492218,0.0
retain_internal_best,20,42,4,28,28,False,143.88215590000618,185,218,16260,60,0.09728759418163253,0.009464875981650021,0.007189660899986272,0.0970215685185167,0.21261163885360068,0.0,38081,134,0.09331636978389954,0.00870794486964548,0.0057027997455811105,0.09314195050946313,0.20663032331214637,0.0,16260,60,0.10127914466158584,0.010257465143382433,0.004143915678993289,0.10119433337014393,0.1466757003026038,0.0,38081,134,0.09018440699725595,0.008133227265446708,-0.00022058898740786188,0.090184137219055,0.2589921063339262,0.0
