split,configuration,seed,rmse,mse,bias,ubrmse,r2,site_equal_rmse,site_equal_ubrmse,pooled_within_site_anomaly_r,site_bias_mse_share
oof,A,42,0.10579020835009371,0.011191568182756236,0.007042699593094904,0.10555552361291975,0.149068180298924,0.09371670094562774,0.053903537723213074,0.3999259130629862,0.7017179906028767
oof,A,7,0.10665761596100283,0.011375847042484769,0.0148513249112967,0.10561858354884271,0.1350568511553597,0.09385161008399971,0.054460305167072454,0.3905939139970183,0.6978853156140655
oof,A,555,0.10733620137116907,0.011521060124792157,0.018228431084044882,0.10577705055921337,0.12401582184164683,0.09492555551427259,0.054206758120187354,0.39525146976666214,0.7041194473963803
oof,D,42,0.10491401336342424,0.011006950200020758,0.004230143855752923,0.10482869875649699,0.16310529408255747,0.09487370150057432,0.0525940912044217,0.40100923644402303,0.6980855024283305
oof,D,7,0.10590526725446205,0.011215925632239034,0.017132374156813696,0.10451032192080348,0.1472162031252865,0.09346329431617796,0.05177345514694742,0.43812518589077365,0.7258049317873434
oof,D,555,0.10667609680706229,0.011379789629989728,0.00875534697335679,0.10631619598803306,0.13475708323140656,0.09477351174898153,0.05332112490199174,0.41565264365150234,0.7051291231134913
test,A,42,0.10568847639734857,0.011170054043192908,0.010047926539974862,0.10520975817594187,0.18383758514758275,0.09171387312929548,0.049300931217541324,0.4808935772136557,0.6668536934763067
test,A,7,0.10773052550429627,0.01160586612543183,0.01396166376824387,0.1068219924465666,0.15199410076634645,0.09100252505916802,0.05034082547552394,0.46134810099313656,0.6641650703972473
test,A,555,0.10981423674162846,0.012059166591146425,0.023081434941075778,0.10736113799791482,0.11887279255058103,0.09172556490134443,0.04990367578156097,0.4740875359404196,0.6839029768872475
test,D,42,0.10578829723816667,0.011191163832550702,0.005058538439112647,0.1056672845369404,0.1822951560247994,0.0923067320627908,0.048997678705442985,0.4711511883697315,0.6646949826747041
test,D,7,0.10582046670753713,0.011197971174200974,0.012457357119647045,0.10508465838453564,0.18179776394607472,0.09105727795907372,0.0477118229253709,0.5000007033752609,0.6804350380371756
test,D,555,0.10696758490658094,0.011442064220746603,0.014908881069554207,0.10592350771193566,0.16396261565162484,0.08936365511950652,0.049193948490027006,0.47807314494886666,0.672890984334995
