year,split,records,sites,depth_cm
2016,development,5799,567,5
2016,test,1690,168,5
2017,development,25958,674,5
2017,test,7475,204,5
2018,development,31505,588,5
2018,test,8238,167,5
2019,development,25046,559,5
2019,test,7662,163,5
2020,development,19865,363,5
2020,test,7160,130,5
2021,development,19630,360,5
2021,test,6456,123,5
2022,development,14243,348,5
2022,test,4754,121,5
2023,development,14065,292,5
2023,test,5084,125,5
2024,development,12332,287,5
2024,test,4525,119,5
2016,development,1453,118,20
2016,test,891,66,20
2017,development,6842,158,20
2017,test,3449,88,20
2018,development,8653,179,20
2018,test,4379,93,20
2019,development,9597,174,20
2019,test,4839,96,20
2020,development,7983,117,20
2020,test,4597,76,20
2021,development,9516,139,20
2021,test,4464,70,20
2022,development,7214,152,20
2022,test,3497,76,20
2023,development,7357,142,20
2023,test,3707,82,20
2024,development,7693,140,20
2024,test,3845,80,20
2025,development,8861,119,20
2025,test,4413,73,20
2016,development,605,56,50
2016,test,467,47,50
2017,development,2581,77,50
2017,test,1997,62,50
2018,development,3433,95,50
2018,test,2569,73,50
2019,development,4031,104,50
2019,test,3092,76,50
2020,development,3255,70,50
2020,test,2781,59,50
2021,development,3266,76,50
2021,test,2384,54,50
2022,development,2923,70,50
2022,test,2054,56,50
2023,development,3332,77,50
2023,test,2511,65,50
2024,development,3663,77,50
2024,test,2739,64,50
2025,development,4399,74,50
2025,test,3272,61,50
