depth_cm,column,dtype,description,use
5,Aspect,float64,"Legacy terrain aspect angle, degrees; models use the documented sine/cosine fields.",Traceability only; excluded from all model inputs and the six compact reuse tables.
5,Landsat_NDMI,float64,Legacy unused intermediate retained as stored; current DN contrast is recomputed in NDMI_Best.,Traceability only; excluded from all model inputs and the six compact reuse tables.
5,Landsat_NDVI,float64,Legacy unused intermediate retained as stored; current DN contrast is recomputed in NDVI_Best.,Traceability only; excluded from all model inputs and the six compact reuse tables.
5,Sentinel2_B1,float64,"Unused coastal-aerosol band field from the original snapshot, retained as stored. Not included in the 32 base predictors or any current fitted model; no current-input scaling is asserted for this provenance field.",Traceability only; excluded from all model inputs and the six compact reuse tables.
5,Sentinel2_B9,float64,"Unused water-vapour band field from the original snapshot, retained as stored. Not included in the 32 base predictors or any current fitted model; no current-input scaling is asserted for this provenance field.",Traceability only; excluded from all model inputs and the six compact reuse tables.
5,Sentinel2_NDMI,float64,Legacy unused intermediate retained as stored; not a current model feature.,Traceability only; excluded from all model inputs and the six compact reuse tables.
5,Sentinel2_NDVI,float64,Legacy unused intermediate retained as stored; not a current model feature.,Traceability only; excluded from all model inputs and the six compact reuse tables.
5,date,datetime64[ns],Calendar date derived from target_time for daily forcing matching.,Traceability only; excluded from all model inputs and the six compact reuse tables.
5,datetime,datetime64[ns],Original observation timestamp; observation_time and target_time document the current use.,Traceability only; excluded from all model inputs and the six compact reuse tables.
5,s1_datetime,datetime64[ns],Original S1 acquisition timestamp; s1_time carries availability explicitly.,Traceability only; excluded from all model inputs and the six compact reuse tables.
5,s2_time_diff_hours,float64,Legacy time-difference field retained as stored; current lags are recomputed from the retained timestamps.,Traceability only; excluded from all model inputs and the six compact reuse tables.
5,soil_moisture,float64,"Original observed target at 5 cm, in m3/m3; y is the current target column.",Traceability only; excluded from all model inputs and the six compact reuse tables.
5,station,object,Original station string; source_station is the documented identity column.,Traceability only; excluded from all model inputs and the six compact reuse tables.
20,Aspect,float64,"Legacy terrain aspect angle, degrees; models use the documented sine/cosine fields.",Traceability only; excluded from all model inputs and the six compact reuse tables.
20,Landsat_NDMI,float64,Legacy unused intermediate retained as stored; current DN contrast is recomputed in NDMI_Best.,Traceability only; excluded from all model inputs and the six compact reuse tables.
20,Landsat_NDVI,float64,Legacy unused intermediate retained as stored; current DN contrast is recomputed in NDVI_Best.,Traceability only; excluded from all model inputs and the six compact reuse tables.
20,Sentinel2_B1,float64,"Unused coastal-aerosol band field from the original snapshot, retained as stored. Not included in the 32 base predictors or any current fitted model; no current-input scaling is asserted for this provenance field.",Traceability only; excluded from all model inputs and the six compact reuse tables.
20,Sentinel2_B9,float64,"Unused water-vapour band field from the original snapshot, retained as stored. Not included in the 32 base predictors or any current fitted model; no current-input scaling is asserted for this provenance field.",Traceability only; excluded from all model inputs and the six compact reuse tables.
20,Sentinel2_NDMI,float64,Legacy unused intermediate retained as stored; not a current model feature.,Traceability only; excluded from all model inputs and the six compact reuse tables.
20,Sentinel2_NDVI,float64,Legacy unused intermediate retained as stored; not a current model feature.,Traceability only; excluded from all model inputs and the six compact reuse tables.
20,date,datetime64[ns],Calendar date derived from target_time for daily forcing matching.,Traceability only; excluded from all model inputs and the six compact reuse tables.
20,datetime,datetime64[ns],Original observation timestamp; observation_time and target_time document the current use.,Traceability only; excluded from all model inputs and the six compact reuse tables.
20,s1_datetime,datetime64[ns],Original S1 acquisition timestamp; s1_time carries availability explicitly.,Traceability only; excluded from all model inputs and the six compact reuse tables.
20,s2_time_diff_hours,float64,Legacy time-difference field retained as stored; current lags are recomputed from the retained timestamps.,Traceability only; excluded from all model inputs and the six compact reuse tables.
20,station,object,Original station string; source_station is the documented identity column.,Traceability only; excluded from all model inputs and the six compact reuse tables.
50,Aspect,float64,"Legacy terrain aspect angle, degrees; models use the documented sine/cosine fields.",Traceability only; excluded from all model inputs and the six compact reuse tables.
50,Landsat_NDMI,float64,Legacy unused intermediate retained as stored; current DN contrast is recomputed in NDMI_Best.,Traceability only; excluded from all model inputs and the six compact reuse tables.
50,Landsat_NDVI,float64,Legacy unused intermediate retained as stored; current DN contrast is recomputed in NDVI_Best.,Traceability only; excluded from all model inputs and the six compact reuse tables.
50,Sentinel2_B1,float64,"Unused coastal-aerosol band field from the original snapshot, retained as stored. Not included in the 32 base predictors or any current fitted model; no current-input scaling is asserted for this provenance field.",Traceability only; excluded from all model inputs and the six compact reuse tables.
50,Sentinel2_B9,float64,"Unused water-vapour band field from the original snapshot, retained as stored. Not included in the 32 base predictors or any current fitted model; no current-input scaling is asserted for this provenance field.",Traceability only; excluded from all model inputs and the six compact reuse tables.
50,Sentinel2_NDMI,float64,Legacy unused intermediate retained as stored; not a current model feature.,Traceability only; excluded from all model inputs and the six compact reuse tables.
50,Sentinel2_NDVI,float64,Legacy unused intermediate retained as stored; not a current model feature.,Traceability only; excluded from all model inputs and the six compact reuse tables.
50,date,datetime64[ns],Calendar date derived from target_time for daily forcing matching.,Traceability only; excluded from all model inputs and the six compact reuse tables.
50,datetime,datetime64[ns],Original observation timestamp; observation_time and target_time document the current use.,Traceability only; excluded from all model inputs and the six compact reuse tables.
50,s2_time_diff_hours,float64,Legacy time-difference field retained as stored; current lags are recomputed from the retained timestamps.,Traceability only; excluded from all model inputs and the six compact reuse tables.
50,soil_moisture_50cm,float64,"Original observed target at 50 cm, in m3/m3; y is the current target column.",Traceability only; excluded from all model inputs and the six compact reuse tables.
50,station,object,Original station string; source_station is the documented identity column.,Traceability only; excluded from all model inputs and the six compact reuse tables.
