physical_site_id,records,split,outer_fold
site_000a0398d32f1502,3,development,1
site_0089d624f3191d41,19,development,4
site_008c2bef2cb4aaa3,42,development,1
site_00edf1317915280d,726,development,2
site_01183702de237e95,1316,development,4
site_01e54199a3b60966,138,development,1
site_01e71c1017c5ea08,103,test,-1
site_026dbe6171ec07f4,71,development,1
site_02b6ac3cafd20e22,104,development,1
site_02e8a644cdec5140,380,test,-1
site_0312a18810484838,58,development,3
site_0322f6b7744e5e7d,83,development,2
site_03be10a6dc64b839,1265,test,-1
site_0430e77fe9702577,899,development,1
site_0472cafe265e9bf9,112,development,2
site_047754da87a40137,182,development,2
site_04a0ab31c36d8277,117,development,4
site_04a334aa2f23d43d,112,development,4
site_053660f2203e3d7e,3119,test,-1
site_05aa898de0a23cc1,66,development,2
site_05ea59dd4b3fe2f4,2,development,3
site_05ff70d4d3251126,56,development,3
site_0615e6ed7947021d,461,test,-1
site_0616304fbe5abc7f,91,development,2
site_062fed1c5ac99ce7,88,development,2
site_06a04a8025a352d0,4,development,4
site_06fbc9bb474fb230,913,development,4
site_0749a2df9169c11c,244,development,2
site_079486718438a070,226,development,0
site_08742d4ae665a707,60,test,-1
site_088275f9ba9853b1,86,development,1
site_0897d2a8d9842ad4,1323,test,-1
site_08cce474c4f1c65e,101,development,1
site_08db8db92cc27df6,416,development,3
site_0902e4bb7164303d,146,development,4
site_097bbf563f897742,21,development,1
site_0983900925777e9a,412,development,0
site_098c5f4a8213f315,52,development,0
site_09d142dad852325f,1859,development,1
site_0a639c884418ac75,179,development,4
site_0aa46021688a087a,1115,development,1
site_0ad0f907a285c78b,99,development,4
site_0b0ed8efdae8e576,91,development,4
site_0b38093eb399bd08,170,development,3
site_0b499005763b91ab,135,development,3
site_0b5d986a46425a8d,144,development,2
site_0b72a3f0c80e88c1,105,development,0
site_0b8a3827df1e1f6f,31,test,-1
site_0bb00355b6ac1991,26,test,-1
site_0bcb08d77ff25c9a,123,development,4
site_0bf83088dda14a95,57,development,1
site_0c4d512642175d8c,82,development,2
site_0cc518f8eb987b6e,801,development,2
site_0cc8f0bf6d22e691,356,development,0
site_0ce5386aeb45589f,1099,development,3
site_0d4c5dfa21f95cca,891,development,2
site_0d5442a09f1a2d6e,357,development,4
site_0d5e4db658745469,95,development,3
site_0d7b03db25fcc113,341,development,0
site_0da833e2b1888903,110,development,2
site_0dbafc8a640ef8c3,279,development,1
site_0dc29dbfcf3d5b45,16,development,4
site_0e03bfb1bac21c69,145,development,3
site_0e60c1f731fb2594,451,test,-1
site_0e7b99291027b045,403,development,1
site_0e8141914335992c,84,test,-1
site_0e88bbb351409588,121,development,0
site_0e94595e2d8280b9,63,development,1
site_0ea793c6917b8d1e,331,development,2
site_0ed7401c57e72edd,149,development,4
site_0ed89141fd172a0b,19,development,0
site_0f170214c09c03f1,20,development,0
site_0f333b36a4874c91,102,development,2
site_0f556398a37eba54,17,development,4
site_0f5c2c2840148780,391,development,0
site_0fabc5d0b4df5f64,317,development,4
site_0ff1990da553fc4d,975,development,0
site_1053b206858b1513,880,development,0
site_1055453212517d95,143,development,0
site_105ed3138c6bf909,585,test,-1
site_108f541d7e13b076,1187,development,2
site_10a7b62e4edfa545,98,development,1
site_10c8d1679d5581cf,142,test,-1
site_10d7d76e5b99709b,208,development,0
site_10dfc2a732e16d10,6,development,4
site_10ec1b51ff0dc0c8,84,development,0
site_11d0ddb199b9f010,2,development,1
site_125ba37c83dbcda5,409,development,2
site_12a59623d3dd3cb8,759,test,-1
site_12aaba88bfb65c8b,227,development,2
site_12b9e33344ecb056,522,development,0
site_12f6f97179080a87,406,development,1
site_12f79a44d2a41795,112,development,0
site_132a8b14e0d17c82,15,test,-1
site_13345716e1eac548,38,development,1
site_13471aa5ce158e45,113,development,4
site_136f0d570907389a,58,development,1
site_139d8263042fc17e,25,development,1
site_13a4a69bc620b9a3,67,development,2
site_14144d0d858434fd,21,development,1
site_14672231a55d516b,109,development,4
site_14af94b228986e6c,11,development,0
site_14d94a059a5aad1d,1401,development,4
site_15181625cd019aaf,735,test,-1
site_153d5fe2ea0a30b2,107,development,0
site_1540d45a23b55752,2386,test,-1
site_1540ed4ad947cd80,1296,development,2
site_15804522fbfefabb,162,test,-1
site_15a7df29fffec944,41,development,1
site_15fd0f8efa3618ec,756,development,4
site_162f5acccb1ccdb2,7,development,2
site_164f38fa74238777,27,development,2
site_165766e1d399cf97,157,development,2
site_165c41e6efa0bc8e,87,development,4
site_16e59e7364e5ed25,142,development,0
site_16f5711a84870069,350,test,-1
site_17476f5e1149b6dd,311,development,1
site_179c7b165166f05c,71,development,4
site_17e242c816bf9f13,31,test,-1
site_17fc3116fcf992a7,242,test,-1
site_181ff8c89ef12a6c,287,development,4
site_182cb9b0a7d4c94d,1,development,2
site_183b638a356ad6ca,93,development,1
site_18793582c71deee9,486,development,4
site_18be3f84accd05c4,1979,development,3
site_18bedc0a241bdc83,245,development,2
site_1929ba01621eda50,217,development,4
site_194102884b72b2f0,88,development,4
site_19bcb346c9572bcb,74,development,0
site_19cb1bd872c4d23c,99,development,1
site_19feb3f9e9d0726a,171,development,1
site_1a0cd59d1873112a,14,development,0
site_1a4e7fcd3c55d7fe,732,test,-1
site_1a52df5386240d07,520,development,3
site_1a9dbac658ebe085,81,development,3
site_1ae2faafa57e844c,288,development,2
site_1aed671cb5775e3a,41,test,-1
site_1b2f4be319c8a70d,152,development,2
site_1b5b434334fddc03,385,test,-1
site_1b80c38d7e4ee6c1,450,test,-1
site_1ba2419bf83859ca,145,development,3
site_1c24e8f1c4bd210e,105,test,-1
site_1c44b0fee88f9b96,825,test,-1
site_1c7e765219227837,159,development,2
site_1ce5634596e14607,1139,development,2
site_1cedce47f64df34a,254,development,1
site_1d1f4a4194ae00c3,182,development,3
site_1d6a4da433bfddd7,6,development,0
site_1d92331b9f8c002c,75,development,4
site_1dab76a1b26190f6,1016,development,3
site_1e0ab3dca10c0e53,65,development,3
site_1e115354ece8fb9b,39,development,2
site_1e3671cb73e4a59d,89,development,1
site_1e4554eec29098a5,97,development,2
site_1ead9d05e7924900,49,development,3
site_1eb51dd5677fabb0,754,test,-1
site_1eba4781a4697c65,66,test,-1
site_1ebbce006aed7c73,157,development,4
site_1f03845600024bcb,415,development,3
site_1f2f25947066509c,1223,development,4
site_1f80e745021951bc,179,development,1
site_1f87127a283de97d,2,development,1
site_1fa5a52b4f99f39b,10,development,1
site_1fe95dec232c15f6,833,development,4
site_203c950b486649d5,88,development,1
site_20551d8a0ce0f349,48,development,0
site_20796fb0f17ef76c,244,test,-1
site_20a8ade4f5c8dd77,1776,test,-1
site_20c84fb12b0c9692,116,development,0
site_20e55f2eceb79ec1,659,development,4
site_2129af38c776b519,207,test,-1
site_217117f471852d01,8,test,-1
site_21dedc2c24bafbff,158,test,-1
site_21ebeb5cd26e09ea,36,development,0
site_222278f15298d005,82,test,-1
site_22340386f3e3f6e8,784,test,-1
site_2266e199c1b4f8b1,182,development,1
site_227e9f5f717d877d,961,test,-1
site_228e3c936ac52751,419,development,0
site_2347a249c46a66c4,345,test,-1
site_235eba2509daa049,368,test,-1
site_237e685bbdd8644d,951,development,2
site_23d2f2404f4bbe4e,117,development,3
site_23e0c01fc0e0a37a,340,development,1
site_2430820d6924f0bf,453,test,-1
site_24a155d00f2ce6ce,888,development,1
site_24bc1a63008e8e56,630,development,3
site_24bea14e8249e50f,135,development,3
site_257ba699ad2936b5,86,development,1
site_25849ed7ce13a56f,7,development,2
site_25bb1d03fe665fce,56,development,3
site_25c3911a44e2e266,598,development,3
site_25db0a3f364cf3fa,37,development,3
site_26066c2f9061bb32,267,development,2
site_26149aa81404cf67,120,development,2
site_261c25e44abd6c6d,648,development,1
site_261e3bb708a6a167,65,development,4
site_2689516b5f07761f,394,development,3
site_26f018cca8362487,577,development,0
site_270decc0b97d0896,280,development,4
site_27f3e459f878a074,39,test,-1
site_284ff462bff5925c,321,development,4
site_28811755f8d612c5,518,test,-1
site_28aa95e397da1f11,942,test,-1
site_28bd97dda8311cf0,96,development,4
site_28de8124779d0d55,1227,test,-1
site_292d280e566004c1,91,development,3
site_2985b162668c5c55,2345,test,-1
site_29971fce7657be9c,156,development,2
site_29c64bda55c4bd6f,192,test,-1
site_29fa7d91f9cd3f03,186,development,1
site_2a096aef4be52591,150,development,0
site_2a66162bd2a4e4b1,187,development,4
site_2b0159df0d3593f2,3340,test,-1
site_2b3f29278516de7a,6,test,-1
site_2b657e21e1c1d622,416,development,2
site_2bdf67bbe8daf858,430,test,-1
site_2c61711a8eb15185,175,development,0
site_2d0695836558269a,137,development,1
site_2e03a5b4a3fc6fe0,107,development,4
site_2e6f197ad6e426eb,271,development,3
site_2eadbc791936fa20,822,development,1
site_2eb90940ae2529bc,146,development,1
site_2ecbb3b2737ff9d4,67,development,0
site_2f0889c210c46106,559,test,-1
site_2f26f6cb2eb2e276,225,development,2
site_2fcf507763e5c1f5,290,test,-1
site_300613673c8de12a,290,test,-1
site_301436b06877aab0,44,development,2
site_3058377fafc959d8,52,development,2
site_3137c8df98fd9aaa,146,test,-1
site_313b58fce7205197,400,development,2
site_31563788a284dc59,162,development,2
site_319d460a95d287a7,55,development,3
site_3217bb9d364dc6e1,65,test,-1
site_321be016bdfe2f21,126,test,-1
site_3220441f2300a775,11,test,-1
site_323cc8255b0caa4e,56,development,1
site_32983262837b2abc,52,development,2
site_32a7eff6ca5c3a9e,91,development,3
site_32aa1fd33af84607,96,development,0
site_32d33ae0920bdcec,147,development,1
site_32e9d9454ab82a2b,29,development,3
site_336eb2211c230ef4,24,development,4
site_339436d4fdc7f394,383,test,-1
site_33b97ae8001c6da4,260,development,2
site_33d9c76285abfbd1,64,development,4
site_33e57061030aaa1a,42,development,3
site_33f1b9849f9edfe3,554,test,-1
site_345540dea6a21328,13,development,4
site_3527ca4be8ad318d,825,development,1
site_3531c10ad7b4bb62,102,test,-1
site_360469521723c0bf,302,development,1
site_3611ac9a5b4c6a7c,47,development,3
site_365133aa4290174f,1361,development,2
site_3669ed0d65622c4a,171,development,1
site_367fad9034e246b1,109,development,3
site_3689d6d87dde2957,1295,development,0
site_36915ea55aeee9ea,124,development,0
site_3697f876563488cb,160,development,4
site_36bf0be122b5ada0,62,development,4
site_36f59764e16c0acf,11,development,3
site_37100d9c494e6343,36,development,2
site_3744ab32b5fabc06,14,development,1
site_3754c55a59175277,6,development,4
site_375c426fdc1374d0,60,test,-1
site_37c98a51b9f80f45,335,development,4
site_383a8c8b2965611f,1542,development,3
site_386cdfdcf9b17142,388,development,1
site_389215a205727fd3,94,development,0
site_38bba0231f056806,1360,development,0
site_38d8c6108ca3a5d7,184,development,1
site_38e9996f46050579,36,test,-1
site_38eb3791b353069b,1302,development,1
site_38fe9bf25990ebba,147,development,0
site_395c4ccb7a4b9df2,382,development,4
site_3987775e61ab1836,60,development,1
site_3999cca71a6a19c4,409,test,-1
site_39ac65528c2f5495,202,development,4
site_39e3332a33e328c0,156,development,4
site_3a1e52ef4ac63381,121,development,0
site_3a5236be8f7914ba,871,development,3
site_3a558feb29bc33aa,50,development,1
site_3a937f5b829d5ca2,19,test,-1
site_3aab5eecf1e576ed,227,development,2
site_3abbee567ebeead8,197,test,-1
site_3b418123c1eb9bb6,39,development,2
site_3ba67f452cc05c7e,156,development,2
site_3bce6f9707106717,37,development,3
site_3c025b5f7926190d,54,development,3
site_3c21ace69367fd43,31,development,3
site_3c2ff06ad9a9ceca,167,development,1
site_3c6c836e47ad4756,59,development,1
site_3c7d683bfc4f8d05,1178,development,3
site_3c8e248cc33b4c5e,1567,test,-1
site_3ca3ac940f9bb99a,230,development,4
site_3cacfdfbb247178d,10,development,0
site_3d3d4af3226bd56f,68,development,3
site_3d8d46208058ae66,97,development,3
site_3e31c46f52e2f00d,196,test,-1
site_3e3dd959fc43e496,515,development,1
site_3e51154ef3d04419,463,development,1
site_3e869a526b77cd87,53,development,2
site_3e8e42936f50143d,855,development,0
site_3ed9981ace9fa417,10,development,1
site_3f0cc8bf9a017f1f,60,development,1
site_3f80251a944e7c4c,134,development,4
site_3f885209ae19b689,226,development,4
site_3f8f25f0fa2a3f3b,64,development,4
site_3fd206a570dca7d5,52,development,4
site_3fe88af73a278f09,684,development,0
site_402a00535323377d,283,development,2
site_40392ec0ab51085a,129,development,3
site_4053c6fd726ad6c4,11,development,1
site_407ca9c992d16c80,4,development,2
site_40c02fde736492a1,19,development,2
site_40cb16253de7adad,463,test,-1
site_412000fd5fa9933e,115,test,-1
site_413c6e860ea2e615,804,development,1
site_4148b96858a0e60a,171,development,4
site_420eb683366b57f6,91,development,4
site_426aa82109fc7c47,28,development,3
site_42ce68186715eeba,627,development,0
site_42d0b232cf256027,763,development,3
site_43b644a004cb99cb,16,development,2
site_43d513d9ee89a497,178,test,-1
site_44197305955a48a1,96,test,-1
site_444e34f5ad449f77,182,development,2
site_44541aad5ac7b92b,159,development,3
site_44bc4221af0e2690,281,development,1
site_4509aad7c317e1e1,956,test,-1
site_4522c9f47db04b3c,148,development,0
site_454123e8a1bcfe25,1345,test,-1
site_45455afc61601263,365,development,0
site_454d64b6e8b743da,118,development,3
site_454f86a28db067ff,49,development,2
site_457c8dbf463cd4ea,137,development,1
site_45a2a929d5aff17f,576,test,-1
site_460afd4b6202d4b4,50,development,0
site_465014c5dd5de0e8,2,development,1
site_466206aef45119ae,1,development,3
site_4680c02330a5a24c,432,development,2
site_4689968a649fae30,1000,development,4
site_46bafd0adecf0a54,8,test,-1
site_46bbd0d57edf9712,339,test,-1
site_46c69a3772747cb8,125,development,4
site_473ba30122663331,178,development,2
site_476905a4283d906f,111,test,-1
site_47749587de8e2aac,434,development,2
site_479c9178cadeeacf,620,development,4
site_47cb8752f353f72a,342,development,1
site_4820638a678db67d,55,development,0
site_48ab6dd953268db1,549,development,4
site_48bc99c681181b96,844,development,0
site_48c050cdab5aaa88,41,development,2
site_48c0bfa2a3485fb7,153,development,3
site_48d263b97f32a2d9,96,development,0
site_48ec25901538e693,155,development,0
site_4915d0b8a484d43a,129,development,3
site_49564a03c4be2c20,119,test,-1
site_496ac9a9ab00ede4,112,development,3
site_496ee2f5b79c4b73,149,development,2
site_497344538a3f1eab,457,test,-1
site_49a35425669a6415,148,development,2
site_49b410d6df2872b8,187,development,0
site_49b534f23930be14,386,development,2
site_49c6fa050693ad67,346,development,4
site_49f7a3a08cf1a503,75,development,2
site_4a00a5537486f4ab,125,development,0
site_4a15ec3df99b7e73,6,development,1
site_4a51d234a3956647,115,development,0
site_4a5737c09be72760,59,development,3
site_4a605b11c85f3580,2436,development,0
site_4a71668c00a356e4,95,development,4
site_4accdc2358f08145,95,development,0
site_4aee712beb09287c,127,development,3
site_4afa6fca34a02012,148,development,0
site_4b307595d7b7b6da,381,development,0
site_4b6df3933469a704,81,development,1
site_4b78a1e10bf476d7,14,development,3
site_4c3440bb059c79cd,694,test,-1
site_4c8563a6e25ebea0,268,development,1
site_4cacd33e9c8aef19,344,development,3
site_4ce2c6daabd8ff5f,337,development,2
site_4cf39aeff92f0a07,17,development,1
site_4d238af0af441869,859,development,0
site_4d43b32f897968be,48,development,1
site_4d97122ac69c458e,260,development,4
site_4dd15b6db25eea2b,82,development,0
site_4deb698afc5ebdb4,26,development,0
site_4e276818ad8341d4,1307,development,1
site_4ea6d277e84496c8,413,development,0
site_4f3ef6ee56ee38cd,157,development,4
site_4f44a81224b8cd25,633,development,1
site_4f633f2c887097a9,136,development,4
site_4f8f6e54cc9c215b,18,development,0
site_4f9a1ac96b88317a,436,development,3
site_4fa99e2fc956380a,143,development,0
site_4fab225734bfdafc,402,development,1
site_4fb715e1d8003a2f,309,test,-1
site_4fc1c31a5e50a546,49,development,2
site_50267e58e39b31cd,227,test,-1
site_503f0d34679d2c3c,109,development,0
site_50560992666c8105,615,development,3
site_50a31a0d244519cf,60,development,1
site_51a191821f75c8e9,135,development,2
site_51c9ed6b23c0d8af,157,test,-1
site_51e9108791d53546,293,development,3
site_521b8a838df0ee44,2530,test,-1
site_524c0b4f56437dd1,10,development,1
site_52a99c537fd71479,333,development,0
site_52efe15d6a747228,616,development,0
site_53291964d8801d2b,7,test,-1
site_53e750ed31ea8834,151,development,2
site_53eb35d97b9cdb64,7,test,-1
site_545c918e740bed59,12,development,4
site_546608bf032b7c9e,63,test,-1
site_5475cf38df836ff4,649,development,1
site_54c3846d0762e78b,725,development,0
site_54c3cc61243c3e27,143,development,0
site_54f5633d7a10a0e4,93,development,0
site_551190f45891f632,40,development,2
site_551adab4779fd48e,312,test,-1
site_554a93a7d6df9a9f,46,development,2
site_5573faeabc901a72,4,development,4
site_557840f3689665d3,108,development,1
site_572718242301a76e,118,development,4
site_572a1b583bd03d5b,234,development,2
site_578ec6e41a4d5f5d,1037,development,2
site_57c9411d53d3b891,847,development,1
site_5809bead57720978,62,development,4
site_583630b60a1838c6,202,development,1
site_58667ddb3903bbc2,1842,development,4
site_5896b54480755cab,20,development,1
site_58e380359cb64c9c,342,development,3
site_591f3f72c730f39a,46,development,3
site_597762e6a978cef9,14,test,-1
site_5977dd6efaf94985,77,development,2
site_599174767340462c,13,test,-1
site_59c7d9e52ad4d8ab,85,development,1
site_59cc92ae49f9c2af,36,development,0
site_59e0fe7c4ae0f849,113,development,0
site_5a51afb7ef849491,62,development,2
site_5a77e4d3f6373317,1826,test,-1
site_5accfec62d994abe,1447,test,-1
site_5b0bcc4b6a2f87e4,113,development,2
site_5b5535c1e1c517da,37,test,-1
site_5ba32085b805fa13,239,development,0
site_5bf25e0531f88e2f,185,development,2
site_5c129902816da317,37,development,0
site_5c29c7471e58357f,54,development,3
site_5c9d0f2184928454,166,test,-1
site_5ca415a5fd8c11f3,149,development,1
site_5cc61f026daaaf5d,1,development,2
site_5cf31f5c04158e4a,244,development,0
site_5d503d0a92bc4d22,106,development,0
site_5d637e79fa207678,82,development,0
site_5d7124d87cc93b62,348,test,-1
site_5d757b731d458a94,262,test,-1
site_5d79652f78de4312,15,development,3
site_5de3489054d45a0f,49,development,1
site_5e24def8042ec3b4,11,development,4
site_5ec485e1198852d4,13,development,2
site_5ed1da21a10b6003,106,development,2
site_5edf4f1cdc32395a,114,development,2
site_5f27021d111ffc54,10,development,1
site_5f52ef3c28075a93,123,development,1
site_5f947fb788a4536d,119,test,-1
site_5fe2d8c9969b9003,30,test,-1
site_6009b70703dc2497,93,development,4
site_61177ae55f2ab0d9,67,test,-1
site_613f62e07f148531,126,development,3
site_617d5a69b08b72f8,37,development,3
site_617d695493df2178,92,development,2
site_6198a28ec3f8f86a,167,development,3
site_6201629ba4657cf4,77,test,-1
site_621b9dc6415ad601,132,development,0
site_621eb1eb5435955b,195,development,4
site_6277027d8a1380c0,524,development,4
site_62a63d63c871f1e4,95,development,1
site_63012b87359e4210,687,development,1
site_6307ca95d0b03b26,121,development,1
site_63148af2428e7132,712,development,2
site_633f81ba98074791,63,development,3
site_6367b6400c1e48bd,791,development,4
site_638a0536fcb5886f,372,development,3
site_639be43d81e5bd5a,1354,development,4
site_63bba9458fdad7de,128,development,0
site_63e7e96910147c52,10,development,4
site_63fc50b0256f0fb6,2,development,2
site_6411ebbe96528026,629,development,4
site_646b0b13ac40b218,356,test,-1
site_651ac46c08004df7,601,development,4
site_651b6ffa617fc102,117,development,2
site_653b7646a624636a,25,development,1
site_655489b2dd82c473,1360,development,2
site_655b8133c0a83295,77,development,2
site_6566fe1cc1e2b914,126,test,-1
site_657937702d0a4647,131,development,4
site_6641dc35f7f7b1d6,5,development,0
site_667d683049a1748d,80,development,2
site_669ad6ba4bcd30e6,57,development,3
site_66c5aa948cb00d80,6,development,4
site_66cab69faab895b3,471,development,3
site_66d01cf2ba4510d5,836,test,-1
site_66d7dca1620ed572,1016,test,-1
site_66dc6e5195d5372f,49,test,-1
site_6724da3b9f7cb3ab,389,test,-1
site_67440af8dd535dfb,72,test,-1
site_67582d7e0a88b810,49,development,3
site_6770b4e6f1f2e8bb,472,development,0
site_6781e3fbf21b29a1,73,test,-1
site_68221dfdbb1b1ea4,128,development,1
site_68322e90dd9563bf,434,development,4
site_68a69fed5c9dc2db,688,development,2
site_68bc9d9136a91d21,185,development,0
site_68cc6a1e0541208f,9,development,2
site_68df3e54f8cc23c6,117,development,3
site_68e0a7cac180b7fb,385,development,0
site_68fa0f241abecf2a,707,development,2
site_694aad5289524593,35,development,4
site_69670e737191984a,288,development,3
site_697fb58ab8720f1f,11,development,3
site_69dbfe52882f2d4a,41,development,2
site_6a1c5e38a054464b,129,development,2
site_6a31951f1e7ac87b,178,development,4
site_6a5dcbf93bf1dcc1,110,development,3
site_6a951d61e5b0518b,6,development,2
site_6ad88141a5448851,1172,development,3
site_6af774998b80a846,413,development,1
site_6af9b829a3e0be45,70,development,0
site_6b5f97294d8bc101,70,test,-1
site_6bb6d38be9a11acb,136,development,0
site_6c11bede8264f753,197,development,1
site_6c44d098207f2e1c,269,test,-1
site_6caf07a2afe1dffd,1318,development,2
site_6cb3e406456efe20,167,development,4
site_6cb8ba95bd0dee4d,341,development,0
site_6ccc6476b82407ef,37,development,2
site_6ce971c90b49aeb0,177,development,1
site_6d0e46f32994dd93,485,development,2
site_6d48a42f8098677d,204,development,0
site_6d6ecd1531a550b1,62,development,0
site_6d764ff710881490,1938,development,2
site_6d8dffdbd5a0f68b,215,test,-1
site_6eaed325c7afd5f2,245,development,4
site_6ec0b265c8640204,38,development,0
site_6ed688016a61001c,189,development,3
site_6f19ba49405011b9,291,test,-1
site_6f1d891d977773b1,32,development,3
site_6f28bfb579cd23b2,141,development,0
site_6f4dcb1e04a51328,471,development,0
site_6fa03518f2e15749,74,development,3
site_70208b23c7d145de,145,development,0
site_7062702ffcf77fca,1173,development,2
site_707e8ec87cc7ca20,444,test,-1
site_70a4655a50185729,555,development,2
site_70a6cc65be0123f1,70,development,2
site_70cb37b6e2fc299e,25,test,-1
site_70dba7fc35b9a591,11,development,2
site_70ecc850263e23bf,836,development,1
site_712fbf5124fad3cc,51,test,-1
site_719e76f9794e1f46,104,development,1
site_71b412f8e5a4d387,203,test,-1
site_71caeba631cb8f76,161,development,1
site_71e9fd683ed1988c,57,development,1
site_72da2835c7ea074f,148,development,1
site_72f791e7a3b14404,388,development,3
site_734432da6e99253a,201,development,1
site_73483f87b1a225a5,907,development,4
site_734a8ec3d3587deb,1737,development,4
site_73fced68c3c0a0ff,1124,development,1
site_741bd07218da164c,256,development,1
site_74428aba30f813ae,171,development,4
site_7463527a899d9995,2347,development,4
site_74ac127e792b6d34,31,development,4
site_74d6733a337aa5b5,770,development,4
site_74f9bdce7726846f,155,test,-1
site_754a56eb31e06ac7,75,development,1
site_756658a5e0df9526,54,development,3
site_75783e392ac0cb24,929,test,-1
site_759cefd155ffd327,4,development,2
site_75a0a6603ab1116e,1543,development,0
site_75b87fcb8d56b55c,180,development,4
site_75cd6b50825796c7,138,test,-1
site_75f094d197034591,390,development,0
site_763dec14eaad3a50,1497,test,-1
site_76b0c722c519421c,779,development,0
site_76d40218bcda5d42,1221,test,-1
site_7701ccd363543751,52,development,3
site_772df34a4c6e4a0a,60,development,2
site_77587960eddec8d4,968,test,-1
site_77cb72593212dbbd,250,test,-1
site_783ea304b6cb08b0,29,development,4
site_792ac7c0f3887a80,3,development,3
site_794f4adab7e8609a,1967,development,2
site_79798e714cfe0874,3,development,4
site_7a906ff08163d278,8,development,4
site_7abf564ee0e4b0ad,385,test,-1
site_7bad05b7ba319e5b,174,test,-1
site_7c54957b5bc14b62,396,development,4
site_7ce6c15ef40a9887,868,development,0
site_7d0e70aae0f59866,1345,test,-1
site_7d5d2b00a197b946,416,development,1
site_7dc3504cdb8699cf,179,development,1
site_7de361dfa684e7f9,3,development,3
site_7df014884b3dac8e,148,development,0
site_7e86404aaf2aaa5a,177,test,-1
site_7e8e5e3d7101de47,48,development,0
site_7ef0e8cfe00f6fb9,14,test,-1
site_7f0acd7df3af84c3,388,development,0
site_7f10cc6142e2e1b8,766,test,-1
site_7f390377c8e2ab7d,42,test,-1
site_7fcd5783abd3f3a0,300,development,4
site_805bc67324f4fafc,23,test,-1
site_806e9d4b2bc5b7aa,1595,test,-1
site_80ae082a98e7f1d4,133,development,0
site_81129771a744e168,1,development,1
site_8126bf120df6e8fa,258,development,2
site_81332b77ce0bc2f6,1006,development,3
site_814a74a697656439,144,development,4
site_81b448dff9fe7139,227,test,-1
site_81c3c43b60e335cf,140,development,1
site_81d19e24593ab11d,26,development,4
site_827e793321bdd790,11,development,4
site_82c39951fac19c89,507,development,2
site_82fc0f846e9a1ddb,251,development,1
site_83403fd7c9ad70f1,108,development,0
site_8350ab85e51c782b,81,development,3
site_83d3240e2682e7b8,127,test,-1
site_84025ad53bb001c3,582,development,2
site_841029a3fc0d0421,80,development,4
site_84322f1b7a2f6859,530,test,-1
site_84c38121549d3808,452,test,-1
site_84dbfb194c437ec0,301,development,1
site_854fdc7c18ee8233,115,test,-1
site_861ce199e425915f,180,test,-1
site_863c334735fb9bf1,339,test,-1
site_863f22c1c90857e1,146,development,1
site_86b7f22d3a648755,740,development,2
site_86deda94196a1d6c,8,development,4
site_86df5ff689e856be,52,test,-1
site_86f357dc9d6e4680,58,development,3
site_87666ca1581a674d,87,development,4
site_87ec218e6b6d4b81,397,development,3
site_88607d4559554ef6,42,development,0
site_88b325bed90e5cd8,187,development,2
site_88edadfb8f5755a7,34,development,4
site_8905c26daaab430e,211,development,3
site_890a05e971c0451c,86,test,-1
site_8922fa4ef2bfa4f1,176,development,4
site_893f317eefde406f,217,development,3
site_896afd85d5a18675,32,test,-1
site_899e1b3be68444b6,2,development,2
site_89b67bc04797f8a3,780,development,0
site_89d7fda60b8576e0,395,test,-1
site_8a1832d1d577309d,75,development,0
site_8a227a0556c22f70,136,development,3
site_8a95dad53e3ef658,232,test,-1
site_8adbe57839dd7587,31,development,1
site_8b49c8c099ceaa41,185,test,-1
site_8b5408c589cc3993,120,development,3
site_8b64753d75204fe6,178,development,1
site_8b8c1728607fc339,11,development,2
site_8bb1693abbdef724,422,test,-1
site_8bf3ec991527937e,292,development,4
site_8c584caec5491a2c,154,development,0
site_8cafedb38b43a4db,149,development,0
site_8cc16869ec1e1da8,277,test,-1
site_8cc96a31a772bfea,373,development,2
site_8ce1daba0ed42d33,7,development,4
site_8cee030029879195,657,development,1
site_8e38800fbe0e21e5,171,development,0
site_8e3ea373de88dc00,149,development,1
site_8e6ad22dcccafcc7,1246,development,0
site_8e827922ba5b5da3,46,development,0
site_8ea1310ade5fc61a,6,development,1
site_8eb987af49bead43,440,development,2
site_8ed4687e22806c1c,13,test,-1
site_8ef0c5f52c2e7704,301,test,-1
site_8f57c9e1dd32efc2,337,development,0
site_8fa7ffd1566cb92a,100,development,1
site_8fd20385af85644b,1273,development,0
site_901a320e9c405a2e,98,development,0
site_904aa20c648a7a66,65,test,-1
site_90c4f5b431597729,821,development,1
site_912580bb93bae080,336,development,2
site_912957a44bff743f,278,development,0
site_916f2628195f7cd3,247,development,2
site_917287f92c952f20,38,development,4
site_91e14ae535f79ace,96,development,0
site_91ea89ee8d5d5b53,580,development,0
site_91ee6299c921b981,856,development,1
site_924ffc782c7352b5,439,test,-1
site_92ac3b6c2c87c639,732,development,2
site_92b0fa719fa97ab5,94,development,0
site_92d25300e45f668d,35,development,4
site_92f4bc71b766e85f,213,development,0
site_9325c992d0f1e0e4,864,development,1
site_93742f2df91eb28f,113,development,1
site_93e093b0ecc1d78c,41,development,3
site_94398cd24f99ecb3,80,development,0
site_9463f490fbd10247,195,test,-1
site_947d9a648844f933,811,development,1
site_948f865f7f081052,88,development,4
site_952481bd3cb76606,1424,development,2
site_9563943b41248204,316,development,4
site_956a5215e9d24ea6,175,development,4
site_9573cc360aa7a95d,83,development,0
site_958e4efd3b956de9,1375,development,2
site_95a6e0674f2876c2,37,development,1
site_95aa1a90ae6a3184,54,development,4
site_95c50f37760ba8b9,9,development,4
site_95c602c0f19bc7dd,1252,development,4
site_960e43f47225dd5e,138,development,4
site_96144cbf74954033,5,development,4
site_9645b57909c3f762,23,test,-1
site_96a5abc509a3a15b,64,development,4
site_96e92296d2491d86,1358,development,4
site_96ea37eab36e72c1,208,development,1
site_971bf07b5c1c6549,166,development,2
site_977580436f81c571,3218,test,-1
site_97832a03d9613f37,33,development,2
site_978ff47db3a1c5a1,322,development,2
site_97ad06a1706d85fa,20,development,3
site_97b9cf35873933d5,736,test,-1
site_98378de2aa945723,63,development,2
site_983e670b17ddf306,261,test,-1
site_9898264bce191dea,842,development,4
site_98b5a51181513eb5,521,test,-1
site_98b84b664f32321c,3192,development,4
site_9914472daa974be8,1184,test,-1
site_99359b775dbc987c,101,development,0
site_9963ae44b09a6e46,127,development,2
site_9978a236cbbfb40f,39,development,4
site_99e4e71469e203aa,104,development,0
site_9a39d33121ec563e,972,development,3
site_9a5b564ee1a1517d,676,development,2
site_9a64702d11a0ca56,5,development,0
site_9a99fb7f0cd8cd33,110,development,0
site_9aa6317ba764d9b9,127,development,2
site_9b62f4534e47f978,386,development,0
site_9b887de986760bf2,480,test,-1
site_9bb3648a2ef66eb2,76,development,1
site_9bcdb4682bce48b9,67,test,-1
site_9c2d82de18c716a5,41,development,3
site_9c3923563de1bc2a,115,development,0
site_9c3f2a2a90bf94af,109,development,2
site_9c51efef96062ac3,183,development,1
site_9c5e0ec7dff35c9c,35,development,1
site_9ca12fe149def76c,9,development,2
site_9cfda7361157a69e,189,development,4
site_9d37db519b104e32,64,development,0
site_9d73848123a6a95b,64,development,2
site_9dbd78e6c2f64c18,70,development,1
site_9e0c7cff2a642903,104,development,2
site_9e4afb6a8f7ad2cf,1210,test,-1
site_9eb9cb71933abd8d,145,development,1
site_9f1083ed35aa92f7,172,development,0
site_9f12426b620c51cf,101,test,-1
site_9f1e476ae99152c9,445,test,-1
site_9f57a1eb8c53e14d,2081,development,2
site_9f76ab7d5518980d,176,development,4
site_9f8869a238f7fb2c,382,test,-1
site_9fdd13189c6a4b41,134,test,-1
site_9ff0a0ccad22ddc6,126,development,3
site_a022a72950c921d2,332,test,-1
site_a044c6ba9277ce3b,844,test,-1
site_a08eaaa4540846cf,142,development,1
site_a0a221a9f908364b,69,development,1
site_a0c291a961f2a716,2864,test,-1
site_a0d01f20e2427c2c,13,development,1
site_a1da79e1324e0f0b,139,development,2
site_a248dbe2d1a2adcc,561,test,-1
site_a2c2e8340755d8a7,83,development,0
site_a2dd98acaefee6f4,784,development,3
site_a30a3623711ec917,255,development,3
site_a3440058322ffd4e,564,development,3
site_a3ad14b1dd64a3e4,55,development,3
site_a3eb3ebe590ad832,109,development,0
site_a3fe6dc1994cbcf1,41,development,4
site_a408c1f09c2d83d9,1352,development,2
site_a4122f0bf308f22f,156,development,4
site_a41c2614a1d6c7af,73,test,-1
site_a42d63e8b2f931d6,18,development,2
site_a44b748575c17771,8,development,2
site_a4e51d06a4c9f574,191,development,1
site_a507f74864d36b32,315,development,0
site_a55a51839f39337a,33,development,3
site_a5c2bfa9bb36639b,184,development,0
site_a5c5f553e4031a41,74,development,1
site_a5d95056137a1cb7,11,test,-1
site_a61c8cdc86211521,39,development,1
site_a62049e3761071cb,563,development,3
site_a637aa5eb6fad085,105,development,3
site_a6a5e3eb9fd3c985,1209,development,0
site_a728723d09857d1a,67,development,1
site_a73a8fe0a0e90dac,39,development,3
site_a73d8bbb894bc8be,176,test,-1
site_a7fe1c93212d2f37,103,development,0
site_a85957854004ad6e,10,development,1
site_a85f5d6458d2ef6d,1780,development,2
site_a8a04a98a04fa26e,41,development,0
site_a8d2970296172e46,359,development,3
site_a8f474364dc17adf,394,development,0
site_a92160c2510cdbec,2,development,0
site_a9455c71e74fd72a,25,development,0
site_a963d86424b18502,57,development,1
site_a96f2c7bd3cbff01,407,development,3
site_a98119a935505c9a,155,development,3
site_a9866d1cfd06e947,141,development,3
site_a9bb651af86c320d,265,test,-1
site_a9bff24a5451b631,238,development,3
site_aa2ce12749046dfc,311,development,3
site_aa4df3fb16db7e70,50,development,4
site_aa6af732ad487cde,102,test,-1
site_aaad533d86c5f947,240,development,1
site_aae8b0a4c0119c59,290,development,0
site_ab53cfe255b5cc4c,139,development,3
site_ab675503825cdd0c,57,test,-1
site_abdcb41ac727b4e7,485,development,4
site_ac16cbbd2f795846,35,development,4
site_ac240db4268c6c54,271,development,3
site_ac2a9b93fc2413dd,121,development,2
site_ac61e5b824661c38,734,development,2
site_ac6e3a81298a7ce5,53,development,3
site_acf798671ee3a747,63,development,1
site_ad04b63315ba2272,16,development,2
site_ad2b2a9828429935,1490,test,-1
site_ad53cb9b838bb8cd,1442,development,4
site_ae3ed38eaa09b85f,486,development,0
site_ae9ca32397bc3042,71,test,-1
site_af194bfb42414cbb,864,development,0
site_af2a74d9f9ddf3dd,20,test,-1
site_af687448e37c8c15,597,development,2
site_afa839e078f7a159,128,test,-1
site_afb9454fdc863c14,194,development,3
site_b019e673dfa447d5,669,development,3
site_b04900ecbfac7c98,10,development,0
site_b050cd10feccfd77,44,development,4
site_b07ebc840452ba9d,7,development,0
site_b0b863b5597ced77,189,development,4
site_b12672b82d8e070e,371,development,3
site_b18fe53daa1d7307,44,development,2
site_b2267c975c71dbb8,1559,development,1
site_b2271a910bc63599,20,development,2
site_b245fa887fc8016f,339,test,-1
site_b28acdbc0b46c698,117,test,-1
site_b2932e0c6b95db47,17,test,-1
site_b2c81cb18e128f03,89,development,3
site_b2da63ab5c4ee3dc,2,development,3
site_b2eaf44be71ff0ae,507,development,2
site_b30a47c3dfe5fc92,477,development,3
site_b33e3bea3571d4bd,118,development,1
site_b3f7168418402098,126,test,-1
site_b4081a628b4563f6,155,development,0
site_b419a77ce9d11fde,169,development,4
site_b42936ae6e6a0d03,596,development,1
site_b436f4a91f17ee10,151,development,3
site_b491b5d705afd5f5,391,development,1
site_b49dd89f78142169,1890,test,-1
site_b4a169fed07d4305,259,development,1
site_b4d57a535cfd4a12,156,development,2
site_b5639796f8098e20,328,development,1
site_b56f5e1630d6deb2,15,development,4
site_b582b14f96e98786,39,development,2
site_b5f371f7af22139e,38,test,-1
site_b61ae4423402851d,358,development,4
site_b6580d1df11a1de9,941,test,-1
site_b67b52a6713d2819,119,development,2
site_b69cf9ad02aa761c,62,development,3
site_b708e7aad1210ce8,315,development,4
site_b72a5ec99205d5b7,153,development,1
site_b756906d27dccd10,62,development,0
site_b7a18627a594b786,96,development,1
site_b7a3262e8a713a7b,102,development,4
site_b812626cb80e0341,68,development,3
site_b843de06c1a6a47d,191,development,3
site_b87223f545f36d24,58,development,0
site_b87cd5aaea8e51ba,65,development,2
site_b881d34c09ab42e7,115,development,3
site_b88b42ed32caf2f7,935,development,1
site_b904064dea358149,2280,development,0
site_b9048e7e348a00c2,124,development,4
site_b9661fa344baf0d4,144,development,4
site_b969a6c48312ad74,23,development,4
site_b9eaf91685021861,238,development,4
site_ba295fb465b7a123,102,test,-1
site_baf61fa27e289b2f,1650,test,-1
site_bb1efe9ff5e404ec,241,test,-1
site_bb41a05397abcbe3,238,development,4
site_bb59973d2df99f1c,65,development,3
site_bbd4ea535f73b619,192,development,0
site_bbfd063296f373c3,52,development,0
site_bc37e7bebe33d230,276,development,3
site_bc93eecd419d5cf1,153,development,0
site_bc9b171e4ce196ad,1203,test,-1
site_bcce4729161ec249,53,test,-1
site_bcde474edfd61b91,916,test,-1
site_bce64be690bbd347,62,test,-1
site_bcf274618f28d9ed,84,development,3
site_bd11119142bc591a,41,development,3
site_bd2bb9d55083fc3a,66,test,-1
site_bd599065e701bf2f,602,development,0
site_bdd9f4c5442812d1,142,development,1
site_bdfe6061d850b13b,146,development,1
site_be8516cfd6e0790e,150,development,2
site_bef0b5984488c172,591,test,-1
site_bef664d28695b721,15,development,1
site_bf2aa2626c0e2039,210,development,0
site_bfacedeb5df79c6e,100,development,3
site_bfb41a1d9187a44c,4,development,3
site_bfd5ae6a882cc3e5,1043,test,-1
site_c0555c6b321e4775,2,development,2
site_c0951b8580287e99,135,development,4
site_c0aaae0aecb597e5,655,development,2
site_c0baac71bcc40ff4,11,development,3
site_c0e5aee02ccea819,55,development,0
site_c1458c9cb325529c,104,development,0
site_c182efa4e364207f,1022,test,-1
site_c1eaac8764a60481,45,development,4
site_c204fd32b9271e1b,91,development,4
site_c29be1fac6229539,1559,development,4
site_c2fa2fe516862278,174,development,4
site_c33eaf01c8613ed2,878,development,1
site_c3aa24263a4277b0,258,development,4
site_c3aefe4e5e9b8037,305,development,0
site_c3d5b5decd374619,53,development,3
site_c3fac8d15831ac8c,148,development,2
site_c3fba37c42f73863,245,development,4
site_c438c579f3fbc2ec,83,development,1
site_c45005d41e05ffcd,278,development,2
site_c4ae57110fb255d4,1016,development,3
site_c4f8e2def8cc0f30,94,development,2
site_c55e48f9c70fa0cd,511,test,-1
site_c56fc9c5f1ff5d0d,122,development,4
site_c5994b65f46677b9,69,test,-1
site_c59fe04d734e33bd,568,development,2
site_c5e6851f6a622cc5,8,test,-1
site_c5ee40e68c26cb53,124,development,3
site_c6112b3d07cf93a0,216,development,3
site_c62b54e06aa4fffe,37,development,4
site_c6d377978f89caf6,53,development,3
site_c6db53a69289981e,501,test,-1
site_c6dbad6563643f29,50,development,3
site_c7184b24616d8b68,11,development,2
site_c79eeb4ffddf3d41,568,development,3
site_c7e77fa91cd0e5b5,45,development,4
site_c83832e8d67694ad,84,development,4
site_c8bbc74a2a93ec2f,104,test,-1
site_c8f87af663a64c0b,189,development,3
site_c8f923241d7b6cf3,153,development,0
site_c90d703c921023d7,1306,development,3
site_c918c9526fa62ebb,919,test,-1
site_c91d0d6c46ea62b9,967,development,2
site_c9aed1d9afe08cac,128,development,1
site_c9bedd1cb4a7f458,580,test,-1
site_c9e5c8b8112d21fb,124,development,0
site_ca4c08bc8824e7df,72,development,2
site_caaaa1aabb1e21d9,11,development,1
site_caab4140fe1f5c75,199,development,3
site_cadb6c34bf67432d,262,development,1
site_cae0124873df3612,127,test,-1
site_cb4bf51604d9132d,889,test,-1
site_cb6d0d529a35bf72,121,development,1
site_cb73c7416c77fcc5,47,development,0
site_cb8aadebec9e1fcf,153,development,3
site_cbe94aaae2e082ea,162,development,2
site_cc2f4e33aba4f988,49,development,4
site_cc39c5b4f811532d,154,development,1
site_cc4adebea528a6a7,171,test,-1
site_cc5b5abb6e110086,642,test,-1
site_cc701381aa01ffc3,51,development,3
site_cc73ca175d85bc6f,40,development,4
site_ccee683800437b50,18,development,2
site_cd09f5e742102c10,1019,development,4
site_cd9b47f2c6e7c758,40,development,4
site_cdb6242d14e183d0,160,development,0
site_cdbb0d22e7b06f01,359,development,4
site_cdd0193742d73d25,11,development,4
site_cdea46ac31c32470,97,test,-1
site_ce2a9736239174ff,54,development,1
site_ce572aca586ad2a5,4,development,2
site_ce840bd031a93a0e,69,development,4
site_cec4a302b657dde7,101,development,4
site_cedd671db129d181,93,development,1
site_cf05376790209007,362,test,-1
site_cf410c13c4f583ea,45,development,3
site_cf467e53e3fb79b4,253,development,4
site_cf53fcd25709e5dc,34,development,0
site_cf6b1b2134e1588b,836,development,1
site_cf7d6b44d8ca17d9,57,test,-1
site_cfa28b3d4c2af861,106,development,4
site_d04beb93196a3a21,622,development,2
site_d0ce78b41de4999b,103,development,0
site_d122c9eee96eec44,13,development,3
site_d132cef849713e59,125,development,3
site_d15ecf104b47687d,665,development,2
site_d19d0426f7d37618,153,test,-1
site_d1bc13bbd7c8604f,331,development,2
site_d1da6ed45ac274f5,50,development,0
site_d2004cfafa6e6923,174,test,-1
site_d294c8fc770b10a4,1337,development,0
site_d2a88afeebc07d80,46,development,4
site_d2c6c5fd07d735c9,974,development,2
site_d33b41fbc11cec5f,228,test,-1
site_d355ed29576c96c4,250,development,3
site_d35a7f73b803c0c5,1160,test,-1
site_d3c0f0b2faa9bb95,123,development,4
site_d4253e2faeb3b528,43,development,0
site_d46dadf54503ff71,88,development,3
site_d47f3d91f6768d70,53,development,2
site_d4fedf73db2d1d72,232,development,3
site_d55e4a9082082245,5,development,0
site_d57ef4f33b8af5eb,180,test,-1
site_d583e7eb857a6d07,415,development,0
site_d5dd2bb3b8af01ea,43,development,2
site_d5e7272a4c76be28,828,test,-1
site_d5fa35b8748ecd00,390,development,2
site_d65f83745aba7368,108,development,1
site_d68e520b86217ecc,289,development,4
site_d69e903c7a9d1235,9,test,-1
site_d6e0f79187805dc4,57,development,4
site_d735284ea202b77e,489,development,0
site_d74ec077de336965,168,development,2
site_d77add30347fd2bb,153,test,-1
site_d7943e43ff597b33,131,development,2
site_d7f9c6e15b892ab9,65,development,3
site_d80aeb123d7ed060,374,test,-1
site_d830d9e3fbd26651,2736,development,3
site_d8459840bc683e6d,9,development,1
site_d8c17cfcfd29e789,109,development,4
site_d8f779aeecdbd8d2,131,development,2
site_d91996c560da68ca,94,test,-1
site_d93f1ce9d07f856a,55,development,0
site_d953e178fc0d59d7,49,test,-1
site_da42d7233341c5fa,70,development,4
site_da8bcad340f647ba,6,development,0
site_da8c3e0e11f55458,3,test,-1
site_da99bb912bf39167,1569,development,3
site_daa49998006715f8,95,development,4
site_dabd51f8216ca183,414,development,3
site_dad0353659cda19f,170,development,3
site_daf47f9c44bf482f,99,development,4
site_dafe0965d62ae39c,205,development,3
site_db085d5191ab69be,682,test,-1
site_db8e4a0f1b9b5265,203,test,-1
site_db96cd85e659d65b,81,development,0
site_dbd15ac8d9118973,744,test,-1
site_dbd5f7c9c3a46705,3,development,3
site_dc096381800c2a0d,183,development,3
site_dc3fa845eee493af,75,development,4
site_dc829eafe59eeb8b,8,test,-1
site_dcaa88f5078de089,67,test,-1
site_dd79f703df4240fc,145,test,-1
site_dd81667799d2704b,215,development,4
site_dd8f5f5975cafcae,1112,test,-1
site_ddb8d9051d38fd31,29,development,0
site_ddd5a78c36a9e7a3,1246,development,3
site_de08b55dd68ab719,250,development,1
site_de0c25f31478d5ae,20,development,4
site_de2dd333b47cf663,29,development,3
site_df32de3b824705c1,130,development,3
site_df4d1a2cf99eda94,136,development,1
site_df5a72d9e6b0c9b0,547,development,4
site_df8e2a9486152870,479,development,2
site_dfb90b37de535da6,303,test,-1
site_dfda0bf114384539,49,development,3
site_dffc4a16666e5428,8,development,4
site_e03a086b6cf0400e,44,test,-1
site_e06c7a98fed0bd3d,30,development,2
site_e0819506e4cfd43e,655,development,4
site_e08b0590bf66e62a,296,development,2
site_e0a3f27c6c9560a4,56,development,3
site_e0ceb845349c800e,31,development,1
site_e0d226fb407c644c,29,test,-1
site_e0f23347bc3a360e,5,development,2
site_e112cf24dd2b666b,2,development,0
site_e1c83eb53198657c,16,development,1
site_e1d83ae86567245b,279,development,3
site_e217e123676f78e8,634,development,1
site_e236e8f6fb4c7e9a,247,development,1
site_e25a87142f53f607,921,test,-1
site_e285e97bc06024be,13,development,0
site_e31fada537e5be85,81,test,-1
site_e3489f2db8b7f610,188,development,1
site_e35bffa822780b41,269,development,1
site_e40d69be413aa48f,36,test,-1
site_e4206af93f2d6f2c,175,development,2
site_e44008751f3e2871,49,development,2
site_e443401d44fc1f23,1109,development,4
site_e473611ef37db918,1,development,4
site_e4827c2c7a3df4be,2128,development,4
site_e4a78bd8d0c42b04,2,development,0
site_e4ad3110c632fc3e,37,development,2
site_e4ae50497c1a098c,472,development,4
site_e4db2a28e10f56a8,204,test,-1
site_e4eafc6d8fd741ea,123,test,-1
site_e4f3e7026d41564d,550,test,-1
site_e526161d153fbae1,108,development,3
site_e580905782041227,176,development,4
site_e588e221141d9913,4,development,1
site_e5a46bf8593cb776,159,development,3
site_e60e5a5f7ff91a10,20,development,3
site_e60f7e42ba2fd8cd,702,development,4
site_e6202f28b556f35d,44,test,-1
site_e621c0e748219561,130,development,0
site_e66a4ad56098badf,214,test,-1
site_e68178f970e27383,20,test,-1
site_e690c844556f422b,404,test,-1
site_e692ba92ac3619b9,78,development,3
site_e6a22b9a62d6726c,14,test,-1
site_e6f2aca5e6ecbaba,167,development,0
site_e6f4ed93ce9ba081,413,development,3
site_e722a68e19572b18,24,development,4
site_e755ae9494167172,176,development,3
site_e785140d7a8337fa,389,development,4
site_e7895d956d62a46d,90,development,3
site_e7920aa397fb1716,99,development,4
site_e7c7570c7ae920ca,49,test,-1
site_e7d7202b18581b5a,73,development,2
site_e7defe0b5f5d29b7,231,development,2
site_e7df8a81d2875ad9,50,development,1
site_e7ee204eaac12eb2,47,development,1
site_e7f96e1f3cc1ed07,1104,test,-1
site_e813e7562543b91c,20,development,0
site_e84e6fd19eaae8f3,182,development,3
site_e894534d7e7a123f,425,development,2
site_e8f8ae12850cb4dc,28,test,-1
site_e8fdb2dcaaa2ec50,118,development,1
site_e908f29f409c402b,87,development,3
site_e9578e4592e63187,8,development,3
site_e98d1003be09654d,574,development,3
site_e99ab7a415991029,544,development,2
site_ea33c67804056e7d,182,development,2
site_ea8e6a4b740f4807,40,test,-1
site_ea99257f5d54ddf2,142,development,3
site_eafced833314a87c,939,development,0
site_eb3bc9a7aee9d6f6,324,development,3
site_eb828ca3e955ad1d,72,development,0
site_eba5cbc1dd84d08d,137,development,1
site_ebd1d9dd20e8b519,166,test,-1
site_ebf4f84d79acafd6,8,development,1
site_ec20e4065643efdb,708,development,3
site_ec5c390280c5e269,134,test,-1
site_ec919d9a24ddf81b,54,development,1
site_ecbc4520bb039c64,117,development,4
site_ecc12d0e9e01b47e,501,development,2
site_ed130293b294c5a2,116,development,1
site_ed8668d708cd9f42,70,development,0
site_ed9138fe753e1f02,63,development,1
site_eda005e51a299a0e,696,development,1
site_eda69cbc793382fc,461,development,2
site_edaebb980b341128,64,test,-1
site_edb67bacc6a2f615,2,development,3
site_edc41c47fa42988f,219,development,2
site_ee1921e55841ea0d,206,development,0
site_eea72b40a9affb2b,287,test,-1
site_eed5a748dadb3e1d,32,test,-1
site_eef5f3ba42e04423,140,development,3
site_eefad9fa85f80180,151,development,2
site_ef1a0b7a4f85647e,128,development,2
site_ef1b5625cbf889df,183,development,1
site_f005fd2353ec048d,130,development,1
site_f048e8218a2bc715,439,test,-1
site_f059546b5612f674,32,development,2
site_f07b80b3214910ba,44,development,4
site_f0c6d59d0f9c0409,104,test,-1
site_f0ccb43d6f9d9cfd,309,development,1
site_f1050af72de062ae,91,development,1
site_f1573be180b99853,119,development,0
site_f1dddf45471b7c4d,260,test,-1
site_f2121c68af27342d,60,test,-1
site_f2406d461022e2ab,1231,development,0
site_f2457bdf17f809aa,126,development,1
site_f2e692f63befa2ca,575,development,1
site_f35139d0576344b1,399,development,4
site_f39ad74b903eb489,284,development,3
site_f3f2a6aa7373ac0f,85,test,-1
site_f408269ff3bfc904,433,development,0
site_f40d91148ce5f169,100,development,3
site_f41236f6a73e8c51,344,development,1
site_f459e887bba62073,76,development,1
site_f468c03f1fedb166,141,development,0
site_f4812d36f8b87671,83,development,3
site_f48c6b207c3fab2d,284,development,2
site_f4ae282ac466260d,9,development,3
site_f4e6d6d6c1cafad7,124,development,2
site_f4e907a8ba8d1abb,51,development,0
site_f5886e48fa1c02ab,1178,test,-1
site_f5ae0072aa9d0a04,119,development,2
site_f5fb4b6c3b6ce99f,102,development,4
site_f617214b073c06c0,689,development,3
site_f645d63c8edb6a7a,176,development,1
site_f65ec349d3fa498b,397,development,2
site_f695cfa2b198ee8e,37,development,0
site_f6a13c8718860659,32,development,0
site_f6e487124edabf8f,133,development,0
site_f7b6fd0b704f24d5,64,development,3
site_f7ec25b67c1bb8cd,66,test,-1
site_f801eca3ddf0629c,849,development,3
site_f80bf9d30cd43152,243,development,2
site_f80fa89bf21ec41c,1315,test,-1
site_f841072278162b56,43,test,-1
site_f8577ef511842081,670,development,3
site_f85796d856927f97,73,development,3
site_f863ed028d428c3e,160,development,3
site_f8923c8bedba827f,29,development,3
site_f8bf18cf05681ba1,521,development,3
site_f8eac2912e70b402,306,test,-1
site_f9474c251f4c85b7,278,development,0
site_f956c78502603f81,851,development,1
site_f972f6b47d770e57,74,test,-1
site_f9b796db02c200aa,1258,development,1
site_f9f0235d2e05c1c5,86,development,4
site_fa6684a460ee051b,175,development,3
site_fa67fc8ac26d4830,132,development,0
site_fa6f730253456586,332,development,0
site_fa8f84308360a237,255,development,4
site_faac0be9a66c6585,533,development,3
site_fab524c655a9dd78,4,development,4
site_fadb31acf1acd232,565,development,2
site_fb12f9388775927e,36,development,3
site_fb1db350263dd164,722,development,0
site_fb318c5726a2f05c,842,development,0
site_fb4c3069d7e94bed,233,development,3
site_fb501c568fd614c3,94,development,2
site_fb66aa74c523bf6b,430,development,1
site_fb9a82d3dd21fd46,1267,development,1
site_fba0e174dd8f4dff,31,test,-1
site_fbbe7c46acc177a1,41,development,0
site_fbcf22b1e9843130,94,development,4
site_fc3e5e33830dc393,21,development,1
site_fc969b6a7d772c7d,88,development,1
site_fca46353b779e0c3,13,development,0
site_fd31180fadc66380,3,test,-1
site_fd711cc271cad6be,338,test,-1
site_fd9f51d6899fafaa,46,development,4
site_fdbd79ba7196fbc0,8,development,0
site_fdc82ceec9b4738e,288,test,-1
site_fe445170e29174a0,133,development,0
site_fe8014b9bedb3a60,34,development,2
site_fec3a957fbb4e7ff,3,test,-1
site_fed20609ec9b97b3,125,test,-1
