station_a,station_b,distance_m,basis
156.63.3Lappsaetra,156.63.3_Lappsaetra,0.0,normalized name and distance <=30 m
AguilardeSegarra,Aguilar_de_Segarra,0.0,normalized name and distance <=30 m
Ararimu-2602,Ararimu_2602,0.0,normalized name and distance <=30 m
Ararimu-2603,Ararimu_2603,0.0,normalized name and distance <=30 m
Ararimu-2604,Ararimu_2604,0.0,normalized name and distance <=30 m
Ararimu-2605,Ararimu_2605,0.0,normalized name and distance <=30 m
Asheville-8-SSW,Asheville_8_SSW,0.0,normalized name and distance <=30 m
Avondale-2-N,Avondale_2_N,0.0,normalized name and distance <=30 m
Batesville-8-WNW,Batesville_8_WNW,0.0,normalized name and distance <=30 m
BatlliudeSort,Batlliu_de_Sort,0.0,normalized name and distance <=30 m
Bedford-5-WNW,Bedford_5_WNW,0.0,normalized name and distance <=30 m
Blackville-3-W,Blackville_3_W,0.0,normalized name and distance <=30 m
Bodega-6-WSW,Bodega_6_WSW,0.0,normalized name and distance <=30 m
Bowling-Green-21-NNE,Bowling_Green_21_NNE,0.0,normalized name and distance <=30 m
BoyesCreekCanyon,Boyes_Creek_Canyon,0.0,normalized name and distance <=30 m
Brigham-City-28-WNW,Brigham_City_28_WNW,0.0,normalized name and distance <=30 m
Bronte-11-NNE,Bronte_11_NNE,0.0,normalized name and distance <=30 m
BrownsValleySchool,Browns_Valley_School,0.0,normalized name and distance <=30 m
Brunswick-23-S,Brunswick_23_S,0.0,normalized name and distance <=30 m
Buffalo-13-ESE,Buffalo_13_ESE,0.0,normalized name and distance <=30 m
CO-Z1-2001,CO-Z1_2001,0.0,normalized name and distance <=30 m
CO-Z1-2002,CO-Z1_2002,0.0,normalized name and distance <=30 m
CO-Z1-2003,CO-Z1_2003,0.0,normalized name and distance <=30 m
CO-Z1-2004,CO-Z1_2004,0.0,normalized name and distance <=30 m
CO-Z4-2101,CO-Z4_2101,0.0,normalized name and distance <=30 m
CO-Z4-2102,CO-Z4_2102,0.0,normalized name and distance <=30 m
CO-Z4-2103,CO-Z4_2103,0.0,normalized name and distance <=30 m
CO-Z4-2104,CO-Z4_2104,0.0,normalized name and distance <=30 m
CO-Z4-2105,CO-Z4_2105,0.0,normalized name and distance <=30 m
CST-03,CST_03,0.0,normalized name and distance <=30 m
CST-05,CST_05,0.0,normalized name and distance <=30 m
CabrieresdAvignon,Cabrieres_dAvignon,0.0,normalized name and distance <=30 m
CamidelsNerets,Cami_dels_Nerets,0.0,normalized name and distance <=30 m
Champaign-9-SW,Champaign_9_SW,0.0,normalized name and distance <=30 m
Chillicothe-22-ENE,Chillicothe_22_ENE,0.0,normalized name and distance <=30 m
ClotdelesPeresI,Clot_de_les_Peres_I,0.0,normalized name and distance <=30 m
ClotdelesPeresII,Clot_de_les_Peres_II,0.0,normalized name and distance <=30 m
ColldePaller,Coll_de_Paller,0.0,normalized name and distance <=30 m
Cortez-8-SE,Cortez_8_SE,0.0,normalized name and distance <=30 m
Corvallis-10-SSW,Corvallis_10_SSW,0.0,normalized name and distance <=30 m
Coshocton-8-NNE,Coshocton_8_NNE,0.0,normalized name and distance <=30 m
CreondArmagnac,Creon_dArmagnac,0.0,normalized name and distance <=30 m
Crossville-7-NW,Crossville_7_NW,0.0,normalized name and distance <=30 m
Darrington-21-NNE,Darrington_21_NNE,0.0,normalized name and distance <=30 m
Denio-52-WSW,Denio_52_WSW,0.0,normalized name and distance <=30 m
Durham-11-W,Durham_11_W,0.0,normalized name and distance <=30 m
Edinburg-17-NNE,Edinburg_17_NNE,0.0,normalized name and distance <=30 m
ElBoixer,El_Boixer,0.0,normalized name and distance <=30 m
ElMiracle,El_Miracle,0.0,normalized name and distance <=30 m
Elgin-5-S,Elgin_5_S,0.0,normalized name and distance <=30 m
EtiwandaDownstream,Etiwanda_Downstream,0.0,normalized name and distance <=30 m
FeatherRiverCollege,Feather_River_College,0.0,normalized name and distance <=30 m
Goodridge-12-NNW,Goodridge_12_NNW,0.0,normalized name and distance <=30 m
Goodwell-2-SE,Goodwell_2_SE,0.0,normalized name and distance <=30 m
GuYuan-01,GuYuan_01,0.0,normalized name and distance <=30 m
GuYuan-02,GuYuan_02,0.0,normalized name and distance <=30 m
GuYuan-03,GuYuan_03,0.0,normalized name and distance <=30 m
GuYuan-04,GuYuan_04,0.0,normalized name and distance <=30 m
GuYuan-05,GuYuan_05,0.0,normalized name and distance <=30 m
GuYuan-06,GuYuan_06,0.0,normalized name and distance <=30 m
GuYuan-07,GuYuan_07,0.0,normalized name and distance <=30 m
GuYuan-08,GuYuan_08,0.0,normalized name and distance <=30 m
GuYuan-09,GuYuan_09,0.0,normalized name and distance <=30 m
GuYuan-10,GuYuan_10,0.0,normalized name and distance <=30 m
Harrison-20-SSE,Harrison_20_SSE,0.0,normalized name and distance <=30 m
HeartKRanch,Heart_K_Ranch,0.0,normalized name and distance <=30 m
HellsDelightCanyon,Hells_Delight_Canyon,0.0,normalized name and distance <=30 m
Hoal-01,Hoal_01,0.0,normalized name and distance <=30 m
Hoal-02,Hoal_02,0.0,normalized name and distance <=30 m
Hoal-04,Hoal_04,0.0,normalized name and distance <=30 m
Hoal-05,Hoal_05,0.0,normalized name and distance <=30 m
Hoal-06,Hoal_06,0.0,normalized name and distance <=30 m
Hoal-07,Hoal_07,0.0,normalized name and distance <=30 m
Hoal-08,Hoal_08,0.0,normalized name and distance <=30 m
Hoal-09,Hoal_09,0.0,normalized name and distance <=30 m
Hoal-10,Hoal_10,0.0,normalized name and distance <=30 m
Hoal-11,Hoal_11,0.0,normalized name and distance <=30 m
Hoal-12,Hoal_12,0.0,normalized name and distance <=30 m
Hoal-14,Hoal_14,0.0,normalized name and distance <=30 m
Hoal-15,Hoal_15,0.0,normalized name and distance <=30 m
Hoal-16,Hoal_16,0.0,normalized name and distance <=30 m
Hoal-17,Hoal_17,0.0,normalized name and distance <=30 m
Hoal-18,Hoal_18,0.0,normalized name and distance <=30 m
Hoal-19,Hoal_19,0.0,normalized name and distance <=30 m
Hoal-21,Hoal_21,0.0,normalized name and distance <=30 m
Hoal-22,Hoal_22,0.0,normalized name and distance <=30 m
Hoal-25,Hoal_25,0.0,normalized name and distance <=30 m
Hoal-26,Hoal_26,0.0,normalized name and distance <=30 m
Hoal-27,Hoal_27,0.0,normalized name and distance <=30 m
Hoal-28,Hoal_28,0.0,normalized name and distance <=30 m
Hoal-30,Hoal_30,0.0,normalized name and distance <=30 m
Hoal-32,Hoal_32,0.0,normalized name and distance <=30 m
Hoal-33,Hoal_33,0.0,normalized name and distance <=30 m
Hoal-34,Hoal_34,0.0,normalized name and distance <=30 m
Hoal-36,Hoal_36,0.0,normalized name and distance <=30 m
Holly-Springs-4-N,Holly_Springs_4_N,0.0,normalized name and distance <=30 m
HoweRanch,Howe_Ranch,0.0,normalized name and distance <=30 m
IrrigationTechnologyCentre,Irrigation_Technology_Centre,0.0,normalized name and distance <=30 m
JR-1-2301,JR-1_2301,0.0,normalized name and distance <=30 m
JR-1-2303,JR-1_2303,0.0,normalized name and distance <=30 m
JR-1-2304,JR-1_2304,0.0,normalized name and distance <=30 m
JR-2-2401,JR-2_2401,0.0,normalized name and distance <=30 m
JR-2-2402,JR-2_2402,0.0,normalized name and distance <=30 m
JR-2-2403,JR-2_2403,0.0,normalized name and distance <=30 m
JR-2-2404,JR-2_2404,0.0,normalized name and distance <=30 m
JR-3-2501,JR-3_2501,0.0,normalized name and distance <=30 m
JR-3-2502,JR-3_2502,0.0,normalized name and distance <=30 m
JR-3-2503,JR-3_2503,0.0,normalized name and distance <=30 m
JR-3-2504,JR-3_2504,0.0,normalized name and distance <=30 m
Kenai-29-ENE,Kenai_29_ENE,0.0,normalized name and distance <=30 m
Kingston-1-NW,Kingston_1_NW,0.0,normalized name and distance <=30 m
Kingston-1-W,Kingston_1_W,0.0,normalized name and distance <=30 m
La-Junta-17-WSW,La_Junta_17_WSW,0.0,normalized name and distance <=30 m
LaCultiadAreu,La_Cultia_dAreu,0.0,normalized name and distance <=30 m
LaGrandCombe,La_Grand_Combe,0.0,normalized name and distance <=30 m
Las-Cruces-20-N,Las_Cruces_20_N,0.0,normalized name and distance <=30 m
Lincoln-8-ENE,Lincoln_8_ENE,0.0,normalized name and distance <=30 m
Los-Alamos-13-W,Los_Alamos_13_W,0.0,normalized name and distance <=30 m
LosCoscolls,Los_Coscolls,0.0,normalized name and distance <=30 m
LowerElk,Lower_Elk,0.0,normalized name and distance <=30 m
Manhattan-6-SSW,Manhattan_6_SSW,0.0,normalized name and distance <=30 m
MapleCity,Maple_City,0.0,normalized name and distance <=30 m
McClellanville-7-NE,McClellanville_7_NE,0.0,normalized name and distance <=30 m
Merced-23-WSW,Merced_23_WSW,0.0,normalized name and distance <=30 m
Mercury-3-SSW,Mercury_3_SSW,0.0,normalized name and distance <=30 m
MinQin-01,MinQin_01,0.0,normalized name and distance <=30 m
MinQin-02,MinQin_02,0.0,normalized name and distance <=30 m
MinQin-03,MinQin_03,0.0,normalized name and distance <=30 m
MinQin-04,MinQin_04,0.0,normalized name and distance <=30 m
MinQin-05,MinQin_05,0.0,normalized name and distance <=30 m
MinQin-06,MinQin_06,0.0,normalized name and distance <=30 m
MinQin-07,MinQin_07,0.0,normalized name and distance <=30 m
MinQin-08,MinQin_08,0.0,normalized name and distance <=30 m
MinQin-09,MinQin_09,0.0,normalized name and distance <=30 m
MinQin-10,MinQin_10,0.0,normalized name and distance <=30 m
Monahans-6-ENE,Monahans_6_ENE,0.0,normalized name and distance <=30 m
Monroe-26-N,Monroe_26_N,0.0,normalized name and distance <=30 m
Montrose-11-ENE,Montrose_11_ENE,0.0,normalized name and distance <=30 m
Muleshoe-19-S,Muleshoe_19_S,0.0,normalized name and distance <=30 m
NQBJ,NQ_BJ,0.0,normalized name and distance <=30 m
NQKema,NQ_Kema,0.0,normalized name and distance <=30 m
NQMS,NQ_MS,0.0,normalized name and distance <=30 m
NQNorth,NQ_North,0.0,normalized name and distance <=30 m
NQWest,NQ_West,0.0,normalized name and distance <=30 m
NST-01,NST_01,0.0,normalized name and distance <=30 m
NST-05,NST_05,0.0,normalized name and distance <=30 m
NST-06,NST_06,0.0,normalized name and distance <=30 m
NST-08,NST_08,0.0,normalized name and distance <=30 m
NST-10,NST_10,0.0,normalized name and distance <=30 m
NST-24,NST_24,0.0,normalized name and distance <=30 m
NST-30,NST_30,0.0,normalized name and distance <=30 m
NST-31,NST_31,0.0,normalized name and distance <=30 m
NST-32,NST_32,0.0,normalized name and distance <=30 m
Necedah-5-WNW,Necedah_5_WNW,0.0,normalized name and distance <=30 m
Newton-5-ENE,Newton_5_ENE,0.0,normalized name and distance <=30 m
Newton-8-W,Newton_8_W,0.0,normalized name and distance <=30 m
NorthCowMountain,North_Cow_Mountain,0.0,normalized name and distance <=30 m
Nunn-7-NNE,Nunn_7_NNE,0.0,normalized name and distance <=30 m
Oakley-19-SSW,Oakley_19_SSW,0.0,normalized name and distance <=30 m
Old-Town-2-W,Old_Town_2_W,0.0,normalized name and distance <=30 m
Pierre-24-S,Pierre_24_S,0.0,normalized name and distance <=30 m
Port-Aransas-32-NNE,Port_Aransas_32_NNE,0.0,normalized name and distance <=30 m
PotterValleyCentral,Potter_Valley_Central,0.0,normalized name and distance <=30 m
PotterValleyNorth,Potter_Valley_North,0.0,normalized name and distance <=30 m
Redding-12-WNW,Redding_12_WNW,0.0,normalized name and distance <=30 m
RedwoodValleyPineview,Redwood_Valley_Pineview,0.0,normalized name and distance <=30 m
RiberadeSio,Ribera_de_Sio,0.0,normalized name and distance <=30 m
Riley-10-WSW,Riley_10_WSW,0.0,normalized name and distance <=30 m
Riverhead-2704,Riverhead_2704,0.0,normalized name and distance <=30 m
Riverhead-2705,Riverhead_2705,0.0,normalized name and distance <=30 m
SaintFelixdeLauragais,Saint_Felix_de_Lauragais,0.0,normalized name and distance <=30 m
Salem-10-W,Salem_10_W,0.0,normalized name and distance <=30 m
Sandstone-6-W,Sandstone_6_W,0.0,normalized name and distance <=30 m
Santa-Barbara-11-W,Santa_Barbara_11_W,0.0,normalized name and distance <=30 m
SantaLuciaConservatory,Santa_Lucia_Conservatory,0.0,normalized name and distance <=30 m
Sebring-23-SSE,Sebring_23_SSE,0.0,normalized name and distance <=30 m
Selma-13-WNW,Selma_13_WNW,0.0,normalized name and distance <=30 m
SerradeCostaAmpla,Serra_de_Costa_Ampla,0.0,normalized name and distance <=30 m
Shabbona-5-NNE,Shabbona_5_NNE,0.0,normalized name and distance <=30 m
Sioux-Falls-14-NNE,Sioux_Falls_14_NNE,0.0,normalized name and distance <=30 m
SkylineHarvest,Skyline_Harvest,0.0,normalized name and distance <=30 m
StagecoachSkiEast,Stagecoach_Ski_East,0.0,normalized name and distance <=30 m
Stillwater-5-WNW,Stillwater_5_WNW,0.0,normalized name and distance <=30 m
Sundance-8-NNW,Sundance_8_NNW,0.0,normalized name and distance <=30 m
Versailles-3-NNW,Versailles_3_NNW,0.0,normalized name and distance <=30 m
Wharekapua-2801,Wharekapua_2801,0.0,normalized name and distance <=30 m
Wharekapua-2803,Wharekapua_2803,0.0,normalized name and distance <=30 m
Wharekapua-2804,Wharekapua_2804,0.0,normalized name and distance <=30 m
Wharekapua-2805,Wharekapua_2805,0.0,normalized name and distance <=30 m
Whitman-5-ENE,Whitman_5_ENE,0.0,normalized name and distance <=30 m
Wolf-Point-29-ENE,Wolf_Point_29_ENE,0.0,normalized name and distance <=30 m
Wolf-Point-34-NE,Wolf_Point_34_NE,0.0,normalized name and distance <=30 m
Yosemite-Village-12-W,Yosemite_Village_12_W,0.0,normalized name and distance <=30 m
YucaipaValley,Yucaipa_Valley,0.0,normalized name and distance <=30 m
grassland-soil-1,grassland_soil_1,0.0,normalized name and distance <=30 m
grassland-soil-2,grassland_soil_2,0.0,normalized name and distance <=30 m
grassland-soil-3,grassland_soil_3,0.0,normalized name and distance <=30 m
grassland-soil-4,grassland_soil_4,0.0,normalized name and distance <=30 m
grassland-soil-5,grassland_soil_5,0.0,normalized name and distance <=30 m
grassland-soil-7,grassland_soil_7,0.0,normalized name and distance <=30 m
grassland-soil-8,grassland_soil_8,0.0,normalized name and distance <=30 m
grassland-soil-9,grassland_soil_9,0.0,normalized name and distance <=30 m
marshland-soil-11,marshland_soil_11,0.0,normalized name and distance <=30 m
marshland-soil-19,marshland_soil_19,0.0,normalized name and distance <=30 m
Aberdeen-35-WNW,Aberdeen_35_WNW,0.0,normalized name and distance <=30 m
Asheville-13-S,Asheville_13_S,0.0,normalized name and distance <=30 m
BeaumontCherryValley,Beaumont_Cherry_Valley,0.0,normalized name and distance <=30 m
BordaColl,Borda_Coll,0.0,normalized name and distance <=30 m
Cape-Charles-5-ENE,Cape_Charles_5_ENE,0.0,normalized name and distance <=30 m
Chatham-1-SE,Chatham_1_SE,0.0,normalized name and distance <=30 m
Des-Moines-17-E,Des_Moines_17_E,0.0,normalized name and distance <=30 m
Dinosaur-2-E,Dinosaur_2_E,0.0,normalized name and distance <=30 m
Elkins-21-ENE,Elkins_21_ENE,0.0,normalized name and distance <=30 m
Fairhope-3-NE,Fairhope_3_NE,0.0,normalized name and distance <=30 m
Gadsden-19-N,Gadsden_19_N,0.0,normalized name and distance <=30 m
Gaylord-9-SSW,Gaylord_9_SSW,0.0,normalized name and distance <=30 m
Goodwell-2-E,Goodwell_2_E,0.0,normalized name and distance <=30 m
Hoal-13,Hoal_13,0.0,normalized name and distance <=30 m
Hoal-24,Hoal_24,0.0,normalized name and distance <=30 m
Hoal-29,Hoal_29,0.0,normalized name and distance <=30 m
Hoal-35,Hoal_35,0.0,normalized name and distance <=30 m
Ithaca-13-E,Ithaca_13_E,0.0,normalized name and distance <=30 m
JR-1-2302,JR-1_2302,0.0,normalized name and distance <=30 m
JR-2-2405,JR-2_2405,0.0,normalized name and distance <=30 m
John-Day-35-WNW,John_Day_35_WNW,0.0,normalized name and distance <=30 m
Joplin-24-N,Joplin_24_N,0.0,normalized name and distance <=30 m
Lafayette-13-SE,Lafayette_13_SE,0.0,normalized name and distance <=30 m
Lamont-CF1,Lamont_CF1,0.0,normalized name and distance <=30 m
Lewistown-42-WSW,Lewistown_42_WSW,0.0,normalized name and distance <=30 m
LezignanCorbieres,Lezignan_Corbieres,0.0,normalized name and distance <=30 m
Limestone-4-NNW,Limestone_4_NNW,0.0,normalized name and distance <=30 m
Lincoln-11-SW,Lincoln_11_SW,0.0,normalized name and distance <=30 m
Millbrook-3-W,Millbrook_3_W,0.0,normalized name and distance <=30 m
Murphy-10-W,Murphy_10_W,0.0,normalized name and distance <=30 m
NST-25,NST_25,0.0,normalized name and distance <=30 m
Northgate-5-ESE,Northgate_5_ESE,0.0,normalized name and distance <=30 m
Palestine-6-WNW,Palestine_6_WNW,0.0,normalized name and distance <=30 m
PeyrusseGrande,Peyrusse_Grande,0.0,normalized name and distance <=30 m
Socorro-20-N,Socorro_20_N,0.0,normalized name and distance <=30 m
Spokane-17-SSW,Spokane_17_SSW,0.0,normalized name and distance <=30 m
Stillwater-2-W,Stillwater_2_W,0.0,normalized name and distance <=30 m
TorredelLluvia,Torre_del_Lluvia,0.0,normalized name and distance <=30 m
Watkinsville-5-SSE,Watkinsville_5_SSE,0.0,normalized name and distance <=30 m
Wharekapua-2802,Wharekapua_2802,0.0,normalized name and distance <=30 m
WindyGap,Windy_Gap,0.0,normalized name and distance <=30 m
grassland-soil-6,grassland_soil_6,0.0,normalized name and distance <=30 m
