configuration,seed,outer_fold,newly_trained,selected_epochs,refitted_epochs,numeric_predictors,model,preprocessor,experiment_manifest,model_sha256
A,42,0,False,22,22,37,E:\UCDavis\AIL\sm\new2\revision_v6\models\50cm\ma_seed42\outer0\model.pt,E:\UCDavis\AIL\sm\new2\revision_v6\models\50cm\ma_seed42\outer0\preprocessor.joblib,E:\UCDavis\AIL\sm\new2\revision_v6\depth50_input_factorial\models\A_seed42\outer0\manifest.json,c3cdf7059096fdef39aad2f5048de9bed40918fd38c431686852fa5daa75de5a
A,42,1,False,15,15,37,E:\UCDavis\AIL\sm\new2\revision_v6\models\50cm\ma_seed42\outer1\model.pt,E:\UCDavis\AIL\sm\new2\revision_v6\models\50cm\ma_seed42\outer1\preprocessor.joblib,E:\UCDavis\AIL\sm\new2\revision_v6\depth50_input_factorial\models\A_seed42\outer1\manifest.json,ca5601895d328fd49fd4c6bb84b844c1fa45625b45c2c1fdf9c75d4293a31e2c
A,42,2,False,2,10,37,E:\UCDavis\AIL\sm\new2\revision_v6\training_strategy_review\models\50cm\warmup_floor10_seed42\outer2\model.pt,E:\UCDavis\AIL\sm\new2\revision_v6\training_strategy_review\models\50cm\warmup_floor10_seed42\outer2\preprocessor.joblib,E:\UCDavis\AIL\sm\new2\revision_v6\depth50_input_factorial\models\A_seed42\outer2\manifest.json,a01c8712ad685e41077d1c0a6826c99cc0d9fc425746c6793645c99ea9dc634b
A,42,3,False,7,10,37,E:\UCDavis\AIL\sm\new2\revision_v6\training_strategy_review\models\50cm\warmup_floor10_seed42\outer3\model.pt,E:\UCDavis\AIL\sm\new2\revision_v6\training_strategy_review\models\50cm\warmup_floor10_seed42\outer3\preprocessor.joblib,E:\UCDavis\AIL\sm\new2\revision_v6\depth50_input_factorial\models\A_seed42\outer3\manifest.json,b225d00220cb6a8bf7f1fb95c44bac1c7640e2c8e95c7cfcb9bcf20c8befd4ab
A,42,4,False,27,27,37,E:\UCDavis\AIL\sm\new2\revision_v6\models\50cm\ma_seed42\outer4\model.pt,E:\UCDavis\AIL\sm\new2\revision_v6\models\50cm\ma_seed42\outer4\preprocessor.joblib,E:\UCDavis\AIL\sm\new2\revision_v6\depth50_input_factorial\models\A_seed42\outer4\manifest.json,b11ff42c1fec889e0407a13d1e69dc0ea943818e75ff0716771085621fed8ab0
A,555,0,False,3,10,37,E:\UCDavis\AIL\sm\new2\revision_v6\training_strategy_review\models\50cm\warmup_floor10_seed555\outer0\model.pt,E:\UCDavis\AIL\sm\new2\revision_v6\training_strategy_review\models\50cm\warmup_floor10_seed555\outer0\preprocessor.joblib,E:\UCDavis\AIL\sm\new2\revision_v6\depth50_input_factorial\models\A_seed555\outer0\manifest.json,9a2297527a13bf2cf1f2ef1b86fc4d108cffaecda4ea0b4a8792faa051d58739
A,555,1,False,11,11,37,E:\UCDavis\AIL\sm\new2\revision_v6\models\50cm\ma_seed555\outer1\model.pt,E:\UCDavis\AIL\sm\new2\revision_v6\models\50cm\ma_seed555\outer1\preprocessor.joblib,E:\UCDavis\AIL\sm\new2\revision_v6\depth50_input_factorial\models\A_seed555\outer1\manifest.json,686419f81f3f4541cadb2c898f4b3c2f50e1ad3e5217bbbe85bc23910d704946
A,555,2,False,10,10,37,E:\UCDavis\AIL\sm\new2\revision_v6\models\50cm\ma_seed555\outer2\model.pt,E:\UCDavis\AIL\sm\new2\revision_v6\models\50cm\ma_seed555\outer2\preprocessor.joblib,E:\UCDavis\AIL\sm\new2\revision_v6\depth50_input_factorial\models\A_seed555\outer2\manifest.json,e4f421eee79b2bab1231aed93017c9d8b4decda3078dc8fdb28c78aca6360fa5
A,555,3,False,2,10,37,E:\UCDavis\AIL\sm\new2\revision_v6\training_strategy_review\models\50cm\warmup_floor10_seed555\outer3\model.pt,E:\UCDavis\AIL\sm\new2\revision_v6\training_strategy_review\models\50cm\warmup_floor10_seed555\outer3\preprocessor.joblib,E:\UCDavis\AIL\sm\new2\revision_v6\depth50_input_factorial\models\A_seed555\outer3\manifest.json,c2606b1266c98957d316ce31b128c61bc14f2fbc8daab2f7e343c40e6c1d6f97
A,555,4,False,23,23,37,E:\UCDavis\AIL\sm\new2\revision_v6\models\50cm\ma_seed555\outer4\model.pt,E:\UCDavis\AIL\sm\new2\revision_v6\models\50cm\ma_seed555\outer4\preprocessor.joblib,E:\UCDavis\AIL\sm\new2\revision_v6\depth50_input_factorial\models\A_seed555\outer4\manifest.json,46fb159edd0a4808808a97f956d956d12f4960d93219294f320a8f77b23ff4f9
A,7,0,False,4,10,37,E:\UCDavis\AIL\sm\new2\revision_v6\training_strategy_review\models\50cm\warmup_floor10_seed7\outer0\model.pt,E:\UCDavis\AIL\sm\new2\revision_v6\training_strategy_review\models\50cm\warmup_floor10_seed7\outer0\preprocessor.joblib,E:\UCDavis\AIL\sm\new2\revision_v6\depth50_input_factorial\models\A_seed7\outer0\manifest.json,c82bf07386c29f583f1391b3f78bca320e4f13d63706f0e37667bd639fd9d24f
A,7,1,False,8,10,37,E:\UCDavis\AIL\sm\new2\revision_v6\training_strategy_review\models\50cm\warmup_floor10_seed7\outer1\model.pt,E:\UCDavis\AIL\sm\new2\revision_v6\training_strategy_review\models\50cm\warmup_floor10_seed7\outer1\preprocessor.joblib,E:\UCDavis\AIL\sm\new2\revision_v6\depth50_input_factorial\models\A_seed7\outer1\manifest.json,b6cf640140daac7efa7c59d76262997926ae2ef283b5f10066249a08060da95a
A,7,2,False,4,10,37,E:\UCDavis\AIL\sm\new2\revision_v6\training_strategy_review\models\50cm\warmup_floor10_seed7\outer2\model.pt,E:\UCDavis\AIL\sm\new2\revision_v6\training_strategy_review\models\50cm\warmup_floor10_seed7\outer2\preprocessor.joblib,E:\UCDavis\AIL\sm\new2\revision_v6\depth50_input_factorial\models\A_seed7\outer2\manifest.json,4f5805f8fcaa7ed06cfe104e70d89e8916effe51b2f5c579438cacca046b5d25
A,7,3,False,10,10,37,E:\UCDavis\AIL\sm\new2\revision_v6\models\50cm\ma_seed7\outer3\model.pt,E:\UCDavis\AIL\sm\new2\revision_v6\models\50cm\ma_seed7\outer3\preprocessor.joblib,E:\UCDavis\AIL\sm\new2\revision_v6\depth50_input_factorial\models\A_seed7\outer3\manifest.json,5ead41e0182ee7e63772bf969313910a8cc4226b743ae583c96ad53a6a2cb7eb
A,7,4,False,6,10,37,E:\UCDavis\AIL\sm\new2\revision_v6\training_strategy_review\models\50cm\warmup_floor10_seed7\outer4\model.pt,E:\UCDavis\AIL\sm\new2\revision_v6\training_strategy_review\models\50cm\warmup_floor10_seed7\outer4\preprocessor.joblib,E:\UCDavis\AIL\sm\new2\revision_v6\depth50_input_factorial\models\A_seed7\outer4\manifest.json,0b0ff236aabf03faa434a16868dd7f5d2bcbfc8af51d925e0a2e6cda3e9e3b77
B,42,0,False,24,24,36,E:\UCDavis\AIL\sm\new2\revision_v6\models\50cm\no_cascade_seed42\outer0\model.pt,E:\UCDavis\AIL\sm\new2\revision_v6\models\50cm\no_cascade_seed42\outer0\preprocessor.joblib,E:\UCDavis\AIL\sm\new2\revision_v6\depth50_input_factorial\models\B_seed42\outer0\manifest.json,aba7bc23cda51698f2a046580065105b332594122da683a5e5194f07ff116202
B,42,1,False,15,15,36,E:\UCDavis\AIL\sm\new2\revision_v6\models\50cm\no_cascade_seed42\outer1\model.pt,E:\UCDavis\AIL\sm\new2\revision_v6\models\50cm\no_cascade_seed42\outer1\preprocessor.joblib,E:\UCDavis\AIL\sm\new2\revision_v6\depth50_input_factorial\models\B_seed42\outer1\manifest.json,0ba9ac88ff4c4812007eba64e06bedaccfdb7877dd6531c1f913d8b4170af888
B,42,2,True,4,10,36,E:\UCDavis\AIL\sm\new2\revision_v6\depth50_input_factorial\models\B_seed42\outer2\model.pt,E:\UCDavis\AIL\sm\new2\revision_v6\depth50_input_factorial\models\B_seed42\outer2\preprocessor.joblib,E:\UCDavis\AIL\sm\new2\revision_v6\depth50_input_factorial\models\B_seed42\outer2\manifest.json,bccad8cb52c4031e590783cfc10527cfd8ea2ba647df191d3f040afe0b1cd2f1
B,42,3,True,7,10,36,E:\UCDavis\AIL\sm\new2\revision_v6\depth50_input_factorial\models\B_seed42\outer3\model.pt,E:\UCDavis\AIL\sm\new2\revision_v6\depth50_input_factorial\models\B_seed42\outer3\preprocessor.joblib,E:\UCDavis\AIL\sm\new2\revision_v6\depth50_input_factorial\models\B_seed42\outer3\manifest.json,ed6d25746d4c22becc1940ef12d88a6aa65d80d0fcad342bc0cb5266b33ea076
B,42,4,False,44,44,36,E:\UCDavis\AIL\sm\new2\revision_v6\models\50cm\no_cascade_seed42\outer4\model.pt,E:\UCDavis\AIL\sm\new2\revision_v6\models\50cm\no_cascade_seed42\outer4\preprocessor.joblib,E:\UCDavis\AIL\sm\new2\revision_v6\depth50_input_factorial\models\B_seed42\outer4\manifest.json,aacc29140e6ac055d7bd04146002f7582ec78e966cc735041630e28d2b284485
B,555,0,True,8,10,36,E:\UCDavis\AIL\sm\new2\revision_v6\depth50_input_factorial\models\B_seed555\outer0\model.pt,E:\UCDavis\AIL\sm\new2\revision_v6\depth50_input_factorial\models\B_seed555\outer0\preprocessor.joblib,E:\UCDavis\AIL\sm\new2\revision_v6\depth50_input_factorial\models\B_seed555\outer0\manifest.json,21a13b9cb84ce09e4cd98ce7d8792f61754540b25c94f87a17be0ae8d01d3c82
B,555,1,False,11,11,36,E:\UCDavis\AIL\sm\new2\revision_v6\models\50cm\no_cascade_seed555\outer1\model.pt,E:\UCDavis\AIL\sm\new2\revision_v6\models\50cm\no_cascade_seed555\outer1\preprocessor.joblib,E:\UCDavis\AIL\sm\new2\revision_v6\depth50_input_factorial\models\B_seed555\outer1\manifest.json,214dd3f73a950c6171190e2090f0b39b474ebca44fe7e6f147319bb91a2fc0b7
B,555,2,False,48,48,36,E:\UCDavis\AIL\sm\new2\revision_v6\models\50cm\no_cascade_seed555\outer2\model.pt,E:\UCDavis\AIL\sm\new2\revision_v6\models\50cm\no_cascade_seed555\outer2\preprocessor.joblib,E:\UCDavis\AIL\sm\new2\revision_v6\depth50_input_factorial\models\B_seed555\outer2\manifest.json,ccf2d566f321fdf152dbd1d51464fe5e93d133ba0ddc387d5aac75833ce1a747
B,555,3,False,51,51,36,E:\UCDavis\AIL\sm\new2\revision_v6\models\50cm\no_cascade_seed555\outer3\model.pt,E:\UCDavis\AIL\sm\new2\revision_v6\models\50cm\no_cascade_seed555\outer3\preprocessor.joblib,E:\UCDavis\AIL\sm\new2\revision_v6\depth50_input_factorial\models\B_seed555\outer3\manifest.json,586316c361d41d1963f6790b6d9cc4702cbd1f78d737dc7d410542adbdfed679
B,555,4,False,37,37,36,E:\UCDavis\AIL\sm\new2\revision_v6\models\50cm\no_cascade_seed555\outer4\model.pt,E:\UCDavis\AIL\sm\new2\revision_v6\models\50cm\no_cascade_seed555\outer4\preprocessor.joblib,E:\UCDavis\AIL\sm\new2\revision_v6\depth50_input_factorial\models\B_seed555\outer4\manifest.json,e681a6868c68695fd5ee26eb8074d1c412755392cebd18b8096c9a3fb2dfa661
B,7,0,True,2,10,36,E:\UCDavis\AIL\sm\new2\revision_v6\depth50_input_factorial\models\B_seed7\outer0\model.pt,E:\UCDavis\AIL\sm\new2\revision_v6\depth50_input_factorial\models\B_seed7\outer0\preprocessor.joblib,E:\UCDavis\AIL\sm\new2\revision_v6\depth50_input_factorial\models\B_seed7\outer0\manifest.json,987b587d7300a00854807d5e3c38f9704438e65ad5a0ef961cba7d4a51668bde
B,7,1,False,16,16,36,E:\UCDavis\AIL\sm\new2\revision_v6\models\50cm\no_cascade_seed7\outer1\model.pt,E:\UCDavis\AIL\sm\new2\revision_v6\models\50cm\no_cascade_seed7\outer1\preprocessor.joblib,E:\UCDavis\AIL\sm\new2\revision_v6\depth50_input_factorial\models\B_seed7\outer1\manifest.json,db8cbe0c9074a36c7c4733c29c3064a2905f06924cefcd9358357a6dd3a13af0
B,7,2,True,2,10,36,E:\UCDavis\AIL\sm\new2\revision_v6\depth50_input_factorial\models\B_seed7\outer2\model.pt,E:\UCDavis\AIL\sm\new2\revision_v6\depth50_input_factorial\models\B_seed7\outer2\preprocessor.joblib,E:\UCDavis\AIL\sm\new2\revision_v6\depth50_input_factorial\models\B_seed7\outer2\manifest.json,6202f6baf971b008146d9197235ea56139f7cf042ee8baafad0843d33e4739d1
B,7,3,False,12,12,36,E:\UCDavis\AIL\sm\new2\revision_v6\models\50cm\no_cascade_seed7\outer3\model.pt,E:\UCDavis\AIL\sm\new2\revision_v6\models\50cm\no_cascade_seed7\outer3\preprocessor.joblib,E:\UCDavis\AIL\sm\new2\revision_v6\depth50_input_factorial\models\B_seed7\outer3\manifest.json,e4bc8a88468db2b59943577b4096e90fb088c8f8f71bfbc471a9f9d729671a45
B,7,4,True,6,10,36,E:\UCDavis\AIL\sm\new2\revision_v6\depth50_input_factorial\models\B_seed7\outer4\model.pt,E:\UCDavis\AIL\sm\new2\revision_v6\depth50_input_factorial\models\B_seed7\outer4\preprocessor.joblib,E:\UCDavis\AIL\sm\new2\revision_v6\depth50_input_factorial\models\B_seed7\outer4\manifest.json,742a255885c4f4606875fb97d6264311be6ed0bed5f2e538650cdaf8e3ce6ccf
C,42,0,True,13,13,40,E:\UCDavis\AIL\sm\new2\revision_v6\depth50_input_factorial\models\C_seed42\outer0\model.pt,E:\UCDavis\AIL\sm\new2\revision_v6\depth50_input_factorial\models\C_seed42\outer0\preprocessor.joblib,E:\UCDavis\AIL\sm\new2\revision_v6\depth50_input_factorial\models\C_seed42\outer0\manifest.json,3ff78bb27cabcd51d9215edc99212a50f4ae56d097b9fdfdef3a763e3b862530
C,42,1,True,7,10,40,E:\UCDavis\AIL\sm\new2\revision_v6\depth50_input_factorial\models\C_seed42\outer1\model.pt,E:\UCDavis\AIL\sm\new2\revision_v6\depth50_input_factorial\models\C_seed42\outer1\preprocessor.joblib,E:\UCDavis\AIL\sm\new2\revision_v6\depth50_input_factorial\models\C_seed42\outer1\manifest.json,073782e367177ca682b9b9bfde598e069f739502556e3af093f5f5efead653c5
C,42,2,True,3,10,40,E:\UCDavis\AIL\sm\new2\revision_v6\depth50_input_factorial\models\C_seed42\outer2\model.pt,E:\UCDavis\AIL\sm\new2\revision_v6\depth50_input_factorial\models\C_seed42\outer2\preprocessor.joblib,E:\UCDavis\AIL\sm\new2\revision_v6\depth50_input_factorial\models\C_seed42\outer2\manifest.json,5bcffe53a6cdac39b4ec29dad0dab58e7e73d04df82084993eb7694a239d1b61
C,42,3,True,3,10,40,E:\UCDavis\AIL\sm\new2\revision_v6\depth50_input_factorial\models\C_seed42\outer3\model.pt,E:\UCDavis\AIL\sm\new2\revision_v6\depth50_input_factorial\models\C_seed42\outer3\preprocessor.joblib,E:\UCDavis\AIL\sm\new2\revision_v6\depth50_input_factorial\models\C_seed42\outer3\manifest.json,35aa0a47a762813bd1e37d18a738f64103ab7ba0d51b18c90fb5c58935d204b1
C,42,4,True,64,64,40,E:\UCDavis\AIL\sm\new2\revision_v6\depth50_input_factorial\models\C_seed42\outer4\model.pt,E:\UCDavis\AIL\sm\new2\revision_v6\depth50_input_factorial\models\C_seed42\outer4\preprocessor.joblib,E:\UCDavis\AIL\sm\new2\revision_v6\depth50_input_factorial\models\C_seed42\outer4\manifest.json,d7c7ec241d758b7ed74463e510137e14636d84d774f40598b8d832701b26d9ba
C,555,0,True,4,10,40,E:\UCDavis\AIL\sm\new2\revision_v6\depth50_input_factorial\models\C_seed555\outer0\model.pt,E:\UCDavis\AIL\sm\new2\revision_v6\depth50_input_factorial\models\C_seed555\outer0\preprocessor.joblib,E:\UCDavis\AIL\sm\new2\revision_v6\depth50_input_factorial\models\C_seed555\outer0\manifest.json,048cc131d86e7374312158ef93924fd2a6688a0abf51f776c1fa814579e52af6
C,555,1,True,7,10,40,E:\UCDavis\AIL\sm\new2\revision_v6\depth50_input_factorial\models\C_seed555\outer1\model.pt,E:\UCDavis\AIL\sm\new2\revision_v6\depth50_input_factorial\models\C_seed555\outer1\preprocessor.joblib,E:\UCDavis\AIL\sm\new2\revision_v6\depth50_input_factorial\models\C_seed555\outer1\manifest.json,303d77d9e2d627251db50bfbda2cb81a0c9e2221b77aff049438a5af12ef0f82
C,555,2,True,7,10,40,E:\UCDavis\AIL\sm\new2\revision_v6\depth50_input_factorial\models\C_seed555\outer2\model.pt,E:\UCDavis\AIL\sm\new2\revision_v6\depth50_input_factorial\models\C_seed555\outer2\preprocessor.joblib,E:\UCDavis\AIL\sm\new2\revision_v6\depth50_input_factorial\models\C_seed555\outer2\manifest.json,271c01afcbe4f57eab53d65bf344cc4e5221c550b067a4da8c576bb3d3cb413d
C,555,3,True,3,10,40,E:\UCDavis\AIL\sm\new2\revision_v6\depth50_input_factorial\models\C_seed555\outer3\model.pt,E:\UCDavis\AIL\sm\new2\revision_v6\depth50_input_factorial\models\C_seed555\outer3\preprocessor.joblib,E:\UCDavis\AIL\sm\new2\revision_v6\depth50_input_factorial\models\C_seed555\outer3\manifest.json,9b7f77c5f6f7ad965d93c92f7a4b0b2b9711541cb079c5e51946843a3cd38d76
C,555,4,True,33,33,40,E:\UCDavis\AIL\sm\new2\revision_v6\depth50_input_factorial\models\C_seed555\outer4\model.pt,E:\UCDavis\AIL\sm\new2\revision_v6\depth50_input_factorial\models\C_seed555\outer4\preprocessor.joblib,E:\UCDavis\AIL\sm\new2\revision_v6\depth50_input_factorial\models\C_seed555\outer4\manifest.json,5877093b5a96fb14e8ae2f2cf791086fc43b06753ef4e5fc68d223c771fa2b92
C,7,0,True,2,10,40,E:\UCDavis\AIL\sm\new2\revision_v6\depth50_input_factorial\models\C_seed7\outer0\model.pt,E:\UCDavis\AIL\sm\new2\revision_v6\depth50_input_factorial\models\C_seed7\outer0\preprocessor.joblib,E:\UCDavis\AIL\sm\new2\revision_v6\depth50_input_factorial\models\C_seed7\outer0\manifest.json,69a12598f9082bab1b5eb067dcfa73c46dead031a683aea912a548e59ed564d5
C,7,1,True,10,10,40,E:\UCDavis\AIL\sm\new2\revision_v6\depth50_input_factorial\models\C_seed7\outer1\model.pt,E:\UCDavis\AIL\sm\new2\revision_v6\depth50_input_factorial\models\C_seed7\outer1\preprocessor.joblib,E:\UCDavis\AIL\sm\new2\revision_v6\depth50_input_factorial\models\C_seed7\outer1\manifest.json,6c0a68cb8a3424e5c281b2160b6188c1f247f6484eb93f90803643af0684a2fb
C,7,2,True,2,10,40,E:\UCDavis\AIL\sm\new2\revision_v6\depth50_input_factorial\models\C_seed7\outer2\model.pt,E:\UCDavis\AIL\sm\new2\revision_v6\depth50_input_factorial\models\C_seed7\outer2\preprocessor.joblib,E:\UCDavis\AIL\sm\new2\revision_v6\depth50_input_factorial\models\C_seed7\outer2\manifest.json,2b06a7872572dd15dc998f0144680b349417666d6bdc87729e55aed6a83f9aff
C,7,3,True,21,21,40,E:\UCDavis\AIL\sm\new2\revision_v6\depth50_input_factorial\models\C_seed7\outer3\model.pt,E:\UCDavis\AIL\sm\new2\revision_v6\depth50_input_factorial\models\C_seed7\outer3\preprocessor.joblib,E:\UCDavis\AIL\sm\new2\revision_v6\depth50_input_factorial\models\C_seed7\outer3\manifest.json,e579e713c8d77c3812defbba03a669aaacf69de0587aa560e11c3648d3d62d75
C,7,4,True,7,10,40,E:\UCDavis\AIL\sm\new2\revision_v6\depth50_input_factorial\models\C_seed7\outer4\model.pt,E:\UCDavis\AIL\sm\new2\revision_v6\depth50_input_factorial\models\C_seed7\outer4\preprocessor.joblib,E:\UCDavis\AIL\sm\new2\revision_v6\depth50_input_factorial\models\C_seed7\outer4\manifest.json,83ac6fe617e02c9daab73103e1841232033a21e922a4590566ef16c3cf9dc1ea
D,42,0,True,9,10,39,E:\UCDavis\AIL\sm\new2\revision_v6\depth50_input_factorial\models\D_seed42\outer0\model.pt,E:\UCDavis\AIL\sm\new2\revision_v6\depth50_input_factorial\models\D_seed42\outer0\preprocessor.joblib,E:\UCDavis\AIL\sm\new2\revision_v6\depth50_input_factorial\models\D_seed42\outer0\manifest.json,6c697a72de179a7f1558a3f8ea39146b5da36e1697b122e3c92c04bf260461f5
D,42,1,True,8,10,39,E:\UCDavis\AIL\sm\new2\revision_v6\depth50_input_factorial\models\D_seed42\outer1\model.pt,E:\UCDavis\AIL\sm\new2\revision_v6\depth50_input_factorial\models\D_seed42\outer1\preprocessor.joblib,E:\UCDavis\AIL\sm\new2\revision_v6\depth50_input_factorial\models\D_seed42\outer1\manifest.json,3597aeecff0ba269cfc06ff8040f19ae2748872fe553f8bf71cbdbd737cdde7b
D,42,2,True,1,10,39,E:\UCDavis\AIL\sm\new2\revision_v6\depth50_input_factorial\models\D_seed42\outer2\model.pt,E:\UCDavis\AIL\sm\new2\revision_v6\depth50_input_factorial\models\D_seed42\outer2\preprocessor.joblib,E:\UCDavis\AIL\sm\new2\revision_v6\depth50_input_factorial\models\D_seed42\outer2\manifest.json,b5a3ea83d527480cc644f5f78289a4134b103a3313e4a602885f8ee6e59c7b21
D,42,3,True,2,10,39,E:\UCDavis\AIL\sm\new2\revision_v6\depth50_input_factorial\models\D_seed42\outer3\model.pt,E:\UCDavis\AIL\sm\new2\revision_v6\depth50_input_factorial\models\D_seed42\outer3\preprocessor.joblib,E:\UCDavis\AIL\sm\new2\revision_v6\depth50_input_factorial\models\D_seed42\outer3\manifest.json,3a772c70ef6ca36dc3b9b0a81aa696d2abd8502d033781fcd2530f09f9e35ce7
D,42,4,True,39,39,39,E:\UCDavis\AIL\sm\new2\revision_v6\depth50_input_factorial\models\D_seed42\outer4\model.pt,E:\UCDavis\AIL\sm\new2\revision_v6\depth50_input_factorial\models\D_seed42\outer4\preprocessor.joblib,E:\UCDavis\AIL\sm\new2\revision_v6\depth50_input_factorial\models\D_seed42\outer4\manifest.json,7d1eacb8f4650867ae3c5689e13d6aa763090fcbdc5a08e463a5f44d9e498bb3
D,555,0,True,34,34,39,E:\UCDavis\AIL\sm\new2\revision_v6\depth50_input_factorial\models\D_seed555\outer0\model.pt,E:\UCDavis\AIL\sm\new2\revision_v6\depth50_input_factorial\models\D_seed555\outer0\preprocessor.joblib,E:\UCDavis\AIL\sm\new2\revision_v6\depth50_input_factorial\models\D_seed555\outer0\manifest.json,e14beabdfd8a1771d586c59797fad6da1039d98c57b017f0677395b0d8ff1abd
D,555,1,True,7,10,39,E:\UCDavis\AIL\sm\new2\revision_v6\depth50_input_factorial\models\D_seed555\outer1\model.pt,E:\UCDavis\AIL\sm\new2\revision_v6\depth50_input_factorial\models\D_seed555\outer1\preprocessor.joblib,E:\UCDavis\AIL\sm\new2\revision_v6\depth50_input_factorial\models\D_seed555\outer1\manifest.json,69dcef767aafd3fec5e45fd658c2e7a2c7f17b06ac16c77daf45065b928ca1ec
D,555,2,True,11,11,39,E:\UCDavis\AIL\sm\new2\revision_v6\depth50_input_factorial\models\D_seed555\outer2\model.pt,E:\UCDavis\AIL\sm\new2\revision_v6\depth50_input_factorial\models\D_seed555\outer2\preprocessor.joblib,E:\UCDavis\AIL\sm\new2\revision_v6\depth50_input_factorial\models\D_seed555\outer2\manifest.json,e92da5136bf7c5f3e520fb1c5a5ffe53245d72691060d0fa2bc8a426106bf96f
D,555,3,True,3,10,39,E:\UCDavis\AIL\sm\new2\revision_v6\depth50_input_factorial\models\D_seed555\outer3\model.pt,E:\UCDavis\AIL\sm\new2\revision_v6\depth50_input_factorial\models\D_seed555\outer3\preprocessor.joblib,E:\UCDavis\AIL\sm\new2\revision_v6\depth50_input_factorial\models\D_seed555\outer3\manifest.json,c3e3aa040f0b76b50ee5e187b79571df56f5491f219feb14b1570e9855b96509
D,555,4,True,44,44,39,E:\UCDavis\AIL\sm\new2\revision_v6\depth50_input_factorial\models\D_seed555\outer4\model.pt,E:\UCDavis\AIL\sm\new2\revision_v6\depth50_input_factorial\models\D_seed555\outer4\preprocessor.joblib,E:\UCDavis\AIL\sm\new2\revision_v6\depth50_input_factorial\models\D_seed555\outer4\manifest.json,834faf2b779e0cf162b5e53c940830280d3d12f93206dd854ac37c976a2b0548
D,7,0,True,4,10,39,E:\UCDavis\AIL\sm\new2\revision_v6\depth50_input_factorial\models\D_seed7\outer0\model.pt,E:\UCDavis\AIL\sm\new2\revision_v6\depth50_input_factorial\models\D_seed7\outer0\preprocessor.joblib,E:\UCDavis\AIL\sm\new2\revision_v6\depth50_input_factorial\models\D_seed7\outer0\manifest.json,ac43cc25c1f353a981b215f4a2eecf630dde6d705988fe67d8b54d1595919c1b
D,7,1,True,11,11,39,E:\UCDavis\AIL\sm\new2\revision_v6\depth50_input_factorial\models\D_seed7\outer1\model.pt,E:\UCDavis\AIL\sm\new2\revision_v6\depth50_input_factorial\models\D_seed7\outer1\preprocessor.joblib,E:\UCDavis\AIL\sm\new2\revision_v6\depth50_input_factorial\models\D_seed7\outer1\manifest.json,b0feac5633e5ab67f831da99be16c4f3e0e16496fcb3184354dd20060e31ab1c
D,7,2,True,4,10,39,E:\UCDavis\AIL\sm\new2\revision_v6\depth50_input_factorial\models\D_seed7\outer2\model.pt,E:\UCDavis\AIL\sm\new2\revision_v6\depth50_input_factorial\models\D_seed7\outer2\preprocessor.joblib,E:\UCDavis\AIL\sm\new2\revision_v6\depth50_input_factorial\models\D_seed7\outer2\manifest.json,cb174a631ad89a9b73ae3b62b6963ed766dbc98bfbdc6c7e89cb27fe4261403d
D,7,3,True,30,30,39,E:\UCDavis\AIL\sm\new2\revision_v6\depth50_input_factorial\models\D_seed7\outer3\model.pt,E:\UCDavis\AIL\sm\new2\revision_v6\depth50_input_factorial\models\D_seed7\outer3\preprocessor.joblib,E:\UCDavis\AIL\sm\new2\revision_v6\depth50_input_factorial\models\D_seed7\outer3\manifest.json,ebd23bb02df251986184ec89011e1f81793dbb51b0f8afb319c310c51aca47c8
D,7,4,True,10,10,39,E:\UCDavis\AIL\sm\new2\revision_v6\depth50_input_factorial\models\D_seed7\outer4\model.pt,E:\UCDavis\AIL\sm\new2\revision_v6\depth50_input_factorial\models\D_seed7\outer4\preprocessor.joblib,E:\UCDavis\AIL\sm\new2\revision_v6\depth50_input_factorial\models\D_seed7\outer4\manifest.json,52b093e9225cf56a1630d53c91bf87b59cd1c95e1806061f26e9a99de4b62d80
