depth_cm,group,sites,records,pooled_rmse,site_equal_rmse,site_median_bias,site_median_centered_ubrmse,defined_r_sites,site_median_r
5,A,4,189,0.07674983321666848,0.07017494358320002,0.01031807914104885,0.047130369308282655,4,0.6667343488798732
5,B,80,15558,0.06895549384214904,0.05935709388168096,-0.0078543629987503,0.04003784260447925,75,0.7135800005633349
5,C,92,24215,0.08416556973676105,0.07950597016921704,-0.00186016331241875,0.047251268796593957,85,0.7516357253201458
5,D,79,12830,0.08616450094491805,0.08211910173758322,-0.0144264774386926,0.0510620878130289,79,0.5980551247707886
5,E,1,25,0.023847112937011136,0.0238471129370111,-0.0164098925132751,0.0173031853464419,1,0.6552762274897205
20,A,3,146,0.07341588949268474,0.0655318231800016,0.0153599560339604,0.0283484394217104,3,0.814214391040042
20,B,23,6583,0.05909632962669199,0.046746146431562566,-0.0015928067927903,0.0246220961556127,22,0.40852911950517157
20,C,55,23692,0.08548468540403155,0.07776204981737342,-0.001363552977898,0.046875859688282,55,0.7077826392180208
20,D,52,7641,0.09249748737049852,0.08720512848714719,-0.0145256930326746,0.047780765146628254,51,0.5115712790435266
20,E,1,19,0.019126358486765683,0.0191263584867657,0.0065834325050052,0.0179576169191885,1,0.1574538584783448
50,A,0,0,,,,,0,
50,B,11,4849,0.09023807639434607,0.08643365837558062,0.030113798216383,0.0571555836025447,11,0.370942435727387
50,C,42,12751,0.11506515770321867,0.10055650413709086,0.016209671720394,0.0528165404832799,42,0.5155796286055836
50,D,46,6266,0.09643867385443564,0.08490282660676188,-0.0106027633404197,0.03464228361680755,43,0.4040065208664116
50,E,0,0,,,,,0,
