physical_site_id,n,rmse,bias,ubrmse,observed_sd,predicted_sd,within_series_ubrmse,amplitude_ratio,r,sse,sum_e,anom_xy,anom_yy,anom_pp,longitude,latitude,depth_cm,n_records,group_count,climate_group
site_01e71c1017c5ea08,49,0.1567449867896707,-0.150377470347346,0.0442222488757311,0.0347528440073219,0.0334917849429541,0.0442222488757311,0.9637135002792264,0.1605985733969931,1.203880553301009,-7.368496047019958,0.0091593869760632,0.0591802481632653,0.0549632832745894,115.89611,42.02972,5,49,1,D
site_02e8a644cdec5140,380,0.1077325772779355,0.0156965814483793,0.1065829514405599,0.103218390558972,0.0523222377016165,0.1065829514405601,0.506908094752002,0.1881013879948042,4.410397118639616,5.96470095038414,0.3860281622825483,4.0485337368421055,1.0402942920796967,-95.983,30.083,5,380,1,C
site_03be10a6dc64b839,382,0.0414666857960309,0.0147017822402153,0.0387729755096,0.1074676085574883,0.0877120022394569,0.038772975509601,0.8161715275588045,0.9409592543922312,0.6568436638063813,5.616080815762281,3.3882136718459157,4.4118275916230365,2.9388770186784168,-117.5264,47.4174,5,382,1,B
site_053660f2203e3d7e,926,0.1016723919718395,-0.0890616691807691,0.0490438005461507,0.0748007579877833,0.0483182137544656,0.0490438005461507,0.6459588786835176,0.7642699864895536,9.572316917868996,-82.47110566139222,2.557847576232808,5.181112044276458,2.161885696670992,0.8939,42.2112,5,926,1,C
site_0615e6ed7947021d,156,0.0695191278488374,-0.0078913606240963,0.0690697876380365,0.0799932964297728,0.0588498743763051,0.0690697876380369,0.7356850761609779,0.5407855965985414,0.7539338253506285,-1.231052257359028,0.397144770628701,0.998232685897436,0.5402760034006757,-91.8731,30.0918,5,156,1,C
site_08742d4ae665a707,60,0.0748258533424363,-0.0478111607829729,0.0575586764355166,0.0570858028662897,0.0661855787236352,0.0575586764355183,1.159405235635552,0.5725283645099312,0.3359344997054272,-2.868669646978379,0.1297895546058814,0.1955273333333334,0.2628318498589514,-90.933,32.75,5,60,1,C
site_0897d2a8d9842ad4,384,0.0607295127765278,-0.0144264774386926,0.0589911050141065,0.0849667174358971,0.0474369152051434,0.058991105014107,0.5582999630523798,0.7430301317277106,1.4162203092765917,-5.539767336457968,1.1500134768434218,2.772227739583333,0.8641001948851066,-106.5214,35.8584,5,384,1,D
site_0b8a3827df1e1f6f,31,0.0399671108705697,0.0201198899938214,0.0345334617143566,0.0503584239594892,0.0455312680466925,0.0345334617143566,0.9041440233181262,0.7450243656317674,0.0495184684915527,0.6237165898084641,0.0529558624625206,0.0786150967741935,0.0642659874681327,-111.94455,39.58888,5,31,1,B
site_0bb00355b6ac1991,17,0.0358650151061588,-0.0348257394995759,0.0085712996023168,0.0073532517581465,0.0124682191886731,0.0085712996023168,1.6956061887667313,0.7420196524628968,0.021867088245605,-0.5920375714927911,0.0011565068064038,0.0009191952941176,0.0026427603255255,79.63061,33.45517,5,17,1,B
site_0e60c1f731fb2594,132,0.1073532492038257,-0.0378603757087028,0.1004555228238576,0.0939912744690087,0.0533695482841464,0.1004555228238578,0.5678138591656582,0.1586194228128203,1.5212630551296706,-4.997569593548774,0.1050295154401524,1.166135477272727,0.3759767462951069,-95.8744,48.3055,5,132,1,D
site_0e8141914335992c,2,0.025072770589489,0.0250164897859096,0.0016790067970752,0.00045,0.0012290067970752,0.0016790067970752,2.731126215722821,,0.0012572876500662,0.0500329795718193,-1.1061061173677465e-06,4.050000000000014e-07,3.020915414514436e-06,-106.77801,32.58978,5,2,1,B
site_105ed3138c6bf909,288,0.0972186137656849,0.0505214381119443,0.0830604788911213,0.0852984695309417,0.0380419144235318,0.0829303578719999,0.4459858967309177,0.2843789002901614,2.722020152406171,14.550174176239969,0.265762353679248,2.095438724444445,0.4167899288661092,15.15472,48.15053,5,288,1,D
site_10c8d1679d5581cf,142,0.0974731103800809,-0.0565719016773599,0.0793764901452222,0.0847094261905874,0.0418187995079582,0.0793764901452222,0.4936735070530431,0.3703473972610293,1.349143029097777,-8.03321003818512,0.1862948899936088,1.018947537746479,0.2483313029047265,15.15417,48.15115,5,142,1,D
site_12a59623d3dd3cb8,759,0.0525707305347639,0.0146818454243605,0.0504789572385756,0.0554556109194774,0.0533812460015101,0.0504789572385756,0.9625941382021866,0.5703423532207365,2.0976344170997026,11.14352067708969,1.2814793130866446,2.334171509881423,2.162814085327373,21.89612,47.0358,5,759,1,D
site_132a8b14e0d17c82,15,0.0703459085232709,0.0306278408042589,0.0633283681586172,0.0611846262462139,0.0422711695262486,0.0633283681586181,0.69087893674703,0.2938369846312786,0.074228202689466,0.4594176120638846,0.011399460362792,0.0561533773333333,0.0268027765967528,-109.94184,31.73648,5,15,1,B
site_15181625cd019aaf,735,0.0684650460798431,0.0358815872451196,0.0583092979848489,0.0707706534064202,0.0621045863139232,0.058309297984849,0.8775471657336595,0.6217593040613599,3.445284963015554,26.37296662516296,2.0085678665411586,3.68123675692517,2.8348800362993023,-5.5919,41.27473,5,735,1,B
site_1540d45a23b55752,748,0.1024227665254427,0.0908213703435531,0.0473487253433977,0.0618415269304293,0.0727066022791458,0.0473487253433977,1.1756922231389837,0.7638215947680275,7.846836480838568,67.93438501697779,2.568902280981229,2.860632090909091,3.954115011203465,-120.8825,37.2381,5,748,1,B
site_15804522fbfefabb,54,0.0610157060886926,-0.049763929656479,0.0353053493772081,0.0392108910642454,0.0304506604625121,0.0353053493772087,0.7765868011675635,0.5101639556046611,0.2010374850330933,-2.687252201449871,0.032893263162231,0.0830246748148148,0.0500711070205729,116.22271,42.41197,5,54,1,D
site_16f5711a84870069,112,0.1090265383769042,0.1009600728952458,0.0411564059586985,0.0334757773830076,0.038196288857539,0.0411564059586994,1.1410127514149244,0.3463551722379543,1.3313200398904632,11.30752816426754,0.0496011265370861,0.1255102991964285,0.1634031260387185,14.88919,66.27851,5,112,1,D
site_17e242c816bf9f13,31,0.0362683549644821,-0.0025698037608977,0.0361771983500678,0.0483758696652461,0.0441016731308369,0.0361771983500682,0.9116461044734474,0.6975516613109869,0.0407772007267199,-0.0796639165878296,0.0461340862043923,0.0725469677419354,0.0602936847611146,-111.23602,41.69227,5,31,1,B
site_17fc3116fcf992a7,124,0.0130900847597878,-0.0006959335769857,0.0130715720353312,0.0103853016381068,0.0175008219595551,0.0130715720353313,1.685152975753665,0.6692310973012527,0.0212474395582852,-0.0862957635462284,0.0150825703617786,0.0133739567741935,0.0379785673882457,102.91824,38.62978,5,124,1,B
site_1a4e7fcd3c55d7fe,732,0.0491062672362896,0.0404929380498297,0.0277803428699961,0.0179379283917016,0.0358815241555295,0.0277803428699961,2.0003159435137934,0.6506007444601336,1.7651634527375446,29.640830652475355,0.3065270498690546,0.2355351092896175,0.9424381238298588,-117.1449,36.602,5,732,1,B
site_1aed671cb5775e3a,41,0.0704170554609648,-0.045153752522861,0.0540342514790092,0.059824550140591,0.043403267952677,0.0540342514790092,0.7255093076450542,0.4897055310974124,0.2033010296914962,-1.8513038534373047,0.0521339627797828,0.1467380487804878,0.0772375904278471,-115.51258,39.53606,5,41,1,B
site_1b80c38d7e4ee6c1,225,0.0657706102577637,0.0527595833206176,0.0392708484949518,0.0448670692844188,0.0367251056230993,0.0392708484949518,0.8185314131015236,0.5521438666525178,0.9732989640776988,11.870906247138976,0.2047036216148071,0.4529371288888888,0.303465011181255,27.53543,68.33881,5,225,1,D
site_1c24e8f1c4bd210e,105,0.1158936360906441,-0.0656755293409029,0.0954885319402431,0.1258758017266125,0.0558541733390957,0.0954885319402431,0.4437244694608142,0.700240518341153,1.4102901630626177,-6.895930580794811,0.51693318639944,1.6636953333333335,0.3275673113363445,-96.88,31.48,5,105,1,C
site_1c44b0fee88f9b96,344,0.0975667785934023,-0.0390189566860365,0.0894248136941151,0.0956796076320039,0.0393663993240323,0.0809218294579916,0.4114398072726271,0.5516912539087006,3.274631042072337,-13.422521099996567,0.7148248154783219,3.149178036915297,0.5331014081342746,15.1517,48.15371,5,344,1,D
site_1eb51dd5677fabb0,754,0.0546398585489442,-0.0187712526542754,0.0513142691269981,0.0658283628689469,0.0741122069154323,0.0513142691269983,1.1258400434927591,0.7371697483526275,2.2510776632554728,-14.153524501323702,2.7117000601530394,3.267363511936339,4.1414348872624,6.44954,50.8691,5,754,1,C
site_1eba4781a4697c65,33,0.046180041352294,0.031299974345619,0.0339544963924245,0.0497029545546344,0.0563430368255423,0.0339544963924247,1.1335953230629174,0.8020263113161844,0.0703756752368862,1.032899153405428,0.0741182254712012,0.0815226618181818,0.1047597473579057,1.70994,9.79506,5,33,1,A
site_20796fb0f17ef76c,244,0.0968073216420219,0.0817731416855679,0.0518151601596861,0.07370358840084,0.052823733876539,0.0518151601596861,0.716705048189173,0.7111906062279109,2.286684435734462,19.95264657127857,0.6756061077364033,1.3254614221311476,0.6808446340008978,-117.017,42.95,5,244,1,B
site_20a8ade4f5c8dd77,510,0.1206024548546364,-0.0295426328250707,0.1169281187855499,0.1416229648950316,0.0536836902783657,0.1169281187855506,0.37906062987846,0.6094310613228895,7.41792557965196,-15.066742740786076,2.363038545332932,10.229102734686274,1.469788686970784,0.83767,42.15623,5,510,1,C
site_2129af38c776b519,207,0.1045789626968578,0.0872708511421646,0.0576242828994247,0.0526895192794603,0.0583202564281492,0.0576242828994251,1.1068663602494446,0.4648558570370272,2.263909203821413,18.065066186428076,0.295687056409528,0.5746703864734299,0.7040592281379325,-85.033,31.017,5,207,1,C
site_217117f471852d01,8,0.0168606018683163,0.0113965040706098,0.0124257631689343,0.0699064274137221,0.0725419081054379,0.0124257631689358,1.0377001198490436,,0.0022742391628949,0.0911720325648785,0.0399793497399892,0.0390952687499999,0.0420986274526224,-120.96692,38.43278,5,8,1,C
site_21dedc2c24bafbff,158,0.0633123407723175,-0.0175878277866146,0.0608203979584025,0.0956694241633995,0.054437642659688,0.0608203979584025,0.5690181908768548,0.8080785214041141,0.6333354940630704,-2.7788767902851106,0.6649410131722688,1.4461169177215192,0.4682261962583343,-98.2,32.25,5,158,1,C
site_222278f15298d005,30,0.0527234555457299,0.049399861793518,0.0184232575692758,0.0214720397002448,0.0240222452369363,0.018423257569281,1.118768667173358,0.6772890566157849,0.0833928829404769,1.4819958538055418,0.0104805050347248,0.0138314546666666,0.0173120479867052,116.34238,42.21409,5,30,1,D
site_22340386f3e3f6e8,217,0.0502708342400611,0.0170127541598636,0.04730457663998,0.0753753669496154,0.0559003777989951,0.0473045766399812,0.7416266090798818,0.7794656816024853,0.5483930202166005,3.69176765269041,0.7126904102602313,1.2328737695852534,0.6780929356612739,-73.7422,41.7857,5,217,1,D
site_227e9f5f717d877d,489,0.0385231736368487,0.0185358663798597,0.0337706464937048,0.0625408587301938,0.060141008265973,0.0337706464937068,0.9616274782127,0.8491603645458438,0.7256930695497952,9.064038659751414,1.561827692071292,1.9126545562372188,1.7686840879961905,1.88,43.4417,5,489,1,C
site_2347a249c46a66c4,345,0.1363971487320282,-0.1243024412110231,0.056152340033227,0.0859972720756469,0.0718886297090422,0.0561523400332273,0.8359408150273164,0.7610867445859321,6.418442852868326,-42.884342217803,1.6232975525839282,2.551458127536232,1.7829514030981055,-111.983,41.817,5,345,1,B
site_235eba2509daa049,368,0.0600647798757851,-0.0503494424019818,0.0327522736819299,0.0450939138136363,0.038630313233775,0.0327522736819299,0.8566635709072843,0.7040935636693926,1.3276622236017628,-18.528594803929327,0.4513613347312759,0.7483136711956522,0.5491668049985634,-113.467,39.233,5,368,1,B
site_2430820d6924f0bf,143,0.051798723463536,-0.0214001884339572,0.0471713863209785,0.0754708537953892,0.0506655730049077,0.047171386320979,0.6713263525846458,0.7894962267440702,0.3836844086006187,-3.060226946055889,0.4316962916750487,0.8145065174825175,0.3670810411719357,-82.5567,35.4185,5,143,1,C
site_27f3e459f878a074,39,0.0644512855632885,-0.0285185692291229,0.0577984378671628,0.0610102760230408,0.0478294267397149,0.0577984378671628,0.7839568980420935,0.4573627953963978,0.1620047602196619,-1.112224199935794,0.0520503442440755,0.1451678974358974,0.0892185084277407,-118.59346,37.54127,5,39,1,D
site_28811755f8d612c5,518,0.0535914017513576,-0.020992200991937,0.0493088819503092,0.0468771425721432,0.048464460390131,0.0493088819503095,1.0338612323808982,0.4654534661970525,1.487715860987866,-10.873960113823417,0.5477602855585315,1.1382876447876449,1.2166804310296104,20.60159,46.07156,5,518,1,D
site_28aa95e397da1f11,315,0.0404850802629258,-0.0116814945226623,0.0387631836877798,0.0620558100226818,0.0484910947166187,0.0387631836877806,0.7814110346621042,0.7809047264615309,0.5162981430270984,-3.679670774638653,0.7402067528270067,1.2130409206349206,0.7406866740470692,-110.2895,46.8847,5,315,1,D
site_28de8124779d0d55,337,0.0895080071445997,-0.0698147530585792,0.0560141374865962,0.0730038344518692,0.0404865881781368,0.0560141374865965,0.5545816665949138,0.6480987486722848,2.6999372865902287,-23.527571780741216,0.6455471015615659,1.7960616676557863,0.5523982081171377,-100.9627,38.8701,5,337,1,B
site_2985b162668c5c55,1005,0.1103745943211562,0.0987778519709905,0.049249233816953,0.0504670584737244,0.0548078832782086,0.049249233816953,1.0860130337642766,0.5649583032369658,12.243463826917624,99.27174123084544,1.5704838670077537,2.5596586109452737,3.018923589784929,2.7283,43.1733,5,1005,1,C
site_29c64bda55c4bd6f,63,0.0440040500455254,-0.006321750559504,0.0435475819107389,0.0664672906824299,0.0479472848719412,0.0435475819107399,0.72136662077932,0.756285333254516,0.1219904544857736,-0.3982702852487563,0.151844205459905,0.278327746031746,0.1448333539752384,15.15158,48.15162,5,63,1,D
site_2b0159df0d3593f2,982,0.0822489892812442,0.0752223784107176,0.0332639448054651,0.0497689833217498,0.0535433718445326,0.0332639448054656,1.0758381680891858,0.7950607266457014,6.643128105506075,73.86837559932471,2.0805409835626483,2.4323665702647657,2.8152886004492146,1.0196,42.218,5,982,1,C
site_2b3f29278516de7a,6,0.2720485771095577,0.2709394738833109,0.0245403708034258,0.0061070087240444,0.023991515991563,0.0245403708034258,3.928521650395506,,0.4440625698440098,1.6256368432998658,3.197578787803655e-05,0.0002237733333333,0.0034535570374405,-120.80663,38.17216,5,6,1,C
site_2bdf67bbe8daf858,430,0.067984318608719,0.0567759819372448,0.0373945912098723,0.0344065290727496,0.0535519276160264,0.0373945912098725,1.5564466704210582,0.720002976360939,1.987403057977484,24.413672233015298,0.570451489631615,0.5090379744186047,1.2331578490986197,-112.2,37.183,5,430,1,B
site_2f0889c210c46106,559,0.0591235297122199,0.0056399467441391,0.0588539103743755,0.0842128869263352,0.0787150775457447,0.0588539103743758,0.9347153436813094,0.7410131195711795,1.9540357969881528,3.152730229973793,2.745833432025101,3.9643219713774593,3.4635994590652244,6.29747,50.9303,5,559,1,C
site_300613673c8de12a,94,0.0651724927024238,-0.0097717429107808,0.0644357575072497,0.0686358113807447,0.0470693276693883,0.0644357575072518,0.6857838018156407,0.4293929501727607,0.3992606576744634,-0.918543833613396,0.130398180183578,0.4428222127659574,0.208259031081335,15.14975,48.15426,5,94,1,D
site_3137c8df98fd9aaa,146,0.0679660792987656,-0.0004349822834746,0.0679646873432017,0.077179146235389,0.0565381927025834,0.0679646873432043,0.7325578923890566,0.5195275544262301,0.6744306385459302,-0.0635074133872984,0.3309812059088113,0.8696666095890411,0.4666988161748704,-96.167,39.7,5,146,1,D
site_3217bb9d364dc6e1,65,0.0652485977839257,-0.0325936902743119,0.0565246040859265,0.0664961377176219,0.0542518378297795,0.0565246040859275,0.8158644951705573,0.5779520191279892,0.276729668329954,-2.1185898678302766,0.1355239395964604,0.2874128615384615,0.1913120240140651,-98.00762,49.66552,5,65,1,D
site_321be016bdfe2f21,40,0.0310606196903549,-0.0123103531202673,0.0285169651541531,0.0346638247132367,0.0278744829909876,0.0285169651541532,0.8041375474744865,0.6030359105578726,0.0385904838219545,-0.4924141248106956,0.0233070048832334,0.04806322975,0.0310794720805944,115.94508,41.74691,5,40,1,D
site_3220441f2300a775,11,0.0325227408911091,0.0185735833081332,0.026697390849408,0.089386553983571,0.1104742263960164,0.0266973908494081,1.2359154869794096,0.986427180627906,0.0116350154257724,0.2043094163894653,0.1071496802897954,0.0878895163636363,0.1342501016757812,-120.90536,38.39226,5,11,1,C
site_339436d4fdc7f394,383,0.0560205631401549,-0.0334842768284266,0.0449122110323838,0.0655271426233891,0.0542365902150301,0.0449122110323843,0.8276965551015956,0.7341521209365666,1.2019702384088555,-12.82447802528739,0.9993058745151984,1.644527859007833,1.126635756052639,-109.133,38.017,5,383,1,B
site_33f1b9849f9edfe3,168,0.046070797696304,-0.0036719806137539,0.0459242306276979,0.0715903740310913,0.0577859156424106,0.0459242306276981,0.8071743781826652,0.7681277302698505,0.3565830912627945,-0.6168927431106564,0.5338501343109778,0.8610305178571427,0.5609876238341416,-93.2855,41.5562,5,168,1,D
site_3531c10ad7b4bb62,68,0.0982149095972672,-0.0438670845831141,0.0878740425687659,0.0958539798781329,0.0394861584797512,0.087874042568766,0.4119407303687679,0.3996526280828598,0.6559394557695579,-2.982961751651764,0.1028600236279999,0.6247830111764705,0.1060226563811861,22.97976,53.6328,5,68,1,D
site_375c426fdc1374d0,60,0.0772685603018948,-0.000351001048088,0.0772677630670889,0.061276749261037,0.0712270232122788,0.0772677630670892,1.1623825361370592,0.3273893974290348,0.3582258246676534,-0.0210600628852845,0.0857346487887203,0.2252903999999999,0.3043973301409508,-117.32998,41.42874,5,60,1,B
site_38e9996f46050579,36,0.0767531459097663,0.0277333761536412,0.0715674874099022,0.0856126613169908,0.0495808775968578,0.0715674874099022,0.5791301991335002,0.5496065702256443,0.2120776346536515,0.9984015415310856,0.0839859470439453,0.263863,0.0884974832378854,-110.75868,45.35425,5,36,1,B
site_3999cca71a6a19c4,204,0.1118656031557489,-0.1011520590813136,0.0477721060139695,0.0667638631731885,0.046595023191941,0.0458574532447875,0.6979078348278228,0.7273869821031742,2.5528382865575017,-20.635020052587983,0.4616115665847242,0.9093123388648808,0.4429036219965345,15.14731,48.15804,5,204,1,D
site_3a937f5b829d5ca2,19,0.0921608818705241,-0.0176563265254623,0.0904537576929724,0.1105852178887959,0.0402428840719231,0.0904537576929726,0.3639083490561214,0.6366692659052923,0.1613789347959014,-0.3354702039837837,0.0538336296050172,0.2323527178947368,0.0307703046500987,-109.94663,31.73791,5,19,1,B
site_3abbee567ebeead8,197,0.0585775566104311,0.0422419531723569,0.0405826013290507,0.058660533211122,0.0362851457533424,0.0405826013290508,0.6185614716925678,0.7307290728626615,0.675972037274309,8.32166477495432,0.3064061591896951,0.6778884568527919,0.2593725250612368,-110.4,40.367,5,197,1,B
site_3c8e248cc33b4c5e,606,0.0479372302709692,0.0013025917834771,0.0479195294290078,0.0617700503420424,0.0544027613608364,0.0479195294290078,0.8807304034817726,0.6664141990826902,1.3925746959074696,0.7893706207871443,1.3571122334602443,2.312216706270627,1.7935542288725776,-116.7505,43.2044,5,606,1,B
site_3e31c46f52e2f00d,196,0.0441755574662372,0.0189339557857233,0.0399122186273464,0.0444819958992812,0.0615353497553285,0.0399122186273467,1.3833765439541086,0.7621362891592061,0.3824900559807541,3.71105533400178,0.4088816792278417,0.387815,0.7421734568240794,-121.383,42.017,5,196,1,B
site_40cb16253de7adad,161,0.1114643429682967,0.092053383124541,0.0628527995293808,0.0710216135840379,0.0479738973514406,0.0628527995293816,0.675483066780431,0.498225281236877,2.0003122602900074,14.820594683051109,0.2733047461661493,0.812095204968944,0.3705406671609368,-67.8833,46.9601,5,161,1,D
site_412000fd5fa9933e,4,0.0738990675412768,-0.0730912642121315,0.0108967554502514,0.0104636274780785,0.0029891312123657,0.0108967554502514,0.2856687337759369,,0.0218442887338808,-0.292365056848526,-6.337478756905272e-07,0.00043795,3.5739621618957607e-05,-105.82329,37.06032,5,4,1,B
site_43d513d9ee89a497,57,0.0767953829862417,-0.0619981241872436,0.0453184669342053,0.0606720730597615,0.0268599525548305,0.0453184669342053,0.4427070182417161,0.7206441540141265,0.336159258336202,-3.5338930786728864,0.0669406305774784,0.2098227256140351,0.0411230519211217,116.36103,41.95531,5,57,1,D
site_44197305955a48a1,96,0.0724677069169635,-0.0635138955002029,0.0348934610520685,0.0618772190170981,0.0350446108222808,0.0348934610520688,0.5663572374284819,0.8852724837667235,0.5041505803970813,-6.097333968019486,0.1842893451255746,0.3675638623958333,0.1178999757777717,-110.05321,31.74298,5,96,1,B
site_4509aad7c317e1e1,296,0.0915226354483914,0.0838579418357159,0.0366638567324393,0.0507160105244962,0.0466589531413659,0.0366638567324393,0.9200044060805868,0.7194465458434499,2.479412268628071,24.821950783371925,0.503930119708281,0.7613456621621622,0.6444091408414635,-83.3896,33.7837,5,296,1,C
site_454123e8a1bcfe25,567,0.1282732365391105,-0.0063281680776118,0.1281170460984801,0.0615312657575299,0.0420449977750502,0.0495927745595322,0.6833111143972354,0.5980551247707886,9.32943116132795,-3.5880713000059146,0.8772723834851517,2.1467168094653832,1.0023323020915569,15.14844,48.15473,5,567,1,D
site_45a2a929d5aff17f,191,0.0550780647555722,-0.024680878336829,0.0492386785133562,0.0705002215761802,0.0494911482711734,0.0492386785133563,0.7019998968045077,0.7158228028102023,0.5794163044888312,-4.714047762334348,0.4770423198549457,0.9493237172774868,0.4678303876250614,-102.1702,48.9676,5,191,1,D
site_46bafd0adecf0a54,8,0.0777980196177797,0.0696494292706251,0.0346624993144556,0.0504998948018706,0.0785438494129088,0.0346624993144556,1.5553269907009677,,0.0484202548515875,0.5571954341650008,0.0300715471874922,0.0204019149999999,0.0493530902447816,-120.96442,38.43231,5,8,1,C
site_46bbd0d57edf9712,43,0.0935332032810151,0.0856047454178333,0.0376867042596675,0.0724126522923065,0.089768996347024,0.0376867042596678,1.239686622507011,0.9139250596227076,0.3761837849883311,3.681004052966833,0.2554582106428611,0.2254744651162791,0.3465143263215368,-120.8242,39.5634,5,43,1,C
site_49564a03c4be2c20,119,0.0688976609025635,-0.0274586881218838,0.0631894621315116,0.0781901204551972,0.0524208236768059,0.0631894621315121,0.6704277135222346,0.5939227128487805,0.5648796336635106,-3.2675838865041733,0.2896894092533518,0.7275296974789915,0.3270051878396189,-89.867,34.25,5,119,1,C
site_497344538a3f1eab,85,0.0369752058882784,-0.0184550567399053,0.032040236129084,0.0907187631046563,0.0816231636035434,0.032040236129084,0.8997384974195484,0.9362674979201872,0.1162090972908496,-1.568679822891951,0.5892904685989899,0.6995409882352941,0.5662989711153197,-116.96,34.01278,5,85,1,C
site_4c3440bb059c79cd,185,0.049481559154303,-0.0374994015753269,0.0322834257450036,0.0741904256284502,0.0793290159943829,0.0322834257450036,1.0692621766542638,0.9137012573829522,0.452958568823047,-6.93738929143548,0.9948460521554424,1.018280562162162,1.164222164047858,-117.0916,34.0074,5,185,1,C
site_4fb715e1d8003a2f,106,0.0738948446688982,-0.0567468958436318,0.0473311512722076,0.0747068621888174,0.055019861285864,0.0473311512722089,0.7364766726087937,0.7746353923136032,0.578807495275904,-6.015170959424972,0.3375073132028838,0.5915982173584906,0.320881624407066,-96.76203,36.31937,5,106,1,C
site_51c9ed6b23c0d8af,157,0.0394449153892623,-0.0229096319343633,0.0321099690859095,0.0506486092156671,0.0663955524598438,0.0321099690859107,1.31090573834169,0.8835681542129967,0.2442765119603728,-3.5968122136950496,0.4664941696476404,0.4027492136305732,0.6921139936723157,25.8518,40.89017,5,157,1,C
site_521b8a838df0ee44,1271,0.0350978173897875,0.003680636768356,0.0349042934107868,0.0503299244295422,0.0667041063557992,0.0349042934107869,1.325336906658373,0.8584844082130283,1.5656899744046546,4.678089332580566,3.6631677832569984,3.2195717435090483,5.655235449806461,2.53,42.96,5,1271,1,C
site_53291964d8801d2b,7,0.0228901091782288,0.0097214144962174,0.0207232043464318,0.0612898133827294,0.0687908613393457,0.0207232043464364,1.1223865360753404,,0.0036676996873386,0.0680499014735221,0.0282071042047015,0.0262950885714285,0.0331252782266636,-120.96786,38.43064,5,7,1,C
site_53eb35d97b9cdb64,7,0.0497158847640728,0.039369509266104,0.0303596926535945,0.0561989759511611,0.0555015339126467,0.0303596926535945,0.9875897731816244,,0.0173016843851219,0.2755865648627281,0.0186096197930829,0.0221082742857142,0.0215629418665967,-110.05297,31.74405,5,7,1,B
site_546608bf032b7c9e,40,0.0267812474504358,-0.0204386886651814,0.0173059302162369,0.0292151155226194,0.0200921654036058,0.0173059302162369,0.6877318485374377,0.8157846094725708,0.028689408600059,-0.8175475466072559,0.0191544572991319,0.034140919,0.0161478044242342,80.00139,32.62528,5,40,1,B
site_551adab4779fd48e,312,0.1038706300828925,0.0930761754323179,0.0461078448933528,0.0187886605593567,0.0563094050056963,0.0461078448933533,2.9969887862844145,0.660613502672346,3.366201631670936,29.039766734883187,0.2180614015321152,0.1101402948717948,0.9892737167338096,-113.117,37.35,5,312,1,B
site_599174767340462c,13,0.122580835972646,0.0192102830318304,0.1210662065714034,0.1055379345131492,0.0369726828727029,0.1210662065714034,0.3503260040407216,-0.2757278475694056,0.1953387975207858,0.2497336794137955,-0.0139866445776361,0.144797323076923,0.0177707306244709,-109.94287,31.73687,5,13,1,B
site_5a77e4d3f6373317,848,0.1233745951689334,-0.1028345411885881,0.0681641245203867,0.0898634959282286,0.0577232705141879,0.0681641245203867,0.6423439230573654,0.6517057937446739,12.907654541667284,-87.20369092792274,2.866696218770428,6.847979819575471,2.8255156131082977,0.8878,43.5472,5,848,1,C
site_5accfec62d994abe,473,0.1131224225503787,-0.094181692991675,0.0626617202835055,0.0842363808876605,0.0559960095996481,0.0626617202835058,0.6647485208834601,0.6683232814837152,6.05283081477422,-44.54794078506231,1.491092239953817,3.356298200169133,1.4831166120826773,-98.285,36.881,5,473,1,C
site_5b5535c1e1c517da,37,0.029616374175565,-0.0227657243420143,0.0189433738940688,0.0144793245708913,0.0176663457675313,0.018943373894069,1.220108416040832,0.31841529563352,0.0324537959143617,-0.8423318006545304,0.0030136351688588,0.007757081081081,0.011547691592785,-115.2961,33.88694,5,37,1,B
site_5c9d0f2184928454,166,0.1068499087088685,0.0888839096333607,0.0593005362486892,0.0531905756208907,0.0552122829035999,0.0593005362486904,1.038008749841677,0.4019854158467608,1.8952058965215268,14.754728999137878,0.1959696332709078,0.4696533975903614,0.5060337664489081,-83.55,31.5,5,166,1,C
site_5d7124d87cc93b62,348,0.1393505598709776,0.1255756453794652,0.0604097328572617,0.0322530787622199,0.0779830281425311,0.0604097328572617,2.417847571000809,0.6902608051997524,6.757665330651514,43.70032459205389,0.6041763622620968,0.3620108591954023,2.116310732041025,-120.72,40.62,5,348,1,D
site_5d757b731d458a94,262,0.0684783202760845,-0.0578658502688844,0.0366172598714465,0.0530948918150967,0.0334259108985041,0.0366172598714465,0.6295504097627705,0.7312417152623282,1.2285914511325091,-15.160852770447727,0.3400151289843648,0.7385956946564886,0.292730378081421,-110.167,39.017,5,262,1,B
site_5f947fb788a4536d,119,0.0782812175505502,0.0384641639785606,0.0681795945325797,0.0800400310655995,0.0624197655284651,0.0681795945325799,0.7798568378528851,0.5658612975237963,0.729225933522392,4.577235513448716,0.3364235071635296,0.762362382184874,0.4636510283067989,20.58337,47.86886,5,119,1,D
site_5fe2d8c9969b9003,30,0.0572159758357681,0.0236131926914056,0.0521160725856981,0.079464010022707,0.0789229727069332,0.0521160725856986,0.9931914168990564,0.7834826790284385,0.0982100367251761,0.7083957807421685,0.147409192320456,0.1894358666666666,0.1868650686269799,-111.45068,44.31785,5,30,1,D
site_6201629ba4657cf4,77,0.0278488137210395,-0.0181017302717868,0.0211632650325189,0.0362461878815135,0.0252822995308929,0.0211632650325189,0.6975160977904523,0.8212125736036805,0.0597178447765255,-1.3938332309275865,0.0579462352189924,0.1011615324675324,0.0492179895568736,-116.2789,34.25501,5,77,1,B
site_646b0b13ac40b218,99,0.086818039731191,-0.0628544366919633,0.0598889957413099,0.0881441911230216,0.0530506731088522,0.05988899574131,0.6018623851776019,0.7481734310895448,0.7461998302539002,-6.222589232504369,0.3463554864890046,0.7691704444444444,0.278623017812927,-96.5651,40.8484,5,99,1,D
site_6566fe1cc1e2b914,126,0.0836807383351744,-0.0579444577201964,0.0603730551474107,0.0852172509947075,0.065150115400391,0.0603730551474107,0.7645179190823372,0.7080091648750535,0.8823107120083117,-7.301001672744752,0.495281531804658,0.9150094632539684,0.5348117296222181,20.61309,47.8992,5,126,1,D
site_66d01cf2ba4510d5,232,0.0644163465097409,-0.0147608793198034,0.0627023296167631,0.0756874536980528,0.0312366565475975,0.0627023296167632,0.4127058715994459,0.5863950280364765,0.9626760418578189,-3.424524002194405,0.3216375175429957,1.3290330301724138,0.2263690612472365,-99.1296,45.7115,5,232,1,D
site_66d7dca1620ed572,393,0.1010428064256364,-0.0850236351766052,0.0545951480602826,0.1109093591021875,0.074344655425108,0.0545951480602826,0.6703190427474188,0.9003305420221034,4.012391951034877,-33.41428862440586,2.91751086462983,4.83424817302799,2.172161221579274,-123.3257,44.4185,5,393,1,C
site_6724da3b9f7cb3ab,208,0.0924324995819576,0.0044825053980717,0.0923237462645708,0.1033201550633074,0.0460867547528942,0.0864454459266007,0.4460577389247571,0.5592791173216047,1.777103531625467,0.9323611227989196,0.5539277415890885,2.2204113239996266,0.4417897044399108,15.14659,48.15442,5,208,1,D
site_67440af8dd535dfb,72,0.0708464965137301,-0.0188478661196099,0.0682933672548603,0.0947520144986016,0.0503887749485591,0.0682933672548627,0.5317963445442394,0.7176749363357696,0.3613842769154384,-1.3570463606119154,0.2467075997286786,0.6464119861111111,0.1828100621387907,-92.24667,38.50472,5,72,1,D
site_6781e3fbf21b29a1,73,0.056980868182796,0.023807889352106,0.0517687525778152,0.0589615712081985,0.0463108263637628,0.0517687525778153,0.7854408458729039,0.5385629245427542,0.2370178117371583,1.7379759227037432,0.1073521857645413,0.2537820821917808,0.1565625626101054,-97.88,27.55,5,73,1,B
site_6b5f97294d8bc101,70,0.1033892956688033,0.0976817004906279,0.0338767154274213,0.0260964811139473,0.0430895114592938,0.0338767154274217,1.651161751316138,0.6181055965443236,0.7482542521223866,6.837719034343957,0.048653516666325,0.0476718428571428,0.1299694198460432,-84.417,30.3,5,70,1,C
site_6c44d098207f2e1c,138,0.1271237343175695,-0.0692246760998947,0.1066226432129154,0.1168845982628554,0.044221433189124,0.1066226432129156,0.3783341333789493,0.4110386122521387,2.230141248104472,-9.55300530178547,0.2931917928875788,1.885357284927536,0.2698638511554223,173.05379,-34.71972,5,138,1,C
site_6d8dffdbd5a0f68b,215,0.0432117026824913,0.0159419948835705,0.0401634665816117,0.055609064631826,0.0435296518806365,0.0401634665816118,0.782779789029643,0.6969417425112369,0.4014590184748065,3.42752889996767,0.3627151710290548,0.664859134883721,0.4073885774626229,-110.3,40.183,5,215,1,B
site_6f19ba49405011b9,291,0.0487005053116459,-0.007884256840469,0.0480580660418537,0.0757458619297788,0.0527141614857047,0.0480580660418549,0.6959345387682566,0.7772136070182072,0.6901761123244106,-2.294318740576505,0.9030662231511752,1.669593759450172,0.808625800952018,-99.87,33.45,5,291,1,B
site_707e8ec87cc7ca20,444,0.0738392956604611,-0.0570084082595332,0.0469284878442442,0.067093323371764,0.0443963555896688,0.0469284878442442,0.6617104856122382,0.7168007574787787,2.4207952631330523,-25.31173326723277,0.9479993759790384,1.998672234234234,0.8751401570020801,-109.333,37.45,5,444,1,B
site_70cb37b6e2fc299e,25,0.0544910190967259,-0.0096320987963676,0.0536329547477739,0.0761966298467327,0.0434333350540687,0.053632954747774,0.5700164842124077,0.7275910789352914,0.0742317790549937,-0.2408024699091911,0.0601985894867777,0.14514816,0.047161364847975,-104.91059,42.05151,5,25,1,B
site_712fbf5124fad3cc,51,0.0657587365222903,0.0608374738342621,0.0249602325003889,0.0525489025459626,0.0460759445990137,0.0249602325003889,0.8768203019789564,0.8799966247664202,0.2205347828794083,3.102711165547371,0.1086648488865763,0.1408307450980392,0.1082726262052605,-111.34987,40.63549,5,51,1,D
site_71b412f8e5a4d387,203,0.1015272221884381,-0.080674448003029,0.0616393566214561,0.0811138012991189,0.0440732864620521,0.0616393566214565,0.5433512639794247,0.6604974443502953,2.092478699595997,-16.376912944614887,0.4793330451892735,1.3356280985221676,0.3943182796519203,-78.117,38.233,5,203,1,C
site_75783e392ac0cb24,364,0.0636503908069249,-0.0468520433105282,0.0430843160268635,0.061472095787929,0.0395325058952519,0.043084316026864,0.6430967642885332,0.7171131510218091,1.4746994989542344,-17.054143765032293,0.6343390317656673,1.375489956043956,0.5688661241383584,-105.2096,48.4887,5,364,1,B
site_75cd6b50825796c7,138,0.0665515547005472,0.0502902074879494,0.0435890406395797,0.0658307087127263,0.0457042862620255,0.0435890406395819,0.6942700018842426,0.7515689586455485,0.6112171017622713,6.940048633337021,0.3120566074638694,0.5980481449275362,0.2882656860155226,-76.85,39.017,5,138,1,C
site_763dec14eaad3a50,635,0.0454364892246105,-0.0094296426219264,0.0444472315569924,0.06563434879189,0.0397298789266565,0.0444472315569925,0.6053214461322678,0.749867223359064,1.3109413411919275,-5.987823064923286,1.2416709443205804,2.735496015748032,1.0023241824995115,0.95839,42.39871,5,635,1,C
site_76d40218bcda5d42,514,0.0514982725148972,0.0198104528935502,0.0475354397073493,0.0885720301615703,0.0631634958959083,0.0475354397073496,0.7131314002929313,0.8557494937194479,1.3631650450175692,10.182572787284853,2.4607785241288145,4.032332326848249,2.0506683878893117,4.09083,43.79517,5,514,1,C
site_77cb72593212dbbd,117,0.0251116192128496,-0.0183702105613855,0.0171210041592635,0.0219356463525553,0.0231659364508481,0.0171210041592636,1.0560863390355233,0.713067448692425,0.0737794300804658,-2.1493146356821065,0.0423952079339637,0.0562971919658119,0.0627892915624339,-106.73893,32.51924,5,117,1,B
site_7abf564ee0e4b0ad,385,0.0707389302628095,-0.041819528864653,0.0570536875255673,0.0656138252691689,0.0372253617572842,0.0570536875255673,0.5673402153368431,0.4986243557364971,1.926538558069752,-16.100518612891435,0.4688873350986122,1.6574920155844155,0.533505109814863,-106.05,36.083,5,385,1,B
site_7bad05b7ba319e5b,174,0.0804133635256019,0.0554667134970084,0.0582215830027095,0.0561981920368893,0.04981740646115,0.0582215830027095,0.8864592374866654,0.4018822913922075,1.1251377718291065,9.651208148479462,0.1957724501228538,0.5495332011494254,0.4318286736536862,-87.7,30.517,5,174,1,C
site_7d0e70aae0f59866,376,0.046807086626656,0.0018709922349674,0.0467696776398125,0.1131846387192124,0.0921425531648649,0.0467696776398126,0.8140906240240914,0.9163576065877498,0.8237796627867076,0.7034930803477764,3.5933586422508443,4.816846678191489,3.192334039006228,-121.09175,39.47095,5,376,1,C
site_7e86404aaf2aaa5a,59,0.0493285883759777,0.0410195989071312,0.027398944079375,0.0308219286241753,0.0270273085401853,0.0273989440793751,0.876885702700198,0.5580593383969955,0.143565268238832,2.4201563355207445,0.0274280543540746,0.0560494857627118,0.0430980490086562,116.18551,42.09596,5,59,1,D
site_7ef0e8cfe00f6fb9,14,0.0662077699693748,0.0593243211520569,0.0293954711505914,0.0754678121006916,0.0992892374771999,0.0293954711505915,1.31565013895891,0.9802063382559948,0.0613685632604471,0.8305404961287977,0.1028275473253269,0.0797354692857142,0.1380169375032531,-120.90604,38.3877,5,14,1,C
site_7f10cc6142e2e1b8,258,0.1349718330169378,0.1117677478223808,0.0756661499923502,0.1079687461238896,0.0654596673649682,0.0756661499923502,0.606283482164885,0.722795187068922,4.700088092651654,28.83607893817425,1.317973899799776,3.007570536007752,1.10552175729533,-97.082,36.926,5,258,1,C
site_7f390377c8e2ab7d,42,0.0639586244752159,-0.0488129032687062,0.0413280306721917,0.027087589932378,0.0310304994612659,0.0413280306721917,1.1455614744143348,-0.0067674795524087,0.1718096370799909,-2.050141937285661,-0.0002389105757077,0.0308169761904761,0.0404414596662562,-109.51923,36.14983,5,42,1,B
site_805bc67324f4fafc,23,0.0417204516153006,0.0027343516259089,0.0416307507039031,0.0745970143890866,0.0867184609635144,0.0416307507039035,1.1624923822179298,0.8773995153157044,0.0400337099086468,0.0628900873959064,0.1305443961699695,0.1279884347826086,0.1729621038532534,-119.23665,35.74389,5,23,1,B
site_806e9d4b2bc5b7aa,736,0.038931618502709,2.275325787132127e-05,0.0389316118537331,0.0468062646647006,0.0352895483306082,0.0389316118537339,0.7539492540882491,0.5813478805080227,1.1155337965609922,0.0167463977932924,0.7067470292694786,1.612448239130435,0.9165792349344531,26.74857,67.25729,5,736,1,D
site_81b448dff9fe7139,73,0.0191088676512338,-0.0156883232764185,0.0109098733121404,0.0179813170069953,0.0126796334053834,0.0109098733121405,0.7051559905456649,0.8006164928692087,0.026655864072603,-1.145247599178553,0.0133252568053617,0.0236029265753424,0.0117364365405288,-106.78791,32.58997,5,73,1,B
site_83d3240e2682e7b8,127,0.0548051103623156,0.0310674685990716,0.0451487820065092,0.0686409165378117,0.0413397927417032,0.0451487820065104,0.6022616658816129,0.7721559450799693,0.3814572154718506,3.945568512082099,0.2782659770208081,0.5983700787401574,0.2170402649187269,13.12135,52.43147,5,127,1,D
site_84322f1b7a2f6859,181,0.1398527646076467,0.1344269387205002,0.0385771164634777,0.0327502702594884,0.0420436133580886,0.0385771164634786,1.283763859808384,0.4909625713737823,3.540142034080737,24.331275908410547,0.1223606799031654,0.1941370165745856,0.3199474417810051,-81.4596,30.8078,5,181,1,C
site_84c38121549d3808,452,0.0607722526494638,0.0334650116673613,0.0507282927585153,0.0764415497772249,0.0801743501512634,0.0507282927585154,1.0488320865408542,0.7911917609436319,1.6693565448248018,15.126185273647309,2.1917202626420598,2.641176360619469,2.90542274282418,-123.812,47.5139,5,452,1,C
site_854fdc7c18ee8233,115,0.1112572872339291,0.0180349102356122,0.1097858186445153,0.1320696232036606,0.044677288469522,0.1097858186445158,0.3382858782040026,0.6258371039827266,1.4234911557050964,2.074014677095413,0.4246673714052075,2.005874317913044,0.2295469120737223,15.15424,48.15179,5,115,1,D
site_861ce199e425915f,14,0.0626103832085602,-0.020536635307329,0.0591464850669634,0.1339330665912291,0.0878600077392341,0.0591464850669635,0.6559993732345996,0.9415510398017566,0.0548808411973186,-0.2875128943026065,0.1551139841348464,0.2511329285714285,0.108071333439136,-123.15132,38.88623,5,14,1,C
site_863c334735fb9bf1,45,0.0450353115794519,-0.0133292757656839,0.0430175510300233,0.0781489050340738,0.0637678925483999,0.0430175510300236,0.8159793476389259,0.8350825589003461,0.0912680680076241,-0.5998174094557762,0.1872694300830364,0.2748263111111111,0.1829854854028926,-120.69375,40.06782,5,45,1,C
site_86df5ff689e856be,52,0.0216674798496399,-0.0156020807990661,0.0150351174845415,0.037911855688889,0.0360478181776014,0.0150351174845416,0.9508323325931558,0.9185666401019263,0.0244129435177968,-0.8113082015514375,0.0652781802235314,0.0747400576923077,0.0675711501590015,-118.01661,35.15243,5,52,1,B
site_890a05e971c0451c,86,0.1604861906015975,-0.1473046746156936,0.0636957628902967,0.0893906509667515,0.050893428407175,0.0636957628903015,0.569337261299334,0.7169829058800006,2.2150002941478566,-12.668202016949651,0.2805182109800882,0.6871992093023257,0.2227521307331172,9.01055,54.06915,5,86,1,C
site_896afd85d5a18675,32,0.13898988120614,-0.1168128417301923,0.0753189689561266,0.0555527532930412,0.0697932079323914,0.0753189689561269,1.2563411135399851,0.2945747347301873,0.6181819864863015,-3.7380109353661535,0.0365480509970802,0.0987554687499999,0.1558749399518089,-90.65,33.383,5,32,1,C
site_89d7fda60b8576e0,242,0.0938459481752514,-0.0865176800336719,0.0363559215328553,0.040727482356979,0.0412513010612478,0.0363559215328553,1.012861553770438,0.6067172132216309,2.131309001316697,-20.93727856814861,0.2466759999735542,0.401412132231405,0.4118041010974618,15.15272,48.15276,5,242,1,D
site_8a95dad53e3ef658,116,0.043653278334684,-0.0194311445504426,0.0390901436531665,0.0458620682120171,0.0180670574790389,0.0390901436531665,0.3939433650378827,0.5441205432744535,0.2210506102863862,-2.2540127678513526,0.0522990950769455,0.2439861988793103,0.037864553650304,102.91813,38.62916,5,116,1,B
site_8b49c8c099ceaa41,93,0.0213983796630609,0.0068150533314033,0.0202841243413322,0.0212977279941553,0.0219825175632108,0.0202841243413322,1.032153174706868,0.5610888970458665,0.0425838306550184,0.633799959820509,0.0244301047063402,0.0421841692473118,0.0449404902927691,-106.77855,32.59244,5,93,1,B
site_8cc16869ec1e1da8,59,0.0852802137353257,-0.0496623638625872,0.069327948695478,0.0965387038676263,0.0588265209216454,0.069327948695478,0.6093568544519538,0.702048404128754,0.4290901764298279,-2.9300794678926474,0.2352305349169647,0.5498635593220339,0.2041730142609426,-106.9163,40.57139,5,59,1,D
site_8ed4687e22806c1c,13,0.0498165199407745,-0.0281339855634249,0.041111610468657,0.1217561993124207,0.0934741512315827,0.0411116104686574,0.76771574473783,0.9608871899448732,0.0322619135671246,-0.3657418123245239,0.1421668592769366,0.1927194369230769,0.1135864203300423,-120.78932,38.14806,5,13,1,C
site_8ef0c5f52c2e7704,301,0.0453288554393408,0.005154902676134,0.0450347878183104,0.0573586569335363,0.0611954483932063,0.0252655241537418,1.066891236036364,0.911166669851022,0.6184662457676386,1.5516257055163378,0.9626810336344578,0.990294673090953,1.1272097541177186,25.85134,40.88994,5,301,1,C
site_904aa20c648a7a66,65,0.0760696575754755,-0.0398867461112829,0.0647737623448272,0.0730891746814896,0.0252672098760165,0.0647737623448273,0.3457038608812698,0.4832299621152281,0.3761285322372569,-2.592638497233391,0.0580066195226632,0.3472317846153845,0.0414980731697133,-120.44306,35.8326,5,65,1,C
site_924ffc782c7352b5,123,0.0976470952927188,-0.0782853116979443,0.0583640744933131,0.0780752902133553,0.0481204426046457,0.0583640744933131,0.616333829475979,0.6660819011614624,1.1727994919499536,-9.62909333884716,0.3078052089346982,0.7497773658536584,0.2848159705654415,-79.4743,39.013,5,123,1,D
site_9463f490fbd10247,85,0.0883044995190828,-0.0347578228428784,0.0811762181093624,0.0946569772450846,0.0444318537323494,0.0811762181093626,0.4693986119724386,0.5164974688549652,0.6628031940018353,-2.954414941644669,0.1846435696810483,0.7615951839999999,0.167806118217896,22.97952,53.63384,5,85,1,D
site_9645b57909c3f762,10,0.2124103647351831,-0.2107404564356803,0.0265823826662441,0.0090820922699562,0.0343240445216846,0.0265823826662451,3.779310262595453,0.8885798731179942,0.4511816304693354,-2.107404564356804,0.0027700068205595,0.0008248439999999,0.0117814003232659,101.839,33.6547,5,10,1,D
site_977580436f81c571,953,0.0815733677098005,0.0722067312817133,0.0379526320184617,0.0528957368452601,0.0553399612060106,0.0379526320184618,1.0462083431770854,0.7549869310420211,6.3414662465009615,68.8130149114728,2.1061624046479124,2.666454904512067,2.9185732748874784,0.9255,42.1554,5,953,1,C
site_97b9cf35873933d5,278,0.0863617051039647,-0.0387249152563887,0.0771927784630769,0.1094588268866257,0.0617656044257774,0.0771927784630803,0.5642816224382935,0.7275406239583554,2.0734196621530385,-10.765526441276076,1.3674124481012548,3.330783269784173,1.0605671894426911,-94.5829,37.4277,5,278,1,C
site_983e670b17ddf306,157,0.0975953940719249,0.037130051713992,0.0902564136434115,0.1103592777979033,0.0481627123518259,0.0886989848486045,0.436417429624942,0.6238057325412907,1.495403168216529,5.829418119096756,0.5205576108029439,1.9121297207837444,0.3641845571903017,15.15537,48.1521,5,157,1,D
site_98b5a51181513eb5,283,0.0800332503902322,-0.0180703543021063,0.0779665534920068,0.0797541616025917,0.0540904907241487,0.0779328905786938,0.678215276008757,0.3723940007323186,1.8127058905512496,-5.1139102674961086,0.4546355444751637,1.800085540899846,0.8279960758585201,15.15045,48.15617,5,283,1,D
site_9914472daa974be8,579,0.1077582444957809,0.0935642778246513,0.0534561986299433,0.0464528797147882,0.0678163073462246,0.0534561986299434,1.459894580542774,0.6188938338253173,6.723254929694443,54.17371686047315,1.1288636789320097,1.249406749568221,2.6628508428629347,-0.8456,44.1475,5,579,1,C
site_9b887de986760bf2,480,0.0578911991643999,-0.0452806329907973,0.0360701430083793,0.0560531744374773,0.0578483119102456,0.0303308191298569,1.0320256165825294,0.8586410140601418,1.6086676515322664,-21.73470383558273,1.3364224719108573,1.5081400149687672,1.6062850516152327,25.85547,40.88754,5,480,1,C
site_9bcdb4682bce48b9,67,0.0859158545819027,-0.0731551388662252,0.0450539645980456,0.0634860566902245,0.0643444193888819,0.0450539645980458,1.0135204916387504,0.7516357253201458,0.4945627825920899,-4.901394304037094,0.2057176031479195,0.270042119402985,0.2773936885349859,-91.1,33.617,5,67,1,C
site_9e4afb6a8f7ad2cf,417,0.0439854573614893,0.0188248790533279,0.0397535456019582,0.1018684549329514,0.0835092954066657,0.0397535456019586,0.8197758124596131,0.9269254101216282,0.8067784315278496,7.849974565237761,3.2881784695689555,4.327284940047962,2.90807560885551,-123.11312,39.36141,5,417,1,C
site_9f12426b620c51cf,101,0.074250401480575,-0.0211191506185153,0.0711835907859321,0.1240816246805874,0.0859100005988599,0.0711835907859321,0.6923668256279737,0.8306716378643006,0.5568253341226852,-2.1330342124700548,0.8943385465491085,1.5550212079207917,0.7454333484925084,-120.40975,35.01071,5,101,1,C
site_9f1e476ae99152c9,445,0.0251643602439595,0.0131316062500637,0.0214663910283275,0.0356060091187991,0.0294297488072207,0.021466391028328,0.8265388212711136,0.7983254741461081,0.2817940367870595,5.843564781278372,0.3722629825585762,0.5641656089887641,0.3854190011109703,-113.75,38.6,5,445,1,B
site_9f8869a238f7fb2c,128,0.0618200055017355,-0.0419671399970538,0.0453924249264377,0.0804928358219061,0.0531263566061914,0.0453924249264381,0.66001347900993,0.8466488803811882,0.48917927427003,-5.371793919622897,0.4634261852286873,0.8293243671875,0.361268450079772,-76.2462,42.4401,5,128,1,D
site_9fdd13189c6a4b41,74,0.0953643379927517,0.0133311272305411,0.0944279514103685,0.0941439236397693,0.0283241803973204,0.0944279514103701,0.3008604199002746,0.1403873343648858,0.6729824150988891,0.9865034150600432,0.0277018831987236,0.6558677985135135,0.0593671804433162,22.98104,53.63502,5,74,1,D
site_a022a72950c921d2,332,0.0588138992348826,-0.0016556175446294,0.0587905917112325,0.0864600953686717,0.0549866510738333,0.0587905917112325,0.6359772197725031,0.7406733685714946,1.1484128147460275,-0.5496650248169903,1.169062671477267,2.4818155662650603,1.0038125563767455,-111.183,48.433,5,332,1,B
site_a044c6ba9277ce3b,423,0.0614936987054679,-0.0400408770977464,0.0466712239149782,0.1184170713949545,0.0866081149583724,0.0466712239149782,0.7313820037780685,0.9431353765809278,1.5995639167425626,-16.937291012346744,4.091544746711481,5.931560983451536,3.1729084389198454,-123.15985,39.19757,5,423,1,C
site_a0c291a961f2a716,850,0.0608694092979905,0.0461976129106914,0.0396341462585005,0.0561989854358051,0.052827243108158,0.0396341462585006,0.9400035018159082,0.7373556280614566,3.149322240043354,39.26797097408772,1.8607256622323745,2.684577069411765,2.3721099722471704,0.98318,42.14571,5,850,1,C
site_a248dbe2d1a2adcc,561,0.0601605850870005,0.0355169729094241,0.0485576011903539,0.0603484932660877,0.0599427841960232,0.0485576011903541,0.9932772295030527,0.6741251902152033,2.0304250548837413,19.925021802186965,1.3680650860146883,2.043128698752228,2.015750068592941,13.4577,52.45366,5,561,1,D
site_a41c2614a1d6c7af,73,0.0427086842233721,0.0042827610757252,0.0424934073199593,0.0623356461656257,0.0429569660959223,0.0424934073199596,0.689123619281746,0.7329555976435403,0.1331543146906955,0.3126415585279464,0.1432750579488195,0.2836584931506849,0.134706968340134,-80.133,36.633,5,73,1,C
site_a5d95056137a1cb7,11,0.0538466066139396,0.0484111098116094,0.0235758666997559,0.0827599076488705,0.1027306251390842,0.0235758666997565,1.241309083801113,0.9907673278425788,0.0318940274822,0.5325222079277039,0.0926582919067957,0.0753412254545454,0.1160893947561375,-120.90474,38.39306,5,11,1,C
site_a73d8bbb894bc8be,176,0.0439409421525816,-0.0145339708165688,0.0414676993521421,0.0683403460085035,0.0573656883852204,0.0414676993521441,0.8394117345862202,0.7960500646032524,0.3398219259171494,-2.5579788637161256,0.549265640608289,0.821990909090909,0.5791847078881972,13.52688,52.56089,5,176,1,D
site_a9bb651af86c320d,265,0.0432136198930156,-0.0255439602458252,0.0348557461434659,0.0770072464030237,0.0674536587226828,0.0348557461434659,0.8759391079854826,0.891840485599047,0.49486549022838,-6.7691494651436805,1.2276375470625625,1.5714807396226416,1.205748959895184,-119.47831,34.97018,5,265,1,B
site_aa6af732ad487cde,102,0.1017220011081218,0.0882334160892402,0.0506184728598535,0.0518456743839447,0.0631226517087884,0.0506184728598538,1.2175104762131483,0.6279666842461749,1.0554312819629548,8.999808441102505,0.2096208791369754,0.2741733431372549,0.4064158541923993,-91.30943,36.99024,5,102,1,C
site_ab675503825cdd0c,57,0.0723249659511508,0.041619332487123,0.05915007914755,0.0789294287609547,0.0419812467892392,0.0591500791475501,0.5318833222065169,0.6780552640338456,0.2981613398906023,2.3723019517660138,0.1280661163854233,0.3551017192982456,0.1004582296728033,-105.1944,39.9476,5,57,1,B
site_ad2b2a9828429935,434,0.0550586085514815,-0.0320974641357149,0.0447348093958359,0.0767714528986212,0.048651952923748,0.0447348093958359,0.6337245302364447,0.8379557422655589,1.315649463021371,-13.930299434900284,1.3583473769958356,2.557933495391705,1.0272834351098563,-108.9677,40.2446,5,434,1,B
site_ae9ca32397bc3042,71,0.0907838389801002,-0.0435061784386634,0.0796800969981083,0.0882940615292393,0.0374858020330329,0.0796800969981083,0.4245563221782383,0.4308616006177363,0.5851610848174992,-3.088938669145107,0.1012498623205112,0.5535047323943663,0.0997681601382412,-120.26703,35.63381,5,71,1,C
site_af2a74d9f9ddf3dd,20,0.0508325841808576,0.0169024382263422,0.0479401626666896,0.079289012479662,0.0463321456142177,0.04794016266669,0.5843450960636213,0.835026377285295,0.0516790322900796,0.338048764526844,0.0613515602070838,0.12573495,0.0429333543443415,-111.78902,45.21776,5,20,1,B
site_afa839e078f7a159,128,0.0872398408312369,-0.0656180263238027,0.0574896899420085,0.0619307182644129,0.0525488780701787,0.0574896899420085,0.8485107155680235,0.505737517844836,0.9741810980172227,-8.399107369446753,0.2106709760993486,0.4909329746874999,0.353457227063617,20.61617,47.90132,5,128,1,D
site_b245fa887fc8016f,103,0.0613102663558174,0.0162352019834865,0.0591216286749331,0.1088474084138382,0.0683727310192568,0.0591216286749332,0.6281521261333431,0.8752271626594221,0.3871717223439919,1.672225804299116,0.6709019169455881,1.2203191067961163,0.4815075257442593,-95.7232,31.7796,5,103,1,C
site_b28acdbc0b46c698,117,0.0600029975241798,-0.0227640861476588,0.0555171693600159,0.0802697794313366,0.061365217625581,0.0555171693600169,0.7644871838482287,0.723416616807366,0.4212420862907475,-2.6633980792760847,0.416916122830831,0.7538587863247864,0.4405857223054858,-86.533,34.9,5,117,1,C
site_b2932e0c6b95db47,17,0.0396722128543781,-0.0123761374459547,0.0376923824490031,0.0987553336126966,0.0703861916157774,0.0376923824490031,0.7127330650496444,0.9556965596028724,0.0267560360369724,-0.2103943365812301,0.1129319876357913,0.1657944705882352,0.08422167149294,-113.8683,42.87892,5,17,1,B
site_b3f7168418402098,126,0.0931389853130411,0.0189522666913176,0.0911903622780613,0.1113043999726102,0.0600547347313206,0.0911903622780613,0.5395540045685429,0.5744426387333298,1.093033693728004,2.3879856031060216,0.4838121820040047,1.5609723511111115,0.4544279666198105,145.93553,-35.10975,5,126,1,B
site_b49dd89f78142169,895,0.1020163129220594,-0.0826279336116167,0.0598327058496087,0.0681808443843514,0.0609849464614994,0.0598327058496088,0.8944586564184065,0.5757374486351953,9.31455865147934,-73.95200058239698,2.1425577495987023,4.160521649162011,3.3286515069461946,0.2217,43.6664,5,895,1,C
site_b5f371f7af22139e,38,0.0869672747043809,-0.0125875498683829,0.0860514988702592,0.1241285105006644,0.0500180631303371,0.0860514988702594,0.4029538655429962,0.8459812838554644,0.2874056610412754,-0.4783268949985504,0.1995918327115084,0.5854997105263157,0.0950686522937949,9.86479,48.66559,5,38,1,D
site_b6580d1df11a1de9,307,0.1025305690504378,0.0919313785952155,0.0453997711380769,0.0693394773485644,0.0606319481417218,0.0453997711380778,0.8744217646309842,0.7638880152528765,3.227342900070628,28.22293322873116,0.9859392548790534,1.4760446775244298,1.128603572586359,-123.0747,38.3208,5,307,1,C
site_ba295fb465b7a123,51,0.1155595045541452,-0.0755395750520276,0.0874515391160076,0.1061831681482558,0.0590341423811726,0.0874515391160076,0.5559651629413392,0.5672968270250891,0.6810539537327758,-3.852518327653408,0.1813591485085294,0.5750181250980392,0.1777365283007089,96.5302,17.4661,5,51,1,A
site_baf61fa27e289b2f,499,0.0561243045444446,0.0481713356065128,0.0288003469854492,0.0207259138220979,0.0304105687856917,0.0288003469854493,1.467272760406254,0.4164026502578611,1.5718188427381876,24.03749646764993,0.1309640996814341,0.2143521883767535,0.4614765442407746,-102.8071,31.6219,5,499,1,B
site_bb1efe9ff5e404ec,109,0.0519072697129078,-0.0458571900122209,0.0243204188539511,0.0345396230456853,0.0270883382645665,0.0243204188539522,0.7842684973352786,0.7135800005633349,0.2936857467462926,-4.998433711332083,0.0727728066978856,0.1300354260550458,0.0799818096229783,-106.74061,32.51601,5,109,1,B
site_bc9b171e4ce196ad,334,0.0625594312726043,0.0024575414841403,0.062511142454809,0.0928373647875252,0.0615617929111042,0.0625111424548092,0.6631143942096951,0.7437129245965708,1.307169935344668,0.8208188557028773,1.419664948591416,2.878671284431137,1.2658113517075154,-104.4363,44.5169,5,334,1,D
site_bcce4729161ec249,23,0.0790320393950922,-0.0604854299431262,0.0508682220599716,0.0292289444032157,0.0599100631311959,0.0508682220599737,2.049682749562611,0.5299418828062246,0.1436594547717903,-1.3911648886919026,0.0213436646573245,0.0196496173913043,0.0825519602808292,101.99694,34.01525,5,23,1,D
site_bcde474edfd61b91,260,0.0572327552396891,0.0410250324550729,0.0399065782094427,0.040445033742573,0.0608880521961093,0.0399065782094428,1.5054518827615104,0.761510443638551,0.8516529508048021,10.666508438318967,0.4875806871373923,0.4253081961538462,0.963912274061396,-119.6459,44.556,5,260,1,B
site_bce64be690bbd347,62,0.141284010977817,-0.1155289048225648,0.0813280019948766,0.0906607896067113,0.057081868186172,0.0813280019948766,0.6296202408317256,0.4698930000445908,1.2375926489947553,-7.162792098999024,0.1507677107169743,0.5096014838709679,0.2020170598886581,-97.34829,49.97536,5,62,1,D
site_bd2bb9d55083fc3a,66,0.0523579338103623,0.0161031713449593,0.0498200873697062,0.0679149271355251,0.0648236822155902,0.0498200873697065,0.95448357157527,0.7191950311252007,0.1809293133707589,1.0628093087673185,0.208972697943449,0.3044208636363636,0.277339245215197,-96.617,43.733,5,66,1,D
site_bef0b5984488c172,103,0.0979664285285898,0.0780065922991743,0.0592654425151597,0.0689647508871452,0.0479689867564692,0.0592654425151597,0.6955580371045812,0.5357597572867133,0.9885343752206726,8.034679006814956,0.1825555457608068,0.4898820970873785,0.2370054401155586,1.62303,41.75145,5,103,1,C
site_bfd5ae6a882cc3e5,235,0.0810602567907513,0.0759158962366428,0.0284172822340528,0.0356169511171428,0.0434818530283255,0.0284172822340528,1.2208190668907992,0.759253062351904,1.5441298292808985,17.84023561561108,0.2763243763603428,0.2981132936170212,0.4443078125525717,1.46531,42.4142,5,235,1,C
site_c182efa4e364207f,418,0.0848498843532677,-0.0730195642427394,0.0432162713866358,0.0996168819138827,0.0666451862089685,0.0432162713866359,0.6690149794748874,0.9412174211034696,3.0093922016508947,-30.52217785346508,2.6119686999524183,4.148032681818181,1.8565807931381413,-123.00498,39.23429,5,418,1,C
site_c55e48f9c70fa0cd,156,0.1632209022068297,0.1527856085365399,0.057424913942736,0.057335158048574,0.0492741854988444,0.0574249139427407,0.8594061161756922,0.4278800721188951,4.156005815084988,23.834554931700232,0.1885763071684692,0.5128219743589744,0.3787594756256277,-86.92,46.3345,5,156,1,D
site_c5994b65f46677b9,69,0.0988345663738669,-0.084622306152012,0.0510620878130286,0.0499283676336405,0.0467676430193903,0.0510620878130289,0.9366948137090584,0.4438306307170914,0.6740107342114112,-5.83893912448883,0.0715087543131648,0.1720060907246376,0.1509176579176498,22.87721,53.60707,5,69,1,D
site_c5e6851f6a622cc5,8,0.111195359097356,0.1058319415599107,0.034117561906584,0.0582986264310746,0.0385446592114218,0.0341175619065841,0.6611589598426041,,0.0989152630783197,0.8466555324792862,0.0148816502681002,0.0271898387499999,0.0118855260297972,-120.90528,38.38774,5,8,1,C
site_c6db53a69289981e,274,0.1093600264555656,-0.0727011617167587,0.0816955107175156,0.1108950325412029,0.0518275007547156,0.0816955107175156,0.4673563780727436,0.7229028519318875,3.276934615863193,-19.920118310391903,1.1384208999396348,3.3695720583941604,0.7359886146475336,-96.6098,39.1027,5,274,1,D
site_c8bbc74a2a93ec2f,58,0.1981057717245151,-0.1929332386275817,0.0449740172014718,0.0247761233878667,0.0334644015522702,0.0449740172014719,1.3506714116809064,-0.1742452294993839,2.276262013852811,-11.190127840399745,-0.0083792530938212,0.0356036648275862,0.0649522379325922,116.1766,42.0251,5,58,1,D
site_c918c9526fa62ebb,318,0.0405757676253831,0.0195935282904022,0.0355314869872103,0.0664756350624781,0.0585348923502219,0.0355314869872104,0.8805465686067836,0.8458768001340745,0.5235529480477303,6.230741996347903,1.0466742807904363,1.4052451981132077,1.0895740919397574,-85.9621,34.2851,5,318,1,C
site_c9bedd1cb4a7f458,580,0.1437901757255637,-0.1383609768120893,0.0391389158101368,0.0697376580354965,0.060940267725204,0.0391389158101369,0.8738502186893815,0.8288801994861883,11.991856488409327,-80.2493665510118,2.0431087098917,2.82073775,2.1539554136433336,-5.41558,41.20548,5,580,1,B
site_cae0124873df3612,67,0.0954362811109512,-0.0456353386505326,0.0838182534925401,0.0837137413589581,0.0336582571923231,0.0838182534925412,0.4020637071756122,0.1979248189040707,0.6102416114033307,-3.057567689585685,0.0373648665584735,0.4695353629850745,0.0759028445740461,22.9793,53.63489,5,67,1,D
site_cb4bf51604d9132d,282,0.0471894905510898,-0.0071508084920281,0.0466445490532574,0.071663850085549,0.0490810997439975,0.0466445490532578,0.6848794711058188,0.7632112517530426,0.6279711412089344,-2.01652799475193,0.7570216404743335,1.448269489361702,0.679325127286626,-97.1082,36.1346,5,282,1,C
site_cc4adebea528a6a7,56,0.0327040165480689,0.0217875272989273,0.0243896771724199,0.0194119847790282,0.0240656011086983,0.02438967717242,1.239729032483977,0.3865068932310022,0.0598949511090764,1.220101528739929,0.0101114148018615,0.0211022085714285,0.0324325767764871,116.3333,41.80295,5,56,1,D
site_cc5b5abb6e110086,210,0.0509847202158234,0.0068994817856947,0.0505157287047773,0.0774835869812047,0.0526955915832898,0.0505157287047773,0.6800871466633603,0.7627512231294138,0.5458827560520172,1.4488911749958997,0.654012741607275,1.2607783128095238,0.5831333281857061,-97.266,37.133,5,210,1,C
site_cdea46ac31c32470,97,0.0648274081022392,-0.0512349880565073,0.0397186208232841,0.0426933717065234,0.0305587446565594,0.0397186208232854,0.7157725762823767,0.451840241055126,0.4076515056016642,-4.969793841481208,0.0571811130937841,0.1768042268041237,0.0905821768735255,-73.033,43.05,5,97,1,D
site_cf05376790209007,110,0.0698395251518468,-0.0329143511306155,0.0615971165160025,0.0925820114437745,0.0586023826897424,0.0615971165160028,0.632978067508631,0.7567434598335714,0.5365315200778991,-3.6205786243677136,0.4516304835242303,0.9428571727272728,0.3777663182606521,-96.8541,40.6954,5,110,1,D
site_cf7d6b44d8ca17d9,57,0.2955059699285527,-0.244972962710941,0.1652635041503072,0.1531265919258208,0.0744838871356908,0.1652635041503072,0.4864203284284748,0.0738057138468338,4.977455361014639,-13.96345887452364,0.0479819386181862,1.3365219298245614,0.3162274182420128,6.64484,52.39474,5,57,1,C
site_d19d0426f7d37618,153,0.0608744485848317,-0.0383206140757386,0.0472993554645899,0.0837503680009104,0.0594740530924146,0.0472993554645899,0.7101348270107678,0.8345815881511883,0.5669718690476214,-5.863053953588008,0.6360254449683662,1.0731609934640522,0.541185937659622,-119.44,41.9,5,153,1,B
site_d2004cfafa6e6923,174,0.1241034372194072,0.1171800802374022,0.0408716518534218,0.0547602239262679,0.0536619420377364,0.0408716518534221,0.9799438020923666,0.7159668196563582,2.6798893845628173,20.389333961308,0.3660780973565476,0.5217706896551724,0.5010511000474811,13.48854,52.62005,5,174,1,D
site_d33b41fbc11cec5f,132,0.0366590244844126,-0.0287552235504443,0.0227381000682276,0.0315333760952744,0.0205007447251155,0.0227381000682281,0.650128443690105,0.6942551356061429,0.1773926980516366,-3.795689508658648,0.0592424677374829,0.1312547026515151,0.0554770305255344,-106.73716,32.6088,5,132,1,B
site_d35a7f73b803c0c5,350,0.0258674449926454,-0.0078244691570316,0.0246556766862765,0.0358807803705549,0.0213313082218051,0.0246556766862767,0.5945051362180073,0.7411657020210228,0.2341936486566383,-2.7385642049610617,0.1985467255792021,0.45060064,0.1592586486587783,-106.8859,34.3557,5,350,1,B
site_d57ef4f33b8af5eb,61,0.0361022088996579,0.0029861807105971,0.0359784965249827,0.0327144246834684,0.0307435770244154,0.0359784965249835,0.93975600432769,0.3584105652473036,0.0795055387335069,0.182157023346424,0.0219889414020615,0.0652842485245901,0.0576552192236262,115.96818,42.17698,5,61,1,D
site_d5e7272a4c76be28,253,0.0660280943219681,-0.0217950894457078,0.0623272277246816,0.0900383248730511,0.055454189798603,0.0623272277246816,0.6158953965079904,0.7307611007422001,1.1030064376670534,-5.51415762976408,0.923119050234515,2.0510456863241107,0.7780172930535323,-97.485,36.605,5,253,1,C
site_d69e903c7a9d1235,9,0.1307786003367682,0.0710480194714334,0.1097962714996779,0.0906453419911434,0.043743037737909,0.1097962714996781,0.4825734756694163,,0.1539273807543975,0.6394321752429009,-0.0086633543699979,0.0739492022222222,0.0172210801548611,-109.94261,31.73667,5,9,1,B
site_d77add30347fd2bb,153,0.1048192515727216,0.0840911471839823,0.0625759895291103,0.0463303593770709,0.0457312943328276,0.0625759895291105,0.9870697086683996,0.076011663975138,1.681022551540624,12.865945519149305,0.0246405747099931,0.3284148366013072,0.3199767460474242,-93.95,45.417,5,153,1,D
site_d80aeb123d7ed060,81,0.0630617647861488,-0.0273806150165604,0.0568074651719161,0.0760390805912861,0.0430804503735743,0.0568074651719161,0.5665566974058229,0.6732373456193209,0.3221196804134285,-2.2178298163414003,0.1786365447331357,0.4683372839506173,0.1503299415555898,-82.6142,35.4945,5,81,1,C
site_d91996c560da68ca,34,0.0381711472447472,-0.0107448083127246,0.0366276613545416,0.0293630331584285,0.0228791261692044,0.0366276613545423,0.7791812938997086,0.0327899068106372,0.049539240387326,-0.365323482632637,0.0007489614218473,0.0293143823529411,0.0177974500850567,115.68971,42.25761,5,34,1,D
site_d953e178fc0d59d7,49,0.0218931068275795,-0.0080038476513356,0.02037759920447,0.0656251709107074,0.0716918166375161,0.0203775992044701,1.0924438846043278,0.9597811440699128,0.0234860982016267,-0.3921885349154472,0.2212627604724649,0.2110264897959183,0.2518461120665746,-118.1265,35.2543,5,49,1,B
site_da8c3e0e11f55458,3,0.0273722622556583,-0.0252482015530268,0.0105720886928872,0.0161691063451261,0.0266920867221251,0.0105720886928883,1.6508077906340732,,0.0022477222229776,-0.0757446046590805,0.0012932076513767,0.0007843199999999,0.0021374024807443,-120.96786,38.43031,5,3,1,C
site_db085d5191ab69be,266,0.0753434180376727,-0.0269534129894765,0.0703572609601754,0.1017261837591883,0.0565970605062026,0.0703572609601754,0.5563666935563244,0.7469773771498667,1.5099837506654716,-7.169607855200767,1.1439728401942473,2.752625578947369,0.8520584506127762,-97.0914,36.1181,5,266,1,C
site_db8e4a0f1b9b5265,95,0.0652254868772268,-0.0536232225367897,0.0371337332238654,0.0454912295586633,0.0483088166417058,0.0371337332238655,1.0619369296098948,0.6880783102661504,0.4041645931452723,-5.094206140995026,0.1436532804746376,0.1965979368421052,0.2217054677055854,15.14991,48.15353,5,95,1,D
site_dbd15ac8d9118973,348,0.0821611214025798,-0.0605480353594511,0.0555372423175666,0.0634540839930953,0.0502042023354884,0.0509471034820947,0.7911894582065254,0.6201655670632734,2.3491565548050537,-21.070716305089,0.6875219116534519,1.4011944298401715,0.8771207523856461,15.14109,48.15668,5,348,1,D
site_dc829eafe59eeb8b,8,0.0303787364912528,0.0019978746056556,0.0303129696312494,0.0872928181109419,0.0744111959420594,0.0303129696312503,0.8524320505667368,,0.0073829410464398,0.0159829968452454,0.0489527441896498,0.0609602887499999,0.0442962086522205,-120.967,38.43058,5,8,1,C
site_dcaa88f5078de089,67,0.0297640539800262,-0.0114738195618586,0.027463619098506,0.0564331180640879,0.0464102074396789,0.0274636190985061,0.8223931094321855,0.8751864290263335,0.0593552269248363,-0.7687459106445311,0.1535758521338897,0.2133746865671642,0.1443117927577998,-121.13735,36.16107,5,67,1,C
site_dd79f703df4240fc,145,0.0444303790783425,0.0260581444867726,0.0359865487502163,0.0432432293505135,0.0546737153677195,0.0359865487502181,1.2643300740690455,0.7537555653768697,0.2862384948315565,3.778430950582028,0.2584016250719284,0.2711466482758621,0.4334361970560099,-98.7242,30.2758,5,145,1,C
site_dd8f5f5975cafcae,324,0.0537124107110961,-0.0021762297749519,0.0536683061812471,0.0759384940792275,0.0463594073816279,0.0536683061812474,0.6104862618589805,0.7151845671401127,0.9347474728647832,-0.7050984470844264,0.8157611164840651,1.8683961820987651,0.69633906749934,-101.595,36.5993,5,324,1,B
site_dfb90b37de535da6,97,0.0670383243506782,0.0151888928056992,0.0652949804126145,0.1042204470513832,0.055913009788563,0.0652949804126159,0.5364879097188725,0.8344144828832354,0.4359312823794334,1.4733226021528247,0.4716494913359277,1.0536044536082474,0.3032476723707467,-85.1345,36.0138,5,97,1,C
site_e03a086b6cf0400e,25,0.0238471129370111,-0.0164098925132751,0.0173031853464418,0.021545730342692,0.0199930184151603,0.0173031853464419,0.9279341241705324,0.6552762274897205,0.0142171198857641,-0.4102473128318786,0.0070567382276952,0.0116054624,0.0099930196337235,91.82089,31.34344,5,25,1,E
site_e0d226fb407c644c,29,0.0442724530891932,0.0078085227629234,0.043578401471322,0.0871604094746345,0.0671920340233305,0.0435784014713225,0.7709008531320034,0.8719077223219553,0.0568414529735096,0.2264471601247787,0.1480831254471478,0.2203111724137931,0.1309283136495799,-111.41471,40.80757,5,29,1,D
site_e25a87142f53f607,300,0.1342830734422703,-0.1239201042395035,0.0517276674360321,0.072750628428357,0.0417794015375931,0.0516057358122994,0.574282345598381,0.7196993641447342,5.409583143930651,-37.17603127185106,0.6562530541247187,1.5877961810162602,0.5236555178518316,15.13658,48.15709,5,300,1,D
site_e31fada537e5be85,81,0.094511620013199,0.0883058882922302,0.0336825831913095,0.0359726606209151,0.0520518863203397,0.0336825831913103,1.446984610587181,0.7660879263210558,0.7235281517190653,7.152776951670647,0.1161910482341492,0.1048166172839506,0.219461308429951,-98.8604,30.4315,5,81,1,C
site_e40d69be413aa48f,36,0.0690522129394763,-0.0152938191874159,0.0673372646199814,0.0361634983251221,0.0562713431571827,0.0673372646199814,1.5560259865150283,-0.0147531843902215,0.1716554920261961,-0.5505774907469747,-0.0010808016241838,0.04708075,0.113992706185683,-112.71712,39.18608,5,36,1,B
site_e4db2a28e10f56a8,58,0.1168756068610481,0.1029359148936025,0.0553543575895818,0.0513997326919952,0.0510568590106541,0.0553543575895818,0.9933292711190594,0.4162296718051296,0.7922746337900202,5.970283063828945,0.063354283591925,0.1532320862068965,0.151194565417961,-84.7203,44.908,5,58,1,D
site_e4eafc6d8fd741ea,61,0.0510114067846965,-0.0106638160635213,0.0498843327019332,0.0535025823758207,0.0433233551947806,0.0498843327019332,0.8097432548295016,0.4855648918283489,0.1587319809513809,-0.6504927798748016,0.0686552797014718,0.1746141055737705,0.1144916994253205,96.3465,17.263,5,61,1,A
site_e4f3e7026d41564d,185,0.054701208672781,0.036895976883334,0.0403845158456507,0.0534148038562413,0.0480245956696202,0.0403845158456508,0.8990877472633222,0.6877749170717065,0.5535611125986809,6.825755723416806,0.3263949394632836,0.5278311351351351,0.4266769310076432,-87.8757,30.5485,5,185,1,C
site_e6202f28b556f35d,44,0.0679488216416644,0.0514565541072325,0.0443764059146319,0.0336007368911471,0.0645125646466603,0.0443764059146321,1.919974697449495,0.7661718707346572,0.203149863949592,2.264088380718231,0.0730755325303836,0.0496764188636363,0.1831223238807395,1.70994,9.78986,5,44,1,A
site_e66a4ad56098badf,214,0.0235910445407859,0.0092931078189165,0.0216835312989221,0.0293507585538774,0.0149272615051841,0.0216835312989221,0.5085817962007038,0.7008417735458805,0.119098999860424,1.9887250732481483,0.0657102658530679,0.1843539439252336,0.0476841511134485,-115.1,33.65,5,214,1,B
site_e68178f970e27383,20,0.048361832689757,-0.0131950515335798,0.0465269542968184,0.0502856368658089,0.0478456237719562,0.0465269542968194,0.951476937632031,0.551361019654509,0.0467773372222411,-0.2639010306715966,0.0265309151298925,0.0505729055,0.0457840742825516,-109.94342,31.7371,5,20,1,B
site_e6a22b9a62d6726c,14,0.0959900944948846,0.08436278721307,0.045793213195616,0.0709344009257418,0.104124594790483,0.0457932131956162,1.467899826199796,0.932613912610296,0.1289973753759163,1.181079020982981,0.0964362147013789,0.0704436492857143,0.151787037363952,-120.90653,38.38719,5,14,1,C
site_e7c7570c7ae920ca,49,0.0342861392687947,-0.0116275630532478,0.032254288449785,0.0462085344360454,0.0525227543513583,0.032254288449785,1.1366461843547988,0.7938875247035334,0.0576014279520003,-0.5697505896091462,0.0944114667714706,0.1046262040816326,0.1351733465080035,-118.41247,42.25463,5,49,1,B
site_e7f96e1f3cc1ed07,335,0.0500533070982631,-0.0055913188598049,0.0497400312110982,0.0641252341771613,0.0418719810299714,0.0497400312110984,0.652971978461553,0.6315035110793207,0.8392867397434687,-1.8730918180346487,0.5680323229188127,1.3775352955223883,0.5873430364503871,-75.927,37.2907,5,335,1,C
site_e8f8ae12850cb4dc,28,0.086011384907794,-0.033656863953386,0.0791528511336133,0.1368469790067187,0.0740093481042623,0.0791528511336134,0.5408182821531543,0.8856330906097905,0.2071428333451874,-0.942392190694809,0.2511502759850451,0.5243586785714286,0.1533667409909007,-107.38755,43.9529,5,28,1,B
site_ea8e6a4b740f4807,40,0.0397624390979251,-0.003625218052417,0.0395968351903108,0.0242301465121447,0.0391433873978806,0.0395968351903108,1.6154829017753178,0.2906823834305027,0.0632420625206483,-0.1450087220966815,0.0110279083978384,0.023484,0.0612881910792225,-118.56107,37.43948,5,40,1,B
site_ebd1d9dd20e8b519,166,0.0659037377783405,-0.0134787510899176,0.0645106651819086,0.1018661588909107,0.0697348715639033,0.0645106651819102,0.6845734866530403,0.7797457668010341,0.7209882404239412,-2.237472680926323,0.9194773795118174,1.722534578313253,0.8072500837976603,-91.35,34.283,5,166,1,C
site_ec5c390280c5e269,134,0.0967296071428866,-0.04279650750178,0.0867471950190164,0.1079948112661638,0.0513679906133327,0.0867471950190171,0.475652394879707,0.6107708555191171,1.253786664334304,-5.734732005238532,0.4540237497186927,1.5628258208955224,0.3535818415932936,-94.033,38.867,5,134,1,D
site_edaebb980b341128,37,0.0918635315898308,-0.0876253020358246,0.0275810601552289,0.032564220305725,0.0237754078205513,0.0275810601552291,0.7301083089765078,0.5586106473181863,0.3122396121377666,-3.242136175325512,0.0160021962645388,0.0392358524324324,0.0209149906302408,80.01825,32.42302,5,37,1,B
site_eea72b40a9affb2b,287,0.041493703482947,-0.0017545188183568,0.0414565928706974,0.0562190005040693,0.0380392255671344,0.0414565928706976,0.6766257888982029,0.6754437238723661,0.4941357720457204,-0.5035469008684157,0.4145585286012146,0.9070853170731706,0.4152840296614842,-103.3769,46.8946,5,287,1,B
site_eed5a748dadb3e1d,32,0.0775707417910231,-0.0456838320344686,0.0626913668111968,0.090585228341877,0.0442062691365798,0.0626913668111971,0.4880074814156375,0.777846359991874,0.1925510394243066,-1.4618826251029968,0.0996747256331145,0.262581875,0.0625342153912233,-103.15395,36.44811,5,32,1,B
site_f048e8218a2bc715,45,0.0483082851639868,0.0323156788640552,0.0359080396992139,0.0538534178793133,0.0505539022791801,0.0359080396992139,0.9387315470388988,0.7651973714741407,0.105016068696828,1.4542055488824843,0.0937462576026718,0.1305085777777778,0.1150063666043803,1.79065,41.72531,5,45,1,C
site_f0c6d59d0f9c0409,104,0.0734882223862494,-0.0568605075788039,0.0465553595987791,0.0642154979542695,0.0409833547872625,0.0465553595987792,0.6382159461949268,0.6907649274197959,0.5616539582670492,-5.91349278819561,0.1890649300676125,0.4288575384615384,0.1746820784403377,-76.65,35.867,5,104,1,C
site_f2121c68af27342d,60,0.0551770514751301,0.0216922575672467,0.0507341400944708,0.0750538676921819,0.0588929544430357,0.0507341400944708,0.784675810240361,0.7383820698551815,0.1826704205693498,1.3015354540348052,0.1958253050237894,0.3379849833333334,0.208102804981769,10.92056,49.87425,5,60,1,D
site_f3f2a6aa7373ac0f,85,0.0708438991275405,0.037970141266374,0.0598090830543717,0.0893786889286371,0.0520564593356852,0.0598090830543753,0.5824258551974155,0.7652804054526923,0.4266029337054168,3.227462007641792,0.302655189538002,0.6790267529411764,0.2303393714782673,-92.13475,38.52557,5,85,1,D
site_f5886e48fa1c02ab,539,0.1019189270499038,-0.0856262083484865,0.0552776639780046,0.0838356905235822,0.0639369163359247,0.0552776639780046,0.7626455503213135,0.7519065391060341,5.598845085450952,-46.15252629983425,2.1723673120662568,3.78832,2.2033938768248538,-0.435,43.6397,5,539,1,C
site_f7ec25b67c1bb8cd,66,0.0474682008311745,-0.0223666093715212,0.0418684233685781,0.0309255637922377,0.0479774709208635,0.0418684233685789,1.5513854894669945,0.5072563721186746,0.1487131859498158,-1.476196218520403,0.0496736901031637,0.0631217727272727,0.1519212892535125,9.1304,56.036,5,66,1,D
site_f80fa89bf21ec41c,374,0.055621651380404,0.0437316511887758,0.0343702020155024,0.055404291466301,0.0740168748209557,0.0343702020155026,1.3359411854580905,0.898206223434035,1.157069270253919,16.355637544602157,1.3775958046122367,1.1480436818181818,2.0489581615896286,-119.6917,43.4711,5,374,1,B
site_f841072278162b56,43,0.1288160518157494,-0.0978912351270054,0.0837310055517498,0.0957962672771194,0.0515664390984515,0.0837310055517498,0.5382927807539735,0.4883872295975929,0.7135237338321069,-4.209323110461235,0.1037405352585537,0.3946077674418604,0.1143411985756552,-94.29,30.07,5,43,1,C
site_f8eac2912e70b402,306,0.0606501516640571,0.0501653667611429,0.0340863150632794,0.0367857968551894,0.0397502381630852,0.0340863150632798,1.0805865731158597,0.6057125843428588,1.1256029144431785,15.350602228909729,0.2710241096841135,0.4140776241830065,0.4835049188107327,-106.133,42.067,5,306,1,B
site_f972f6b47d770e57,74,0.0703077506342573,-0.0049617803517628,0.0701324499428743,0.0362305160352992,0.0455317667469958,0.0701324499428743,1.2567242128882312,-0.4645768204953552,0.3657953051444192,-0.3671717460304498,-0.0567124330090056,0.0971361216216216,0.1534124919496102,-109.33384,38.09743,5,74,1,B
site_fba0e174dd8f4dff,31,0.0686726169658759,-0.0163305083609396,0.0667026447572747,0.0798717103514385,0.0265612237562328,0.0667026447572748,0.3325485787065585,0.6212014772741857,0.1461937779491994,-0.5062457591891287,0.0408540615163022,0.197764193548387,0.0218704568302886,-103.40734,34.14726,5,31,1,B
site_fd711cc271cad6be,338,0.0502925939006512,-0.0230058943477167,0.0447221849479374,0.0823908880236565,0.0563349774210492,0.0447221849479374,0.6837525213331118,0.8576789257267843,0.8549186104244697,-7.775992289528251,1.3455466139688428,2.294431349112426,1.0726868321881824,-115.617,36.167,5,338,1,B
site_fdc82ceec9b4738e,288,0.0453146715477116,0.0266586372909239,0.0366433693219925,0.0508576956647991,0.0297994088263494,0.0366433693219925,0.5859370629522038,0.7033098959493825,0.5913848037533711,7.677687539786101,0.3069753781630037,0.7449135,0.2557453727231753,-106.683,34.35,5,288,1,B
site_fec3a957fbb4e7ff,3,0.1290238355582031,-0.1275685272455215,0.019324104081661,0.0217558165913292,0.0088354502907711,0.0193241040816617,0.4061189913824025,,0.0499414504264507,-0.3827055817365646,0.000266939608256,0.0014199466666666,0.000234195545522,-109.94658,31.73673,5,3,1,B
site_fed20609ec9b97b3,43,0.0516755404877983,-0.0290690437499866,0.0427241404848295,0.037508570933267,0.0244247421037629,0.0427241404848308,0.6511776241013814,0.0972063712839978,0.1148255438423618,-1.2499688812494278,0.0038293379126593,0.0604963944186046,0.0256524251539191,115.93507,42.08267,5,43,1,D
