physical_site_id,n,rmse,bias,ubrmse,observed_sd,predicted_sd,within_series_ubrmse,amplitude_ratio,r,sse,sum_e,anom_xy,anom_yy,anom_pp,depth_cm
site_03be10a6dc64b839,382,0.04146668579603098,0.014701782240215394,0.038772975509600044,0.10746760855748834,0.08771200223945691,0.03877297550960105,0.8161715275588045,0.9409592543922313,0.6568436638063813,5.616080815762281,3.3882136718459153,4.4118275916230365,2.9388770186784168,5
site_053660f2203e3d7e,926,0.1016723919718395,-0.08906166918076913,0.049043800546150706,0.07480075798778332,0.04831821375446569,0.04904380054615078,0.6459588786835176,0.7642699864895536,9.572316917868996,-82.47110566139222,2.557847576232808,5.181112044276458,2.161885696670992,5
site_0615e6ed7947021d,156,0.06951912784883743,-0.007891360624096332,0.06906978763803653,0.07999329642977286,0.058849874376305136,0.06906978763803696,0.7356850761609779,0.5407855965985414,0.7539338253506285,-1.231052257359028,0.397144770628701,0.998232685897436,0.5402760034006757,5
site_0897d2a8d9842ad4,384,0.060729512776527834,-0.014426477438692624,0.058991105014106565,0.08496671743589719,0.0474369152051434,0.058991105014107065,0.5582999630523798,0.7430301317277106,1.4162203092765915,-5.539767336457968,1.1500134768434218,2.7722277395833332,0.8641001948851066,5
site_0e60c1f731fb2594,132,0.10735324920382577,-0.037860375708702834,0.10045552282385763,0.09399127446900876,0.05336954828414646,0.1004555228238578,0.5678138591656582,0.15861942281282032,1.5212630551296706,-4.997569593548774,0.10502951544015245,1.166135477272727,0.3759767462951069,5
site_105ed3138c6bf909,288,0.09721861376568496,0.05052143811194433,0.0830604788911213,0.0852984695309417,0.038041914423531886,0.08293035787199991,0.4459858967309177,0.2843789002901614,2.722020152406171,14.550174176239967,0.265762353679248,2.0954387244444446,0.4167899288661092,5
site_1540d45a23b55752,748,0.10242276652544276,0.09082137034355318,0.04734872534339774,0.061841526930429366,0.07270660227914583,0.047348725343397735,1.1756922231389837,0.7638215947680275,7.846836480838568,67.93438501697779,2.568902280981229,2.860632090909091,3.954115011203465,5
site_15804522fbfefabb,54,0.061015706088692674,-0.04976392965647909,0.035305349377208105,0.03921089106424548,0.030450660462512196,0.03530534937720875,0.7765868011675635,0.5101639556046611,0.20103748503309332,-2.687252201449871,0.032893263162231005,0.0830246748148148,0.05007110702057299,5
site_16f5711a84870069,112,0.1090265383769042,0.10096007289524589,0.04115640595869858,0.03347577738300761,0.03819628885753901,0.04115640595869949,1.1410127514149244,0.3463551722379543,1.3313200398904632,11.30752816426754,0.049601126537086176,0.12551029919642856,0.16340312603871854,5
site_1c44b0fee88f9b96,344,0.09756677859340239,-0.039018956686036534,0.08942481369411516,0.09567960763200399,0.0393663993240323,0.08092182945799162,0.4114398072726271,0.5516912539087006,3.2746310420723366,-13.422521099996567,0.7148248154783219,3.149178036915297,0.5331014081342746,5
site_20a8ade4f5c8dd77,510,0.12060245485463647,-0.029542632825070737,0.11692811878554996,0.14162296489503162,0.05368369027836572,0.11692811878555061,0.37906062987846006,0.6094310613228895,7.4179255796519605,-15.066742740786076,2.363038545332932,10.229102734686274,1.4697886869707841,5
site_222278f15298d005,30,0.05272345554572998,0.04939986179351806,0.018423257569275847,0.0214720397002448,0.024022245236936305,0.018423257569281096,1.1187686671733579,0.6772890566157849,0.08339288294047696,1.4819958538055418,0.01048050503472487,0.013831454666666666,0.01731204798670527,5
site_22340386f3e3f6e8,217,0.05027083424006118,0.01701275415986364,0.04730457663998009,0.07537536694961548,0.05590037779899512,0.047304576639981215,0.7416266090798818,0.7794656816024853,0.5483930202166005,3.69176765269041,0.7126904102602313,1.2328737695852534,0.6780929356612739,5
site_2430820d6924f0bf,143,0.05179872346353604,-0.021400188433957263,0.04717138632097854,0.07547085379538923,0.050665573004907725,0.04717138632097903,0.6713263525846458,0.7894962267440702,0.3836844086006187,-3.060226946055889,0.43169629167504875,0.8145065174825175,0.3670810411719357,5
site_28aa95e397da1f11,315,0.04048508026292588,-0.01168149452266239,0.03876318368777981,0.06205581002268182,0.04849109471661877,0.03876318368778065,0.7814110346621042,0.7809047264615309,0.5162981430270984,-3.6796707746386526,0.7402067528270067,1.2130409206349206,0.7406866740470692,5
site_28de8124779d0d55,337,0.0895080071445997,-0.06981475305857927,0.056014137486596255,0.0730038344518692,0.0404865881781368,0.0560141374865965,0.5545816665949138,0.6480987486722848,2.6999372865902287,-23.527571780741216,0.6455471015615659,1.7960616676557863,0.5523982081171377,5
site_29c64bda55c4bd6f,63,0.04400405004552541,-0.006321750559504069,0.04354758191073891,0.06646729068242992,0.047947284871941255,0.04354758191073999,0.72136662077932,0.756285333254516,0.12199045448577361,-0.39827028524875635,0.15184420545990507,0.27832774603174604,0.14483335397523844,5
site_2b0159df0d3593f2,982,0.08224898928124422,0.07522237841071762,0.033263944805465136,0.04976898332174987,0.053543371844532624,0.03326394480546562,1.0758381680891858,0.7950607266457014,6.643128105506075,73.86837559932471,2.0805409835626483,2.4323665702647657,2.8152886004492146,5
site_300613673c8de12a,94,0.0651724927024238,-0.009771742910780808,0.06443575750724972,0.0686358113807447,0.047069327669388324,0.06443575750725188,0.6857838018156407,0.4293929501727607,0.39926065767446345,-0.918543833613396,0.13039818018357807,0.44282221276595746,0.20825903108133503,5
site_321be016bdfe2f21,40,0.03106061969035492,-0.012310353120267391,0.028516965154153178,0.03466382471323671,0.027874482990987662,0.0285169651541532,0.8041375474744865,0.6030359105578726,0.038590483821954555,-0.49241412481069563,0.023307004883233458,0.04806322975,0.031079472080594417,5
site_33f1b9849f9edfe3,168,0.046070797696304074,-0.0036719806137539075,0.04592423062769797,0.07159037403109138,0.05778591564241061,0.045924230627698105,0.8071743781826652,0.7681277302698505,0.3565830912627945,-0.6168927431106564,0.5338501343109778,0.8610305178571427,0.5609876238341416,5
site_3999cca71a6a19c4,204,0.11186560315574899,-0.10115205908131364,0.04777210601396957,0.06676386317318853,0.046595023191941025,0.04585745324478757,0.6979078348278228,0.7273869821031742,2.5528382865575017,-20.635020052587983,0.46161156658472424,0.9093123388648809,0.4429036219965345,5
site_3c8e248cc33b4c5e,606,0.047937230270969244,0.0013025917834771357,0.04791952942900783,0.061770050342042464,0.054402761360836466,0.04791952942900786,0.8807304034817726,0.6664141990826902,1.3925746959074696,0.7893706207871443,1.3571122334602443,2.312216706270627,1.7935542288725776,5
site_40cb16253de7adad,161,0.11146434296829674,0.09205338312454105,0.06285279952938089,0.07102161358403791,0.04797389735144065,0.06285279952938162,0.675483066780431,0.49822528123687704,2.0003122602900074,14.820594683051109,0.2733047461661493,0.812095204968944,0.3705406671609368,5
site_43d513d9ee89a497,57,0.07679538298624172,-0.06199812418724362,0.045318466934205326,0.0606720730597615,0.026859952554830566,0.04531846693420535,0.4427070182417161,0.7206441540141265,0.336159258336202,-3.5338930786728864,0.06694063057747848,0.20982272561403512,0.0411230519211217,5
site_4509aad7c317e1e1,296,0.09152263544839144,0.08385794183571596,0.03666385673243931,0.050716010524496286,0.04665895314136599,0.03666385673243932,0.9200044060805868,0.7194465458434499,2.479412268628071,24.821950783371925,0.503930119708281,0.7613456621621622,0.6444091408414635,5
site_454123e8a1bcfe25,567,0.12827323653911055,-0.006328168077611843,0.12811704609848018,0.06153126575752997,0.04204499777505025,0.04959277455953222,0.6833111143972354,0.5980551247707886,9.32943116132795,-3.5880713000059146,0.8772723834851517,2.1467168094653832,1.0023323020915569,5
site_45a2a929d5aff17f,191,0.05507806475557227,-0.024680878336829044,0.04923867851335628,0.07050022157618022,0.04949114827117345,0.04923867851335634,0.7019998968045077,0.7158228028102023,0.5794163044888312,-4.7140477623343475,0.4770423198549457,0.9493237172774869,0.4678303876250614,5
site_46bbd0d57edf9712,43,0.09353320328101514,0.08560474541783332,0.03768670425966756,0.07241265229230656,0.08976899634702407,0.037686704259667886,1.2396866225070107,0.9139250596227076,0.37618378498833116,3.681004052966833,0.2554582106428611,0.2254744651162791,0.34651432632153684,5
site_497344538a3f1eab,85,0.03697520588827849,-0.018455056739905305,0.032040236129084014,0.09071876310465633,0.08162316360354345,0.032040236129084014,0.8997384974195484,0.9362674979201873,0.11620909729084966,-1.568679822891951,0.5892904685989899,0.6995409882352941,0.5662989711153197,5
site_4c3440bb059c79cd,185,0.04948155915430308,-0.03749940157532692,0.03228342574500363,0.07419042562845024,0.07932901599438298,0.03228342574500367,1.0692621766542638,0.9137012573829522,0.452958568823047,-6.93738929143548,0.9948460521554423,1.018280562162162,1.164222164047858,5
site_4fb715e1d8003a2f,106,0.07389484466889827,-0.05674689584363181,0.04733115127220767,0.07470686218881749,0.05501986128586401,0.04733115127220894,0.7364766726087937,0.7746353923136032,0.578807495275904,-6.015170959424972,0.3375073132028838,0.5915982173584906,0.320881624407066,5
site_5accfec62d994abe,473,0.1131224225503787,-0.09418169299167507,0.06266172028350551,0.08423638088766054,0.05599600959964812,0.0626617202835058,0.6647485208834601,0.6683232814837152,6.05283081477422,-44.54794078506231,1.491092239953817,3.3562982001691335,1.4831166120826773,5
site_646b0b13ac40b218,99,0.08681803973119107,-0.06285443669196332,0.059888995741309986,0.0881441911230216,0.0530506731088522,0.059888995741310035,0.6018623851776019,0.7481734310895448,0.7461998302539002,-6.222589232504369,0.3463554864890046,0.7691704444444444,0.27862301781292703,5
site_66d01cf2ba4510d5,232,0.06441634650974093,-0.01476087931980347,0.06270232961676313,0.07568745369805281,0.03123665654759759,0.0627023296167632,0.41270587159944594,0.5863950280364765,0.9626760418578189,-3.424524002194405,0.32163751754299574,1.3290330301724138,0.22636906124723655,5
site_66d7dca1620ed572,393,0.10104280642563647,-0.08502363517660524,0.0545951480602826,0.11090935910218754,0.07434465542510807,0.054595148060282664,0.6703190427474188,0.9003305420221034,4.012391951034877,-33.41428862440586,2.91751086462983,4.83424817302799,2.172161221579274,5
site_6724da3b9f7cb3ab,208,0.0924324995819576,0.00448250539807173,0.0923237462645708,0.10332015506330745,0.04608675475289421,0.08644544592660072,0.4460577389247571,0.5592791173216047,1.777103531625467,0.9323611227989197,0.5539277415890885,2.2204113239996266,0.44178970443991084,5
site_75783e392ac0cb24,364,0.0636503908069249,-0.04685204331052828,0.04308431602686358,0.061472095787929004,0.03953250589525192,0.043084316026864015,0.6430967642885332,0.7171131510218091,1.4746994989542344,-17.054143765032293,0.6343390317656673,1.375489956043956,0.5688661241383584,5
site_763dec14eaad3a50,635,0.045436489224610584,-0.009429642621926434,0.04444723155699241,0.06563434879189009,0.03972987892665657,0.04444723155699257,0.6053214461322678,0.749867223359064,1.3109413411919275,-5.987823064923286,1.2416709443205804,2.7354960157480317,1.0023241824995115,5
site_7d0e70aae0f59866,376,0.04680708662665608,0.0018709922349674903,0.046769677639812504,0.11318463871921243,0.09214255316486497,0.04676967763981264,0.8140906240240914,0.9163576065877498,0.8237796627867076,0.7034930803477764,3.5933586422508443,4.816846678191489,3.192334039006228,5
site_7e86404aaf2aaa5a,59,0.04932858837597773,0.04101959890713126,0.027398944079375053,0.030821928624175363,0.02702730854018536,0.027398944079375126,0.876885702700198,0.5580593383969955,0.14356526823883206,2.4201563355207445,0.02742805435407465,0.05604948576271187,0.043098049008656214,5
site_7f10cc6142e2e1b8,258,0.13497183301693783,0.11176774782238082,0.0756661499923502,0.10796874612388961,0.06545966736496822,0.07566614999235025,0.606283482164885,0.722795187068922,4.700088092651654,28.83607893817425,1.3179738997997759,3.0075705360077514,1.10552175729533,5
site_84322f1b7a2f6859,181,0.13985276460764678,0.13442693872050027,0.03857711646347773,0.032750270259488456,0.04204361335808863,0.03857711646347865,1.283763859808384,0.4909625713737823,3.540142034080737,24.331275908410547,0.12236067990316542,0.19413701657458562,0.31994744178100515,5
site_863c334735fb9bf1,45,0.04503531157945191,-0.013329275765683915,0.043017551030023395,0.07814890503407385,0.06376789254839994,0.043017551030023624,0.8159793476389259,0.8350825589003461,0.09126806800762419,-0.5998174094557762,0.18726943008303645,0.2748263111111111,0.18298548540289264,5
site_89d7fda60b8576e0,242,0.0938459481752514,-0.08651768003367194,0.036355921532855315,0.04072748235697902,0.04125130106124787,0.03635592153285532,1.012861553770438,0.6067172132216309,2.131309001316697,-20.93727856814861,0.24667599997355427,0.40141213223140504,0.4118041010974618,5
site_8cc16869ec1e1da8,59,0.08528021373532577,-0.049662363862587246,0.06932794869547804,0.09653870386762634,0.05882652092164545,0.06932794869547804,0.6093568544519538,0.702048404128754,0.42909017642982794,-2.9300794678926474,0.2352305349169647,0.5498635593220339,0.2041730142609426,5
site_924ffc782c7352b5,123,0.09764709529271884,-0.07828531169794439,0.05836407449331313,0.07807529021335535,0.048120442604645736,0.05836407449331314,0.616333829475979,0.6660819011614624,1.1727994919499536,-9.629093338847161,0.3078052089346982,0.7497773658536584,0.2848159705654415,5
site_9463f490fbd10247,85,0.08830449951908288,-0.034757822842878455,0.08117621810936249,0.09465697724508464,0.04443185373234944,0.08117621810936262,0.46939861197243865,0.5164974688549652,0.6628031940018353,-2.954414941644669,0.18464356968104836,0.7615951839999999,0.16780611821789604,5
site_977580436f81c571,953,0.0815733677098005,0.07220673128171333,0.03795263201846172,0.05289573684526012,0.055339961206010695,0.03795263201846182,1.0462083431770854,0.7549869310420211,6.3414662465009615,68.8130149114728,2.1061624046479124,2.666454904512067,2.9185732748874784,5
site_97b9cf35873933d5,278,0.08636170510396474,-0.038724915256388756,0.07719277846307694,0.10945882688662575,0.061765604425777484,0.0771927784630803,0.5642816224382935,0.7275406239583554,2.0734196621530385,-10.765526441276075,1.3674124481012548,3.330783269784173,1.0605671894426911,5
site_983e670b17ddf306,157,0.09759539407192495,0.03713005171399208,0.09025641364341151,0.11035927779790336,0.04816271235182592,0.08869898484860457,0.436417429624942,0.6238057325412907,1.495403168216529,5.829418119096756,0.5205576108029439,1.9121297207837444,0.36418455719030174,5
site_98b5a51181513eb5,283,0.08003325039023229,-0.018070354302106392,0.07796655349200685,0.07975416160259173,0.05409049072414876,0.07793289057869385,0.678215276008757,0.3723940007323186,1.8127058905512499,-5.1139102674961086,0.4546355444751637,1.800085540899846,0.8279960758585201,5
site_9e4afb6a8f7ad2cf,417,0.04398545736148937,0.018824879053327963,0.03975354560195824,0.10186845493295148,0.08350929540666578,0.03975354560195864,0.8197758124596131,0.9269254101216282,0.8067784315278496,7.849974565237761,3.2881784695689555,4.327284940047962,2.90807560885551,5
site_9f8869a238f7fb2c,128,0.06182000550173552,-0.041967139997053884,0.045392424926437774,0.08049283582190618,0.053126356606191416,0.045392424926438156,0.66001347900993,0.8466488803811882,0.48917927427003005,-5.371793919622897,0.4634261852286873,0.8293243671875,0.361268450079772,5
site_a044c6ba9277ce3b,423,0.061493698705467954,-0.04004087709774644,0.04667122391497823,0.11841707139495458,0.08660811495837246,0.046671223914978244,0.7313820037780685,0.9431353765809278,1.5995639167425626,-16.937291012346744,4.091544746711481,5.931560983451536,3.1729084389198454,5
site_a0c291a961f2a716,850,0.060869409297990555,0.04619761291069143,0.03963414625850058,0.05619898543580517,0.05282724310815808,0.039634146258500626,0.9400035018159082,0.7373556280614566,3.149322240043354,39.26797097408772,1.8607256622323745,2.684577069411765,2.3721099722471704,5
site_ad2b2a9828429935,434,0.05505860855148157,-0.03209746413571494,0.04473480939583595,0.07677145289862124,0.04865195292374808,0.04473480939583596,0.6337245302364447,0.8379557422655589,1.3156494630213713,-13.930299434900284,1.3583473769958356,2.5579334953917052,1.0272834351098563,5
site_b245fa887fc8016f,103,0.06131026635581745,0.016235201983486564,0.05912162867493312,0.10884740841383822,0.06837273101925682,0.05912162867493328,0.6281521261333431,0.8752271626594221,0.3871717223439919,1.672225804299116,0.6709019169455881,1.2203191067961165,0.48150752574425937,5
site_b6580d1df11a1de9,307,0.10253056905043785,0.0919313785952155,0.045399771138076916,0.06933947734856447,0.06063194814172189,0.04539977113807781,0.8744217646309842,0.7638880152528765,3.227342900070628,28.222933228731158,0.9859392548790534,1.4760446775244298,1.128603572586359,5
site_baf61fa27e289b2f,499,0.05612430454444465,0.04817133560651289,0.028800346985449202,0.020725913822097906,0.030410568785691726,0.028800346985449397,1.4672727604062539,0.4164026502578611,1.5718188427381876,24.037496467649934,0.13096409968143416,0.21435218837675352,0.46147654424077467,5
site_bc9b171e4ce196ad,334,0.0625594312726043,0.0024575414841403512,0.06251114245480904,0.09283736478752522,0.06156179291110426,0.06251114245480922,0.6631143942096951,0.7437129245965708,1.307169935344668,0.8208188557028773,1.419664948591416,2.878671284431137,1.2658113517075154,5
site_bcde474edfd61b91,260,0.05723275523968911,0.04102503245507295,0.03990657820944277,0.040445033742573015,0.06088805219610936,0.03990657820944281,1.5054518827615104,0.761510443638551,0.8516529508048021,10.666508438318967,0.48758068713739233,0.4253081961538462,0.963912274061396,5
site_bef0b5984488c172,103,0.09796642852858986,0.07800659229917434,0.05926544251515974,0.06896475088714528,0.0479689867564692,0.05926544251515974,0.6955580371045812,0.5357597572867133,0.9885343752206726,8.034679006814956,0.18255554576080688,0.48988209708737857,0.23700544011555869,5
site_bfd5ae6a882cc3e5,235,0.08106025679075132,0.07591589623664288,0.02841728223405289,0.035616951117142824,0.043481853028325516,0.02841728223405289,1.2208190668907992,0.759253062351904,1.5441298292808985,17.84023561561108,0.27632437636034285,0.29811329361702127,0.4443078125525717,5
site_c182efa4e364207f,418,0.08484988435326772,-0.07301956424273942,0.0432162713866358,0.09961688191388271,0.06664518620896853,0.043216271386635904,0.6690149794748874,0.9412174211034696,3.0093922016508947,-30.522177853465077,2.6119686999524183,4.148032681818181,1.8565807931381413,5
site_c55e48f9c70fa0cd,156,0.1632209022068297,0.15278560853653994,0.05742491394273604,0.05733515804857404,0.049274185498844485,0.05742491394274072,0.8594061161756922,0.4278800721188951,4.156005815084988,23.834554931700232,0.1885763071684692,0.5128219743589744,0.3787594756256277,5
site_c6db53a69289981e,274,0.10936002645556565,-0.07270116171675876,0.0816955107175156,0.11089503254120292,0.051827500754715636,0.08169551071751562,0.4673563780727436,0.7229028519318875,3.276934615863193,-19.920118310391903,1.1384208999396348,3.3695720583941604,0.7359886146475336,5
site_c918c9526fa62ebb,318,0.040575767625383126,0.01959352829040221,0.03553148698721033,0.06647563506247814,0.05853489235022191,0.03553148698721041,0.8805465686067836,0.8458768001340745,0.5235529480477303,6.230741996347903,1.0466742807904363,1.4052451981132075,1.0895740919397574,5
site_cb4bf51604d9132d,282,0.047189490551089855,-0.007150808492028121,0.046644549053257406,0.07166385008554906,0.049081099743997526,0.04664454905325785,0.6848794711058188,0.7632112517530426,0.6279711412089344,-2.01652799475193,0.7570216404743335,1.448269489361702,0.679325127286626,5
site_cc4adebea528a6a7,56,0.03270401654806892,0.021787527298927304,0.024389677172419962,0.019411984779028252,0.024065601108698383,0.024389677172420056,1.239729032483977,0.3865068932310022,0.059894951109076486,1.220101528739929,0.01011141480186156,0.02110220857142857,0.03243257677648714,5
site_cc5b5abb6e110086,210,0.05098472021582345,0.006899481785694759,0.050515728704777316,0.07748358698120475,0.05269559158328983,0.05051572870477734,0.6800871466633603,0.7627512231294138,0.5458827560520172,1.4488911749958995,0.654012741607275,1.2607783128095238,0.5831333281857061,5
site_cf05376790209007,110,0.06983952515184683,-0.032914351130615575,0.061597116516002505,0.09258201144377458,0.0586023826897424,0.061597116516002894,0.632978067508631,0.7567434598335714,0.5365315200778991,-3.6205786243677136,0.45163048352423035,0.9428571727272729,0.3777663182606521,5
site_d35a7f73b803c0c5,350,0.02586744499264545,-0.007824469157031605,0.024655676686276513,0.03588078037055493,0.02133130822180516,0.024655676686276766,0.5945051362180073,0.7411657020210228,0.2341936486566383,-2.7385642049610617,0.19854672557920217,0.45060064,0.15925864865877837,5
site_d57ef4f33b8af5eb,61,0.036102208899657935,0.002986180710597116,0.03597849652498279,0.03271442468346846,0.030743577024415478,0.03597849652498351,0.9397560043276901,0.35841056524730364,0.07950553873350698,0.18215702334642409,0.02198894140206155,0.06528424852459017,0.05765521922362621,5
site_d5e7272a4c76be28,253,0.06602809432196817,-0.021795089445707825,0.06232722772468161,0.09003832487305115,0.055454189798603094,0.06232722772468161,0.6158953965079904,0.7307611007422001,1.1030064376670534,-5.51415762976408,0.923119050234515,2.0510456863241107,0.7780172930535323,5
site_d80aeb123d7ed060,81,0.06306176478614885,-0.027380615016560497,0.05680746517191613,0.07603908059128618,0.0430804503735743,0.05680746517191613,0.5665566974058229,0.6732373456193209,0.32211968041342853,-2.2178298163414003,0.17863654473313578,0.4683372839506173,0.15032994155558987,5
site_d91996c560da68ca,34,0.03817114724474726,-0.010744808312724619,0.0366276613545416,0.029363033158428566,0.022879126169204417,0.03662766135454236,0.7791812938997086,0.032789906810637204,0.049539240387326,-0.36532348263263703,0.000748961421847342,0.02931438235294117,0.017797450085056732,5
site_db085d5191ab69be,266,0.07534341803767279,-0.02695341298947657,0.07035726096017549,0.10172618375918835,0.05659706050620269,0.07035726096017549,0.5563666935563244,0.7469773771498667,1.5099837506654716,-7.169607855200767,1.1439728401942473,2.752625578947369,0.8520584506127762,5
site_db8e4a0f1b9b5265,95,0.06522548687722682,-0.05362322253678975,0.03713373322386549,0.04549122955866331,0.048308816641705804,0.03713373322386552,1.0619369296098948,0.6880783102661504,0.4041645931452723,-5.094206140995026,0.14365328047463768,0.19659793684210525,0.2217054677055854,5
site_dbd15ac8d9118973,348,0.08216112140257985,-0.06054803535945114,0.055537242317566675,0.0634540839930953,0.050204202335488425,0.050947103482094754,0.7911894582065254,0.6201655670632734,2.3491565548050537,-21.070716305088997,0.6875219116534519,1.4011944298401717,0.8771207523856461,5
site_dd8f5f5975cafcae,324,0.05371241071109618,-0.0021762297749519334,0.053668306181247155,0.07593849407922756,0.04635940738162796,0.05366830618124743,0.6104862618589805,0.7151845671401127,0.9347474728647832,-0.7050984470844264,0.8157611164840651,1.8683961820987653,0.69633906749934,5
site_dfb90b37de535da6,97,0.06703832435067822,0.015188892805699223,0.06529498041261453,0.10422044705138325,0.055913009788563034,0.06529498041261596,0.5364879097188725,0.8344144828832354,0.4359312823794334,1.4733226021528247,0.47164949133592776,1.0536044536082474,0.3032476723707467,5
site_e25a87142f53f607,300,0.13428307344227033,-0.12392010423950353,0.05172766743603218,0.07275062842835701,0.041779401537593124,0.05160573581229948,0.574282345598381,0.7196993641447342,5.409583143930651,-37.17603127185106,0.6562530541247187,1.5877961810162602,0.5236555178518316,5
site_e4db2a28e10f56a8,58,0.11687560686104811,0.1029359148936025,0.05535435758958187,0.051399732691995215,0.0510568590106541,0.05535435758958187,0.9933292711190594,0.41622967180512965,0.7922746337900202,5.970283063828945,0.06335428359192508,0.15323208620689657,0.151194565417961,5
site_e4f3e7026d41564d,185,0.054701208672781075,0.03689597688333408,0.040384515845650754,0.053414803856241304,0.0480245956696202,0.04038451584565089,0.8990877472633222,0.6877749170717065,0.5535611125986809,6.825755723416806,0.3263949394632836,0.5278311351351351,0.4266769310076432,5
site_e7f96e1f3cc1ed07,335,0.05005330709826315,-0.005591318859804923,0.049740031211098275,0.06412523417716139,0.04187198102997146,0.04974003121109841,0.652971978461553,0.6315035110793207,0.8392867397434687,-1.8730918180346492,0.5680323229188127,1.3775352955223883,0.5873430364503871,5
site_f048e8218a2bc715,45,0.0483082851639868,0.03231567886405521,0.03590803969921392,0.05385341787931339,0.050553902279180156,0.03590803969921393,0.9387315470388989,0.7651973714741407,0.10501606869682802,1.4542055488824843,0.0937462576026718,0.1305085777777778,0.11500636660438035,5
site_f80fa89bf21ec41c,374,0.055621651380404064,0.04373165118877582,0.03437020201550244,0.05540429146630105,0.07401687482095579,0.03437020201550264,1.3359411854580905,0.898206223434035,1.157069270253919,16.355637544602157,1.3775958046122367,1.1480436818181818,2.0489581615896286,5
site_fed20609ec9b97b3,43,0.05167554048779836,-0.029069043749986694,0.04272414048482951,0.037508570933267,0.02442474210376294,0.042724140484830864,0.6511776241013814,0.09720637128399781,0.1148255438423618,-1.2499688812494278,0.0038293379126593113,0.06049639441860465,0.02565242515391919,5
site_03be10a6dc64b839,447,0.07543495776811061,0.043616848727200654,0.06154675751479623,0.10189253817289677,0.06226255274130158,0.06154675751479696,0.6110609653834622,0.8252335812637563,2.543623485504055,19.49673138105869,2.3402040087606184,4.640793932885906,1.7328515868169223,20
site_053660f2203e3d7e,1114,0.13357518942479252,-0.12380777867831276,0.05013945720299656,0.05765717819091208,0.05537711893551652,0.05013945720299661,0.9604548934419592,0.6071321366456883,19.876356990074292,-137.9218654476404,2.159494753768671,3.703326119389587,3.416220585980553,20
site_0615e6ed7947021d,164,0.047117794834786106,-0.010562581138639912,0.04591860701047719,0.06503850819007706,0.03144612335362887,0.04591860701047898,0.48350007139964835,0.7603985279428692,0.3640942007752514,-1.7322633067369455,0.2550485156459234,0.693721237804878,0.16217282253134946,20
site_0897d2a8d9842ad4,464,0.07207449991247321,-0.021418153512195268,0.06881857480187407,0.07659929034284228,0.03325751492876492,0.06881857480187448,0.43417523556564686,0.4391590871208365,2.410356361461759,-9.938023229658604,0.5191040234606681,2.7224973943965516,0.5132129068459781,20
site_0e60c1f731fb2594,175,0.12752442829773547,-0.10309332075595855,0.07506162153972774,0.07126011541514364,0.04485044064799199,0.07506162153972978,0.629390513707486,0.2276748095991905,2.8459339672162485,-18.041331132292747,0.1273404166234391,0.8886507085714286,0.3520233546058342,20
site_105ed3138c6bf909,148,0.1542347400911055,0.09580817726012823,0.12086830941592057,0.11988352485852873,0.03085220632339953,0.12086830941592083,0.25735151147588775,0.09662523368081538,3.5206765475436885,14.179610234498979,0.052892976038359296,2.1270648108108103,0.14087507798319887,20
site_1540d45a23b55752,880,0.06602565889683859,-0.05078520958233963,0.0421930103268245,0.053036137870288796,0.049067815934992855,0.04219301032682454,0.9251770190167067,0.6609812844008517,3.8362611168302787,-44.690984432458876,1.513702238570323,2.4752920897727275,2.118732493354698,20
site_15804522fbfefabb,53,0.04900994937275722,-0.02211343835434823,0.043737523725842845,0.02532977020841217,0.04252630149632291,0.043737523725842914,1.6789059334695293,0.24931389170015908,0.12730468228857195,-1.1720122327804563,0.0142334837966089,0.03400465471698113,0.09584977490467628,20
site_16f5711a84870069,127,0.1339361424709018,0.12934970705302684,0.0347497272691722,0.007852204199727717,0.03379094356642757,0.03474972726917236,4.303370455852295,-0.007648052500424816,2.278239063018184,16.42741279573441,-0.00025771902851232374,0.007830453070866142,0.14501213912290556,20
site_1c44b0fee88f9b96,239,0.0391708165964594,-0.02263450495418645,0.03196923612337912,0.053029220695572164,0.04377465726018434,0.031969236123379347,0.8254818133474746,0.7983090061550203,0.3667103366071967,-5.4096466840505615,0.4429012734979142,0.6720914811715482,0.4579767277609397,20
site_20a8ade4f5c8dd77,679,0.10082042060612671,-0.05601697904716008,0.08382633995127264,0.11311859557649649,0.05474178416133815,0.08382633995127417,0.4839326715678591,0.7077826392180208,6.901870146402287,-38.035528773021696,2.9759294596068635,8.688359515670102,2.0347341316200755,20
site_222278f15298d005,25,0.09389635979848628,0.07275286127710343,0.05935947741853306,0.019084495906363366,0.053866118002393645,0.05935947741853306,2.8225067230847323,-0.1253740145234727,0.22041315958516974,1.8188215319275856,-0.003222136334419249,0.009105449600000001,0.07253896671619492,20
site_22340386f3e3f6e8,265,0.08969850754270779,0.05877950728996744,0.067755381912715,0.07721934803486206,0.041324759986646246,0.06775538191271532,0.5351606953219735,0.48256082326460187,2.1321428976781394,15.576569431841373,0.40806975299873444,1.5801493433962264,0.4525499838077885,20
site_2430820d6924f0bf,155,0.03693492815159659,0.00521995682870188,0.03656420337256222,0.04905796015668254,0.03392893759716726,0.03656420337256463,0.691609220783012,0.6671480973738005,0.21144928222235831,0.8090933084487915,0.1721209352026063,0.373035935483871,0.17843178500323287,20
site_28aa95e397da1f11,304,0.03763396545660978,-0.019298602739447047,0.032309120822057426,0.040897302297096025,0.04537813449606266,0.03230912082205863,1.109563026099274,0.7241681342828437,0.43055986822074666,-5.866775232791902,0.4085585408587205,0.508467157894737,0.6259892274641965,20
site_28de8124779d0d55,440,0.058431644092403104,-0.036035416768084874,0.045996801733291126,0.05422508263503947,0.03047059474361622,0.045996801733291556,0.5619280462640835,0.5305157182526323,1.5022730937901572,-15.855583377957345,0.38568441144526006,1.2937582181818184,0.40852114337306467,20
site_29c64bda55c4bd6f,66,0.03227656232265283,0.003218710765694127,0.03211567181883165,0.05387923100339302,0.03137901167376923,0.03211567181883172,0.5823953142871164,0.8446904699398088,0.0687572473742941,0.2124349105358124,0.09425451851523284,0.1915961212121212,0.06498639665908801,20
site_2b0159df0d3593f2,1179,0.040598010835716784,0.0008807900168311298,0.04058845516601029,0.05856934455426183,0.05556713468414551,0.04058845516601068,0.948740934477508,0.7482879098050658,1.9432260124202163,1.038451429843902,2.8712492866546637,4.044404015267175,3.640405912810035,20
site_300613673c8de12a,101,0.047034648251030646,-0.024398549549650435,0.04021155202142081,0.05179866273023961,0.031931422797782216,0.040211552021420974,0.6164526479009068,0.6305145107063307,0.22343807174591618,-2.464253504514694,0.10533028948129994,0.2709932475247525,0.10298119195096334,20
site_321be016bdfe2f21,42,0.032533591290781504,0.0005406922249566908,0.032529097961571045,0.03020053009701302,0.03816733353084351,0.03252909796157132,1.2637968078122725,0.5685369359483604,0.044454251615575785,0.022709073448181016,0.027524178208836483,0.03830702476190475,0.061183304651895365,20
site_33f1b9849f9edfe3,198,0.059954277203042416,-0.009388676586777271,0.05921459369858204,0.07487830500316446,0.03764372974435193,0.05921459369858206,0.5027321297238373,0.6239480067005514,0.7117140402779718,-1.8589579641818996,0.34822684139013294,1.1101385909090908,0.28057597703502957,20
site_3999cca71a6a19c4,149,0.04888472601568794,-0.03188141831615627,0.037057949265699164,0.05601690547042071,0.04808171298220579,0.03705794926570196,0.8583428980666374,0.7567517288866005,0.3560677492067027,-4.750331329107284,0.30369576474144155,0.4675461610738254,0.3444658173721793,20
site_3c8e248cc33b4c5e,702,0.056697757362843035,-0.023945826982925425,0.05139292811350238,0.0411984323172514,0.05150208579596907,0.05139292811350313,1.2500981930422417,0.4026153319792128,2.256674254363027,-16.809970542013648,0.599698454935836,1.1915121994301994,1.862030318617422,20
site_40cb16253de7adad,154,0.0924648758840575,0.03216197718350918,0.08669117888171547,0.09257322706759344,0.03646058424483172,0.0866911788817155,0.3938566840519624,0.35312927433592856,1.3166620039271404,4.952944486260414,0.18355383795064378,1.3197495649350648,0.20472362733506855,20
site_43d513d9ee89a497,60,0.057681445938326366,0.04707079538047313,0.03333900760049251,0.033445856079474014,0.02726523827070392,0.03333900760049301,0.8152052740380238,0.4115152309636232,0.19962895233216404,2.824247722828388,0.022515872371842466,0.06711751733333333,0.04460359307749545,20
site_4509aad7c317e1e1,330,0.11798678543606599,0.11204224820715009,0.036978590484544514,0.05380118836610528,0.043442850424295534,0.03697859048454466,0.8074700902269383,0.7304296836198314,4.59389090738697,36.97394190835953,0.563381439780918,0.9552073969696969,0.6228028134859458,20
site_454123e8a1bcfe25,366,0.20114004039227928,0.10936102828823151,0.16881197037161896,0.049314492546038036,0.040196023420503546,0.0428832572427728,0.8150955499132055,0.5571117732070391,14.807377600736832,40.02613635349273,0.40418582715255047,0.8900824180768061,0.5913536293687311,20
site_45a2a929d5aff17f,200,0.0677881762479212,0.04739892753422261,0.04846213478195883,0.0650155118029536,0.04506834027473969,0.048462134781958995,0.6931936552515497,0.6671339849408383,0.9190473678038458,9.479785506844522,0.3909593562494963,0.8454033550000001,0.40623105902394474,20
site_46bbd0d57edf9712,148,0.04339200318888589,0.005825287348918012,0.042999208923500204,0.07021512226588894,0.06674667916714563,0.04299920892350116,0.9506026196805712,0.8040272706832248,0.2786641592301539,0.8621425276398658,0.557689944889044,0.7296641824324325,0.6593576386165971,20
site_497344538a3f1eab,223,0.04403092159547345,-0.021459181770882796,0.03844769920646672,0.06744096751842332,0.04856287065358472,0.03844769920646692,0.7200796851011732,0.8287328950787975,0.4323350186099208,-4.785397534906863,0.6052678188808562,1.0142673542600897,0.5259125865640464,20
site_4c3440bb059c79cd,343,0.06110697338415432,0.04070382778272684,0.04557697444988926,0.04788703799277288,0.07201798602443284,0.04557697444988938,1.503913982637678,0.7832595187513817,1.2807833332869083,13.961412929475305,0.9265284273623333,0.7865567638483966,1.7790004766782836,20
site_4fb715e1d8003a2f,111,0.12228835630268686,-0.11267938647570912,0.04751629142379149,0.06414423100763426,0.04290717894491584,0.04751629142379209,0.6689171928775504,0.6717618522050584,1.6599430716806314,-12.507411898803712,0.2052229286375078,0.4567075432432432,0.20435388655622422,20
site_5accfec62d994abe,486,0.11657274512440999,-0.09703806828284949,0.06459735451064301,0.08028015383305995,0.044185739495683427,0.06459735451064326,0.550394305267106,0.595458284362331,6.604353584238558,-47.16050118546485,1.0265448648653464,3.1322229063374483,0.9488564733432735,20
site_646b0b13ac40b218,103,0.04985713969589341,-0.011778418757383108,0.04844587939372714,0.06682904048597713,0.038762404424774966,0.04844587939373155,0.5800233572545241,0.6990359618256752,0.2560306410015505,-1.21317713201046,0.1865145330699613,0.46001042718446605,0.15475997166935085,20
site_66d01cf2ba4510d5,301,0.04587515537139578,-0.002952666080275247,0.04578003542340368,0.05332011794378253,0.02972147777107744,0.045780035423404544,0.5574158294701064,0.5144618383813789,0.6334634939852608,-0.8887524901628494,0.24540373104763685,0.8557535282392028,0.26589323850989177,20
site_66d7dca1620ed572,420,0.0691392123553808,-0.05144447947442531,0.0461919496961091,0.08983220220029227,0.05993242794616175,0.04619194969610914,0.6671597320138586,0.8848689175546799,2.0076968877514254,-21.60668137925863,2.0008850935391194,3.389326311904762,1.5085962861991853,20
site_6724da3b9f7cb3ab,101,0.03901857042856483,-0.01655304687566096,0.03533334795092371,0.055685242134248164,0.031789081935750786,0.03533334795092513,0.5708708576522379,0.8086584521214769,0.15376733266717627,-1.671857734441757,0.14457879544455224,0.3131854653465346,0.10206511876210556,20
site_75783e392ac0cb24,320,0.04103938496296137,0.001378980882838368,0.04101621057414868,0.04990827680605693,0.02433380586302503,0.04101621057414876,0.487570547818871,0.5766524260381277,0.5389539578042046,0.4412738825082778,0.22410250746663662,0.7970675500000001,0.18948291448940524,20
site_763dec14eaad3a50,813,0.040223943488334656,-0.001363552977898025,0.04020082527796172,0.049415625411743054,0.031501916940270776,0.040200825277963585,0.6374889860805993,0.5839865488887969,1.3154060569889776,-1.1085685710310944,0.7390854760290824,1.985267980319803,0.8067974367512276,20
site_7d0e70aae0f59866,485,0.06781293115177399,-0.03039215297686685,0.06062104146932783,0.10519953547326143,0.0683837184495556,0.06062104146932789,0.6500382168221331,0.8387873846544264,2.2303179112266913,-14.740194193780422,2.926578401908386,5.367466997938145,2.268021480259224,20
site_7e86404aaf2aaa5a,58,0.05040392964079952,0.035006886064184124,0.03626394974797837,0.037477241131835544,0.02354854785905526,0.03626394974797948,0.6283426193571018,0.3648602859969195,0.14735225514761077,2.0303993917226792,0.018676106076199434,0.08146352896551726,0.03216297816367253,20
site_7f10cc6142e2e1b8,296,0.07282145735472104,0.04456897769457586,0.05758967683991511,0.07559955168295635,0.043806608059053516,0.057589676839915595,0.5794559237965635,0.6518800180297933,1.5696775367745746,13.192417397594454,0.6390255563750862,1.6917264955405404,0.5680295972533016,20
site_84322f1b7a2f6859,187,0.09624695087730879,0.0876772553974932,0.03970106345101906,0.03389979143283285,0.03693975791732877,0.039701063451019265,1.0896750792853442,0.37435299198287675,1.7322699284444902,16.39564675933123,0.08766252712610571,0.2148996256684492,0.2551700487032897,20
site_863c334735fb9bf1,146,0.07866303170998047,-0.05699493867812092,0.05421669044567944,0.08505486429329724,0.05436073308756332,0.05421669044567944,0.6391255049224412,0.7840102419926503,0.9034293934395874,-8.321261047005654,0.5292477894786695,1.0562121712328767,0.431443038065326,20
site_89d7fda60b8576e0,94,0.059961174612514406,-0.05394615113988836,0.026175470160147336,0.02810635881906608,0.024474265930144404,0.026175470160147953,0.8707732683446059,0.5115712790435266,0.33796219132576955,-5.070938207149506,0.03307868745669407,0.0742569361702128,0.05630503112502616,20
site_8cc16869ec1e1da8,108,0.060182575433634214,0.01137845573436331,0.059097149939114725,0.08190032710708128,0.047114109246865356,0.05909714993911493,0.5752615515841054,0.704250748854292,0.3911697776691079,1.2288732193112375,0.2934862059300972,0.7244276666666667,0.23973184333356085,20
site_924ffc782c7352b5,156,0.15562466094708632,-0.15001146539740073,0.04141974582514988,0.040213027824793385,0.03949415609863991,0.04141974582515124,0.9821234121119761,0.46004892340229064,3.7781694748037102,-23.401788601994514,0.11397988902777431,0.25226566666666667,0.24332698508722284,20
site_9463f490fbd10247,63,0.11405370742376322,-0.07803726057930598,0.08317712509087385,0.10051449777538836,0.021854954216663686,0.08317712509087395,0.21743086520216406,0.833591952228961,0.819519635157639,-4.916347416496277,0.11536462817674592,0.6364993485714286,0.030091258500185347,20
site_977580436f81c571,1133,0.161278338565646,0.15673051909903774,0.0380295526326738,0.046518200138486836,0.0490215650569968,0.03802955263267393,1.0538147415647496,0.6842695994165885,29.47012592173099,177.57567813920974,1.7679388147629895,2.4517473556928504,2.72272798144214,20
site_97b9cf35873933d5,310,0.06049410177049875,-0.011751186457757025,0.059341772520329114,0.08980555947137517,0.05418262274363236,0.05934177252033004,0.6033326117288168,0.7685472371015845,1.1344562681960326,-3.6428678019046776,1.1592991187910882,2.5001619387096774,0.9100845482874238,20
site_983e670b17ddf306,51,0.027434965030261497,-0.011937363573149137,0.024701754130711514,0.03950393086305739,0.02304972863292329,0.024701754130711958,0.5834793684918719,0.8136104197556256,0.038386542616795236,-0.608805542230606,0.037782684107037154,0.07958858823529412,0.02709578949262159,20
site_98b5a51181513eb5,123,0.06561069931258753,0.029823566837039413,0.05844072831000155,0.08868190944527192,0.04396436649086196,0.058440728310001765,0.49575349432449456,0.8184513038791644,0.5294859553072733,3.668298720955848,0.3924947132915258,0.9673311707317075,0.23774245907596758,20
site_9e4afb6a8f7ad2cf,481,0.06826341563234191,-0.033787020384645754,0.059315522144893856,0.08419355667447986,0.06491395703420891,0.059315522144894245,0.7710086091883224,0.7121286161503128,2.2414089725348476,-16.25155680501461,1.8720629754619762,3.409594948024948,2.026848294380617,20
site_9f8869a238f7fb2c,130,0.0708514807623769,-0.04135127675441595,0.05753263627717023,0.07646839313029269,0.03328002340246828,0.05753263627717025,0.43521279891109044,0.7161409017576915,0.6525912024087904,-5.375665978074074,0.23692310645878314,0.7601639692307692,0.14398279449694873,20
site_a044c6ba9277ce3b,300,0.14331215697264527,-0.12642617340167364,0.06748923629114546,0.07109126051929465,0.04291011821809343,0.06748923629114575,0.6035920295216504,0.3836128774357704,6.161512300845635,-37.927852020502094,0.35106728288263084,1.5161901966666667,0.5523834736472262,20
site_a0c291a961f2a716,1007,0.07940918559797795,0.05363013300296686,0.058563022389714434,0.07476210854762151,0.05678822991953556,0.05856302238971445,0.7595857182567682,0.6341433997329509,6.349959488635447,54.005543933987624,2.7111704394227076,5.628498484607746,3.2474773787957925,20
site_ad2b2a9828429935,524,0.043619268778285404,0.006760940923263099,0.04309211397209994,0.04527371562374334,0.03435191205373212,0.04309211397209994,0.7587606093394422,0.4413576204704738,0.9969836789862073,3.542733043789864,0.359682220204129,1.0740476870229008,0.6183482235556095,20
site_b245fa887fc8016f,113,0.07205314251532574,-0.04761706234659769,0.05407652651395123,0.08774272153782757,0.0532557662699819,0.05407652651395124,0.6069536633534022,0.8143598638170475,0.5866570541357242,-5.380728045165539,0.43000404737902953,0.8699627256637167,0.32048796043333244,20
site_b6580d1df11a1de9,317,0.05905609548194192,0.048208282005899716,0.03411134649367989,0.048397902788218865,0.04960676866551251,0.03411134649367989,1.0249776500147836,0.757978208626965,1.1055763051024003,15.28202539587021,0.5768773183409677,0.742527167192429,0.7800835846864745,20
site_baf61fa27e289b2f,601,0.08561876971035813,0.08237957046135094,0.023327668064310497,0.01761154545504867,0.017146668227794214,0.023327668064310605,0.9736038368443587,0.099335719314341,4.405674809755919,49.51012184727192,0.01802839752684615,0.18641008652246255,0.1766989470197426,20
site_bc9b171e4ce196ad,421,0.06304349694304047,-0.021733316543266497,0.059178927489752065,0.07303100324107038,0.04543610275697538,0.059178927489752176,0.6221481390169854,0.587030551762453,1.6732571353658117,-9.149726264715195,0.820070406658137,2.2454150498812355,0.8691290016055611,20
site_bcde474edfd61b91,316,0.07468680738423773,0.054552752694185774,0.051010943637000435,0.04938469622705875,0.04737655952046561,0.05101094363700053,0.9593368622263012,0.4447772582537513,1.7626856663310724,17.238669851362705,0.3288406983462598,0.7706760379746833,0.7092741318708056,20
site_bef0b5984488c172,244,0.10026211394392977,0.07310341868488517,0.06861764837917386,0.07903698672196889,0.04525017629538946,0.068617648379174,0.5725189961323749,0.5013427429552648,2.4528079241713554,17.83723415911198,0.43749713080327535,1.5242302459016392,0.4996091429623737,20
site_bfd5ae6a882cc3e5,402,0.09147042228233261,0.0847953756814869,0.034301347138906244,0.022037316240784834,0.039528703310939384,0.034301347138906604,1.7937167520327608,0.5002713454246317,3.3634689373083164,34.08774102395773,0.17518743467636738,0.19522860945273632,0.6281323909485965,20
site_c182efa4e364207f,487,0.06460122519831094,-0.04779673966147327,0.04346021139912037,0.07497383358462593,0.055993315971205965,0.043460211399121394,0.7468381072978493,0.8179469141311254,2.0324060106988444,-23.277012215137482,1.6722453035662368,2.7374638767967143,1.5268674480907873,20
site_c55e48f9c70fa0cd,183,0.16091126054915442,0.14748412631867364,0.06434956297858897,0.04337861112085131,0.05282758136315314,0.06434956297858901,1.2178255596053391,0.11598751755255562,4.738315380187768,26.989595116317275,0.04864057649260826,0.34435181420765026,0.5107078635405433,20
site_c6db53a69289981e,198,0.11838900545638294,-0.08601060937149356,0.08135190033733578,0.09950417136670993,0.043296436402722537,0.08135190033733583,0.43512182261343646,0.5985746407843575,2.7751594093643908,-17.030100655555724,0.5105954537694201,1.9604138636363637,0.37116711822464943,20
site_c918c9526fa62ebb,320,0.05895139182436412,0.04411883145421743,0.03909981213694074,0.057231239335343555,0.04276919258523902,0.03909981213694601,0.7473050222560287,0.7304354622563233,1.1120853113695053,14.118026065349579,0.572131724977307,1.048132721875,0.5853452270058446,20
site_cb4bf51604d9132d,308,0.04840696742919631,0.023837350977705667,0.042130929185776884,0.056491043758830045,0.032130920960296794,0.042130929185777356,0.5687790280078592,0.6745100595187684,0.721716224672912,7.341904101133345,0.37708731254993316,0.9829013116883117,0.31797799318110664,20
site_cc4adebea528a6a7,56,0.03490457538495459,0.0035111168442027918,0.03472753146007262,0.036406440712910305,0.02155955761145497,0.03472753146007309,0.5921907549674201,0.3721728753283286,0.06822644543702275,0.19662254327535633,0.01635877623727013,0.07422401982142857,0.026029613366492177,20
site_cc5b5abb6e110086,216,0.0551770136525008,0.03608888321242951,0.04173841568732435,0.05751378793358281,0.03241554141390515,0.04173841568732847,0.5636133973880971,0.7017247329004042,0.657612612491384,7.795198773884773,0.28258284062205086,0.7144925333333333,0.2269657422338256,20
site_cf05376790209007,125,0.060850137019482525,-0.020294910456180575,0.05736598107646561,0.08133820199635593,0.05296825374040085,0.05736598107646562,0.6512100395675565,0.711489765721989,0.46284239691122475,-2.5368638070225717,0.3831677014651299,0.8269878879999999,0.35070448803843607,20
site_d35a7f73b803c0c5,404,0.024673561813717892,-0.0015928067927903477,0.02462209615561191,0.026990310916952864,0.012887722771471743,0.024622096155612717,0.47749441683448135,0.41444290703113035,0.24594899964044456,-0.6434939442873004,0.058241177831435266,0.2943046608910891,0.06710173288666177,20
site_d57ef4f33b8af5eb,59,0.05952352939771522,0.04812688052209758,0.03502647460382522,0.029546864211232895,0.025988431524587463,0.03502647460382583,0.8795664859321141,0.20938378031641533,0.2090399825656794,2.839485950803757,0.009486074122256147,0.05150801389830508,0.03984851581338211,20
site_d5e7272a4c76be28,287,0.10349847303807509,-0.09909715652499049,0.02986113678135329,0.039933986121861255,0.039472594164153635,0.02986113678135386,0.9884461331683833,0.717225235406653,3.0743250353881764,-28.44088392267227,0.3244709277527361,0.4576855720557491,0.44717059304376905,20
site_d80aeb123d7ed060,179,0.060536727341019364,0.0254054053422459,0.05494780010662033,0.056988840780752066,0.04122115901551679,0.054947800106621314,0.7233198368449565,0.4102876389579002,0.655980468931805,4.547567556262016,0.17252478128654997,0.5813433072625699,0.30415392715427125,20
site_d91996c560da68ca,30,0.058682690272854665,-0.02671459059158961,0.05224929460943509,0.041188312258050426,0.027565665272325682,0.052249294609435205,0.6692594029981858,-0.12050812961680796,0.10330974412979374,-0.8014377177476883,-0.004104687279164789,0.050894312000000004,0.022795977057177064,20
site_db085d5191ab69be,275,0.09089214527014883,-0.07097590828548779,0.05677853921033779,0.07832263732379913,0.04021148575864021,0.05677853921033834,0.5134082192916855,0.7187871518718281,2.2718800697477057,-19.51837477850914,0.6225445310442557,1.6869697672727275,0.44466498640226426,20
site_db8e4a0f1b9b5265,32,0.042855326608511254,-0.005959268301725391,0.04243896959199438,0.057922058352151126,0.03575630318416325,0.042438969591995855,0.6173175505396266,0.6838011392726294,0.05877052859910952,-0.19069658565521252,0.04531859073787928,0.107358875,0.0409124229567297,20
site_dbd15ac8d9118973,139,0.042815408169452764,0.0004587231145488231,0.04281295072546415,0.06036553337104586,0.04819745972727718,0.04281295072546434,0.7984268014501624,0.7104473635053985,0.2548091255636411,0.06376251292228641,0.28731605754910616,0.5065156690647483,0.32289632225858833,20
site_dd8f5f5975cafcae,402,0.07233820128752556,-0.043909333608636816,0.05748726630793991,0.07483470841345709,0.04205034093991315,0.057487266307940085,0.5619095982520256,0.645679210816143,2.103591776936855,-17.651552110672,0.8167994727549417,2.2512939004975125,0.7108289316115003,20
site_dfb90b37de535da6,90,0.055846864039356355,-0.010252320957183838,0.05489774255851731,0.07253651358087963,0.03515517948611992,0.05489774255851741,0.4846549379151123,0.6830634608101429,0.28069850007273184,-0.9227088861465453,0.1567651639117135,0.4735391222222222,0.11122979802311761,20
site_e25a87142f53f607,308,0.05860052719848689,-0.03484447198990104,0.047115650899521744,0.05971509730881673,0.03522820582660549,0.047115650899525026,0.5899380125669521,0.6148902419669532,1.0576787106857055,-10.73209737288952,0.39840335499229174,1.098294996753247,0.38223615761459784,20
site_e4db2a28e10f56a8,74,0.142515813553385,0.12435316659630954,0.06962073735787115,0.03918664716825442,0.04847856558374919,0.06962073735787122,1.2371195059275768,-0.2530073526552343,1.5029960263459565,9.202134328126906,-0.03556745001754244,0.1136339054054054,0.17391267775828245,20
site_e4f3e7026d41564d,182,0.11456406778030821,0.10354184495485745,0.04903072475209103,0.05211348424069676,0.03745202470850874,0.049030724752091054,0.7186628423370988,0.4392090672367291,2.388736463999532,18.844615781784057,0.15601562565286733,0.49427837362637367,0.2552830561675483,20
site_e7f96e1f3cc1ed07,415,0.048936907135087165,0.004990547706563789,0.0486817759899601,0.05062980096283574,0.04063590213330249,0.04868177598996149,0.8026083721547875,0.44832046743455173,0.9938506651784802,2.0710772982239725,0.38278312964378347,1.0638013493975904,0.6852797650077451,20
site_f048e8218a2bc715,197,0.08558756328240914,0.07326124266652287,0.04424953459164559,0.06129713249753883,0.05623790747564005,0.04424953459164563,0.917463920158061,0.719712671163497,1.4430705047582166,14.432464805305004,0.4887589087411005,0.7401956751269035,0.6230523407360142,20
site_f80fa89bf21ec41c,454,0.054606836391624614,0.03645299223826846,0.04065815954489821,0.05748513316873027,0.05938680879086558,0.04065815954489824,1.033081172771289,0.7584156587942865,1.3537855876385527,16.549658476173878,1.175462217959916,1.5002614030837005,1.6011640484967247,20
site_fed20609ec9b97b3,42,0.0314555899418778,0.010143418684743702,0.02977524468375627,0.031597848691803584,0.023479378431264818,0.029775244683756273,0.7430688924513813,0.4469214057764805,0.04155707382084567,0.42602358475923546,0.013925941207313114,0.04193380976190477,0.023153810883778825,20
site_03be10a6dc64b839,436,0.10574011398842223,0.0826439623060303,0.06596171011006285,0.09701085901643768,0.039068942457166085,0.06596171011006287,0.4027275178601004,0.868911315422976,4.874903663940053,36.03276756542921,1.4358661191982278,4.103242550458716,0.6655026674185107,50
site_053660f2203e3d7e,1079,0.19987751068050755,-0.19092160325828142,0.059160465558714105,0.06516268127364865,0.03814042109468585,0.05916046555871415,0.5853107998198592,0.44277906841598963,43.10714979862749,-206.00440991568564,1.187388823107265,4.581622858202039,1.5696123672610742,50
site_0615e6ed7947021d,141,0.06649530200919888,0.0394101577126388,0.0535580494263888,0.0580388067882668,0.022384768669354127,0.053558049426390565,0.3856862314729645,0.38528619871266834,0.6234491516905344,5.556832237482071,0.07057869939157303,0.4749589361702127,0.07065197944165025,50
site_0897d2a8d9842ad4,475,0.09894235984662701,-0.06056580834413829,0.07823920648652141,0.08310554237478511,0.020228645403915044,0.07823920648652183,0.24340910155773893,0.3552278038157669,4.650055521709229,-28.76875896346569,0.28365951120293453,3.2806023073684214,0.19436909506673328,50
site_0e60c1f731fb2594,144,0.06978975956516066,-0.0414655437891682,0.056135721411873826,0.056020112800622274,0.03440766954963978,0.05613572141187384,0.6142020754598976,0.3037376044194903,0.7013679177834625,-5.971038305640221,0.08430635113921016,0.4519084374999999,0.17047983223255803,50
site_105ed3138c6bf909,149,0.16517364609695068,0.09681877385049859,0.13382248837563407,0.13108075563214733,0.025474212540278054,0.13382248837563407,0.19433983590822806,-0.011583445022697864,4.065067671379146,14.425997303724289,-0.005763200308652532,2.5601425100671142,0.09669139017754169,50
site_1540d45a23b55752,758,0.0818366534962361,-0.019156145379851552,0.07956305643732527,0.0822874399325766,0.05267713922665699,0.07956305643732538,0.6401601419344041,0.37094243572738705,5.076506294440964,-14.520358197927477,1.2187972270648209,5.132586860158312,2.1033597958052903,50
site_15804522fbfefabb,55,0.09504347981378868,-0.08815452284899626,0.03552524674622055,0.04143726418104744,0.02736285741633387,0.03552524674622063,0.6603442084588461,0.5308189870795952,0.4968294680312731,-4.848498756694794,0.03310256599145857,0.09443757745454547,0.041179928129263965,50
site_16f5711a84870069,111,0.08612500764523189,0.0797194170050793,0.0325934271634869,0.006884652972711317,0.031214338264800082,0.03259342716348716,4.5339014745586,-0.0944582498763376,0.8233443805499289,8.848855287563802,-0.0022531964590621996,0.005261227567567568,0.10815117537733926,50
site_1c44b0fee88f9b96,242,0.0357018091506151,0.0011539766818038707,0.035683154491227324,0.046895611171062036,0.038214424510048556,0.03568315449123155,0.8148827482097003,0.6657742302404607,0.3084578407437204,0.2792623569965367,0.2887366218688814,0.5322060000000002,0.3534028222334764,50
site_20a8ade4f5c8dd77,587,0.1272415871494561,0.06559312067994469,0.10903194036510055,0.11364944972250823,0.03953599324397116,0.10903194036510198,0.3478766799179765,0.28835828140130326,9.503777420683516,38.503161839127536,0.7605548162035911,7.581807886848381,0.9175366251691646,50
site_222278f15298d005,27,0.05093941606732596,0.04448997533939503,0.024808591325993657,0.014723244781632302,0.02462464575602711,0.024808591325993657,1.6725012808825341,0.2864132216511481,0.07006025095056394,1.2012293341636657,0.0028036923110485077,0.0058528962962962955,0.01637207582246525,50
site_22340386f3e3f6e8,302,0.11982293801388774,0.11072090465975122,0.045808489885677976,0.028793597705114932,0.04653710579474889,0.045808489885678184,1.6162310202202337,0.33446840934675665,4.335976015232555,33.43771320724487,0.13534971658135486,0.25037952317880796,0.6540420691569984,50
site_2430820d6924f0bf,155,0.04894530779768682,0.013876971074842632,0.046936902637458755,0.057736037182977616,0.03552153576037817,0.04693690263745885,0.6152402813480768,0.5832045675336656,0.37132468908859684,2.150930516600608,0.18539214139580726,0.5166847483870969,0.19557582293025289,50
site_28aa95e397da1f11,323,0.03491356017503314,-0.010841346172725455,0.03318767688854992,0.03426385488071643,0.03255193209043481,0.03318767688854995,0.9500370639485437,0.5075596848065023,0.39372300896289814,-3.5017548137903223,0.18285322910099766,0.3792057956656347,0.34225993535095034,50
site_28de8124779d0d55,450,0.08786340145195798,0.024764803286128578,0.08430113779129725,0.08359747237598945,0.023392655992900142,0.0843011377912973,0.2798249196780606,0.1097052487082153,3.4739897916185694,11.14416147875786,0.09654117955856854,3.1448418244444443,0.2462473594809751,50
site_29c64bda55c4bd6f,63,0.03156316240178077,-0.010364180508114057,0.029813033780486276,0.03773444894173302,0.023528630147142644,0.029813033780486914,0.6235318338283927,0.6130993318603046,0.06276269291047479,-0.6529433720111856,0.034293044845736226,0.08970498412698416,0.03487657550586487,50
site_2b0159df0d3593f2,1179,0.05841675747491715,0.03343960697419367,0.047898958645201745,0.06431054111167571,0.05105346717180615,0.047898958645202404,0.7938584606705679,0.6773709907910125,4.023358196028397,39.42529662257433,2.6220912657516795,4.87616207803223,3.073012225599709,50
site_300613673c8de12a,95,0.0412157694498668,-0.034789640173159136,0.022100239545459352,0.010926974931948672,0.027272790234249007,0.02210023954545953,2.495914047950075,0.6288118154397966,0.16138026687773452,-3.305015816450118,0.017802205817009246,0.011342884210526295,0.07066148328032806,50
site_321be016bdfe2f21,44,0.053304561286279084,-0.048312205562808304,0.022523477697274863,0.02346217667873406,0.01280256052480885,0.022523477697275113,0.5456680639700832,0.3446884677288854,0.12502055517259805,-2.1257370447635653,0.004555589344149286,0.024220844318181826,0.007211844463621331,50
site_33f1b9849f9edfe3,188,0.08148410510406044,-0.05944759083935554,0.0557282991666365,0.06569901843321078,0.039809948669898926,0.055728299166636804,0.6059443446688549,0.5344249491148388,1.248255964306599,-11.176147077798841,0.2627816725690314,0.8114758723404256,0.2979484184627976,50
site_3999cca71a6a19c4,56,0.06982766021469403,-0.06018728697512832,0.03540328540732219,0.0417636961220569,0.039367172186282814,0.03540328540732479,0.9426170536063163,0.6205719957692504,0.27305051933929075,-3.370488070607186,0.05713646237844869,0.0976755535714286,0.0867873577728886,50
site_3c8e248cc33b4c5e,259,0.13197241616343577,-0.11275906205039227,0.06857195165321511,0.04501076860993734,0.034397894964646375,0.06857195165321525,0.7642147874153854,-0.4821260494586331,4.510930124655907,-29.204597071051598,-0.1933341869653767,0.5247260463320462,0.3064527311017007,50
site_40cb16253de7adad,148,0.0764053073361047,-0.004414684178861415,0.07627766090229515,0.08096563628220868,0.03381243102391957,0.07627766090229522,0.4176145902943949,0.3434399279364342,0.8639901063904432,-0.6533732584714894,0.13915205662274685,0.9702042702702702,0.16920551277860318,50
site_43d513d9ee89a497,61,0.07736275080131702,0.07379344276991046,0.023227634742061572,0.019616590447905567,0.025210685588303326,0.023227634742061593,1.2851716334320997,0.48616774343763364,0.36508470790434727,4.501400008964538,0.014666421324136803,0.023473447868852457,0.03877029873776938,50
site_4509aad7c317e1e1,330,0.07498818493193361,0.06881416315562798,0.029796624449364897,0.03744168897715342,0.03802562219277047,0.029796624449365195,1.0155958032762187,0.6883224265667671,1.8556652001973393,22.708673841357232,0.3233982160253958,0.46262042424242433,0.477162821238615,50
site_454123e8a1bcfe25,412,0.19099393826078218,0.08590332236162668,0.170585180070245,0.053742690672056836,0.03799049830823123,0.04635489125673743,0.7068960975559072,0.5345463139761676,15.02921799437375,35.39216881299019,0.4496524367049674,1.1899700418770225,0.5946305202235806,50
site_45a2a929d5aff17f,185,0.04010694453099716,0.0015822362107199579,0.04007572242874693,0.04746674019139476,0.03478961750385007,0.04007572242874693,0.7329261997679183,0.5623719017373356,0.29758489492830936,0.2927136989831922,0.17180444786049223,0.41682191351351355,0.22390873492187535,50
site_46bbd0d57edf9712,148,0.058021658128386965,0.03201760242839117,0.048387869830205314,0.09462393174418932,0.06380300130705785,0.048387869830206424,0.6742797528171395,0.884761540366602,0.49824389617117715,4.738605159401893,0.7905512860981194,1.325145891891892,0.602481800416687,50
site_497344538a3f1eab,149,0.05250628518671354,0.006715733332921994,0.052075031540168785,0.06709806788523649,0.038203631679695975,0.05207503154016931,0.5693700710583631,0.6338987512505451,0.4107795876321656,1.0006442666053772,0.24211451617673338,0.6708204563758389,0.21746810355416257,50
site_4c3440bb059c79cd,166,0.037370184184180213,0.01608173084833536,0.03373290083703523,0.051132492150491794,0.050913305951564486,0.033732900837035285,0.9957133675729671,0.7814600753731836,0.23182409054928577,2.6695673208236697,0.33770939383718623,0.4340122710843374,0.43029934400432357,50
site_4fb715e1d8003a2f,92,0.11438342158942966,-0.08921666623328041,0.07158179657374243,0.0777771976254168,0.036389935662137635,0.07158179657374307,0.4678740912908101,0.39740673260977155,1.2036881763744787,-8.207933293461798,0.10348004921271425,0.5565349072826088,0.1218289224094955,50
site_5accfec62d994abe,488,0.12350893873878019,-0.1108773791940486,0.05441199069542411,0.06691078519326854,0.03876618005426732,0.05441199069542426,0.5793711722600937,0.5819872823043637,7.444175478809322,-54.10816104669571,0.736686058976721,2.184801949487705,0.733374557407938,50
site_646b0b13ac40b218,154,0.11762056833405524,0.0439538987518905,0.10909927992308069,0.11581730222795633,0.02876417474410082,0.10909927992308116,0.24835818302420826,0.3509605573431277,2.1305281066648285,6.768900407791137,0.18005467205388206,2.065701714285714,0.1274161733012118,50
site_66d01cf2ba4510d5,303,0.06765684957868986,0.042138178984324134,0.052932250724851394,0.053069655434548516,0.033333584429447366,0.052932250724851394,0.6281100594398638,0.31817180360146846,1.3869671363587808,12.767868232250212,0.17054249132682783,0.8533656633663367,0.33667173882727397,50
site_66d7dca1620ed572,203,0.14263813138597078,-0.12925328411962012,0.060325990000780136,0.0637990289581154,0.03278694233187185,0.060325990000780136,0.5139097391810894,0.35999917628254946,4.130164214632137,-26.23841667628288,0.15286657331061776,0.8262741674876848,0.21822166825711853,50
site_6724da3b9f7cb3ab,80,0.03559369053856278,-0.023036155816912644,0.027133859499413188,0.03244953774709279,0.027948276774276803,0.02713385949941534,0.8612842805990584,0.6052606999646492,0.10135286449239789,-1.8428924653530117,0.04391329373270272,0.08423779999999999,0.06248849397212641,50
site_75783e392ac0cb24,245,0.06579140462653525,0.054357463607982714,0.037064471840825106,0.04645950348841277,0.024549906853920424,0.037064471840825695,0.5284151790395972,0.6082048589549819,1.0604846860694583,13.317578583955765,0.1699575189656141,0.5288289387755103,0.1476609920013614,50
site_763dec14eaad3a50,49,0.23425651243229606,-0.23177296429750874,0.03402067955947137,0.00412749741394518,0.032203080646709265,0.03402067955947172,7.8020837851788345,-0.38870543101457655,2.6889295672301814,-11.356875250577929,-0.002531633991367965,0.0008347755102040832,0.05081488175378457,50
site_7d0e70aae0f59866,484,0.056662234255019,-0.0038264141667726623,0.05653288729045217,0.10633555104089003,0.0727763937035132,0.056532887290452284,0.6844032216048604,0.8662730491237505,1.5539346547329935,-1.8519844567179686,3.2446599031637677,5.472708716942148,2.563459284556558,50
site_7e86404aaf2aaa5a,60,0.0684399093885733,0.06124915949563186,0.03053787252240688,0.025825258092719145,0.01898578164631541,0.03053787252240808,0.7351632877453422,0.09671603441396937,0.2810412718269674,3.6749495697379118,0.00284526606246829,0.040016637333333334,0.021627594283294027,50
site_7f10cc6142e2e1b8,212,0.0755350703287327,-0.034881209701749516,0.06699886610465262,0.07229060816725699,0.03399715308501645,0.06699886610465473,0.47028450786246095,0.385097803002963,1.2095759321081183,-7.394816456770897,0.20064638110345828,1.1078975901886792,0.24503096059184126,50
site_84322f1b7a2f6859,162,0.13902697371965475,0.135249202993181,0.032189322940299483,0.027020695213515022,0.03086121247019366,0.03218932294030137,1.142132436872228,0.3875683818873233,3.131216906306583,21.910370884895322,0.05235677138136492,0.11827911111111111,0.15429113849113074,50
site_863c334735fb9bf1,148,0.10029673993302748,-0.07248434813844191,0.06932139147578113,0.09802995360723511,0.0376211782450444,0.06932139147578131,0.383772274296657,0.8432437044315758,1.4887965340966156,-10.727683524489404,0.4602629460076223,1.422261027027027,0.20947225177671946,50
site_89d7fda60b8576e0,59,0.07386942381975709,-0.0666656392145965,0.03181798742177364,0.029504000868052837,0.021509248048925688,0.03181798742177368,0.7290281797753086,0.2527143165442437,0.3219448147523108,-3.9332727136611942,0.009462110110763781,0.0513586779661017,0.027296217346182594,50
site_8cc16869ec1e1da8,110,0.05301686109148764,0.0054831927337429765,0.05273255310942875,0.07832338398804564,0.0381134218019919,0.05273255310942877,0.4866161274110562,0.8050562862366476,0.3091866315993506,0.6031512007117275,0.26435547838461665,0.6748007727272729,0.15978962136022062,50
site_924ffc782c7352b5,160,0.08377839376040787,-0.07447533492594957,0.03836982862538719,0.030188240156557647,0.038835733831218015,0.038369828625387625,1.2864523943699286,0.4040065208664116,1.1230110817718315,-11.916053588151932,0.07578402537740767,0.14581277499999995,0.24131427555347384,50
site_9463f490fbd10247,47,0.23193200514215773,-0.22895103145457332,0.03706589004932781,0.03446634130077978,0.028071712926519384,0.03706589004932783,0.8144674446743286,0.31113764840782027,2.528245385435308,-10.760698478364946,0.014148634287334504,0.05583264808510639,0.03703699013155903,50
site_977580436f81c571,1132,0.15177802958427958,0.14593418662981936,0.04171071130033028,0.04271085413409031,0.04232312883969538,0.04171071130033178,0.9909220898936446,0.5188154823504244,26.07739753939866,165.19749926495552,1.0616353658913986,2.0650137128975263,2.0276918697726067,50
site_97b9cf35873933d5,148,0.114868009421834,0.06966176421175133,0.09133399255173788,0.09696898248742082,0.039703539882619245,0.09133399255173891,0.4094457718762774,0.3425257560079635,1.9528096191031128,10.309941103339195,0.19517177718273693,1.3916415675675675,0.23330291972318906,50
site_983e670b17ddf306,53,0.03250527638415241,-0.02423363568198008,0.02166388456494353,0.011934584963991296,0.020028167379348445,0.021663884564945397,1.6781620341031451,0.155291334575807,0.055999428618937225,-1.2843826911449443,0.0019673046784580883,0.007549018867924537,0.02125975689448545,50
site_98b5a51181513eb5,115,0.03754724204437712,-0.02494327722114065,0.02806471639992764,0.04461954609966228,0.044272940799117165,0.028064716399927855,0.9922319850638789,0.8006751001806753,0.16212646929098973,-2.868476880431175,0.1818937102856844,0.22895394782608708,0.2254107280052453,50
site_9e4afb6a8f7ad2cf,312,0.08450201247185762,-0.07346497921187144,0.04175508281866147,0.040276833047366616,0.02977256927411351,0.041755082818662054,0.7391983684293197,0.31903662468843735,2.227864114879722,-22.921073514103888,0.11936218636898466,0.5061336634615384,0.276558634928749,50
site_9f8869a238f7fb2c,124,0.034385020053029514,0.0058641577276491354,0.03388128182629008,0.04256043325282362,0.03333452514775212,0.03388128182629044,0.7832280500937002,0.6254317223899164,0.14660887090185798,0.7271555582284928,0.11002766681270255,0.22461241935483872,0.1377876302864387,50
site_a044c6ba9277ce3b,121,0.16971772744093594,-0.16292713831574465,0.047527409017934494,0.034751253417645206,0.036281141693868986,0.04752740901793649,1.0440239739797978,0.10513684297816465,3.4852969479336147,-19.714183736205104,0.016039533049360774,0.1461256033057851,0.1592748703558824,50
site_a0c291a961f2a716,1007,0.11731585971630623,0.1054617935667682,0.05138891941514645,0.057556848454329734,0.04354681054014048,0.05138891941514696,0.7565878207298659,0.5123437748607427,13.859352017562877,106.20002612173558,1.2931362674360005,3.3359803396226417,1.9095989811764225,50
site_ad2b2a9828429935,532,0.04084476760077153,-0.004489059409924914,0.04059733225194976,0.041744548465484026,0.02377092856071773,0.04059733225195054,0.5694379130815712,0.3323171147390269,0.8875329614720708,-2.3881796060800546,0.17543258207666695,0.9270670977443609,0.3006103477478128,50
site_b245fa887fc8016f,123,0.08787654128279918,-0.002623400025251436,0.08783737405077077,0.11524397212541447,0.04529024273498355,0.08783737405077113,0.39299446122610526,0.7296753293325677,0.9498412404627834,-0.32267820310592665,0.4684439574632703,1.6335842926829267,0.2522983487002288,50
site_b6580d1df11a1de9,317,0.1082438366149646,0.09779093458261401,0.046407556266044245,0.04380019048818784,0.050185406303518726,0.04640755626604516,1.1457805489921982,0.5193892182093952,3.7142028283453072,30.99972626268864,0.3619142106292469,0.6081507697160884,0.7983882768542143,50
site_baf61fa27e289b2f,550,0.1149912048785127,0.1103816613491015,0.0322314448516407,0.016478781648777897,0.027242892523456165,0.03223144485164301,1.653210358878477,-0.028000598778427657,7.2726374596766465,60.709913742005824,-0.006913664876750925,0.14935263454545455,0.40819635617452116,50
site_bc9b171e4ce196ad,448,0.0968028699989566,-0.08169250437058508,0.051933903855735986,0.06330934640190762,0.04593957216286671,0.05193390385573606,0.7256364940371974,0.5881897639226683,4.198116446735631,-36.598241958022115,0.7663907468329583,1.795616857142857,0.9454790421472425,50
site_bcde474edfd61b91,340,0.08241240864692269,0.07609282798521659,0.031649433299817814,0.03549031302114847,0.04178296665841919,0.0316494332998187,1.1773062309571902,0.675603459661525,2.3092137336557084,25.871561514973642,0.3406276387960595,0.4282511882352941,0.5935775429447137,50
site_bef0b5984488c172,244,0.09402570313100378,0.025673923007288914,0.09045265350831591,0.09575683854319872,0.03703119492317009,0.09045265350831612,0.38672115210303476,0.3326290960399433,2.1571632152242355,6.264437213778495,0.2877978778207278,2.2373267991803276,0.3345994929748277,50
site_bfd5ae6a882cc3e5,406,0.07800303358531963,0.06252065438457897,0.04664376725604963,0.03439937173062425,0.049906227795269355,0.046643767256052245,1.4507889326025112,0.43638081754544833,2.470296138896076,25.383385680139064,0.30415638684877766,0.4804266108374384,1.0111964185378461,50
site_c182efa4e364207f,117,0.22807939242261033,-0.22413682502406274,0.042224316643372145,0.022704777104236393,0.030035979591900016,0.04222431664337276,1.3228925108582423,-0.2677765732941562,6.086364482000447,-26.22400852781534,-0.0213657176422003,0.06031430769230769,0.10555272819526901,50
site_c55e48f9c70fa0cd,172,0.14590817282833157,0.13429206252236697,0.05705117739005001,0.044391844413807675,0.040080692963259536,0.057051177390050445,0.9028841556939861,0.0905605989041229,3.6617415224735916,23.09823475384712,0.02771444232640572,0.3389493662790698,0.2763114551273942,50
site_c6db53a69289981e,29,0.0805152685787561,-0.06808195725802717,0.0429832010234858,0.036596524269184603,0.026532779573759224,0.04298320102348581,0.7250081832525455,0.10079139858907353,0.18799854575496763,-1.9743767604827878,0.002838206948905155,0.03883986206896552,0.020415663365381143,50
site_c918c9526fa62ebb,281,0.045839222065403466,0.016337612592452783,0.042828923572047664,0.054247652169094794,0.04403872859494584,0.04282892357204767,0.8118089324432545,0.6379036648046037,0.5904468325567455,4.590869138479232,0.42823004663282227,0.8269289822064056,0.5449741021688634,50
site_cb4bf51604d9132d,299,0.08157402769800595,0.06083561942330172,0.05434472747432115,0.07067676989695468,0.03143891914163697,0.0543447274743231,0.44482676822206624,0.6818767609091022,1.9896422764676376,18.189850207567215,0.45302417432265135,1.4935665351170568,0.2955332854015218,50
site_cc4adebea528a6a7,59,0.054239688126959285,0.04745669963481062,0.026264147195010405,0.016848445218811604,0.023547924984644537,0.02626414719501044,1.397631928574207,0.1872350041426707,0.17357468231847867,2.7999452784538263,0.004382798760030734,0.016748336271186437,0.03271578149386434,50
site_cc5b5abb6e110086,216,0.0913578884980443,0.08307556081171388,0.03800940655469802,0.048218571530397894,0.029928594306119556,0.038009406554698075,0.6206860418345659,0.6153485900979491,1.8027929788173562,17.9443211353302,0.19181193238066302,0.5022066183333332,0.19347568354230305,50
site_cf05376790209007,127,0.04283911544314989,0.0031286997429029206,0.04272471240242914,0.06400281416250728,0.046084744283869966,0.04272471240243028,0.720042468239878,0.7449878580954628,0.23306910611784346,0.3973448673486709,0.279067439486544,0.5202377480314961,0.26972306427513004,50
site_d35a7f73b803c0c5,406,0.03558103289804988,0.031652994885380044,0.01625108663684411,0.012537107676522429,0.011126528901019938,0.016251086636845342,0.887487703551912,0.06050739814533848,0.514000020249396,12.851115923464299,0.003426822172138344,0.06381470197044335,0.05026265602640417,50
site_d57ef4f33b8af5eb,60,0.040827677005079756,0.02961825300892194,0.028100859387759032,0.031809572458616917,0.016023037206671108,0.028100859387760087,0.5037174651597877,0.4698268715759763,0.1000139525778671,1.7770951805353163,0.014367849689871075,0.060710933999999994,0.015404263279581998,50
site_d5e7272a4c76be28,288,0.056922620541086905,0.04100549407800039,0.03948080780181231,0.05374944322919895,0.030099031819857403,0.03948080780181401,0.5599877879945433,0.6911273354054932,0.9331732020281958,11.80958229446411,0.3220157058131363,0.8320327624652778,0.2609140943499231,50
site_d80aeb123d7ed060,114,0.0939251902930143,0.06447865646972992,0.06829673660898816,0.07309581277673106,0.04194043769794091,0.0682967366089898,0.5737734639608797,0.39755642727681306,1.0057013163600002,7.35056683754921,0.1389405739158392,0.6091017543859649,0.20052603582961437,50
site_d91996c560da68ca,30,0.023860282042677556,0.01031781192501386,0.021514084136587428,0.02188371388346442,0.01471835729404386,0.0215140841365875,0.6725712725190223,0.3611870637512726,0.017079391774683633,0.3095343577504158,0.003490067377984522,0.014366908000000001,0.006498901243054023,50
site_db085d5191ab69be,141,0.06796786810305643,-0.03250834508821474,0.059689518293415796,0.07054826641719915,0.03323411488525392,0.05968951829341637,0.47108336707692205,0.5371312417816023,0.6513679843209008,-4.583676657438279,0.17757016132676856,0.7017651631205674,0.1557354013010821,50
site_db8e4a0f1b9b5265,76,0.02683517216592148,-0.013014676147385645,0.02346794984555144,0.023057989493912627,0.027332533376757468,0.023467949845558077,1.1853823328340631,0.5775588404691945,0.05472961135327316,-0.989115387201309,0.027663756432894027,0.040406986842105266,0.05677712094015863,50
site_dbd15ac8d9118973,257,0.06079502598778141,-0.045302229238855234,0.04054310312303718,0.05678941124835994,0.04302435761453414,0.04054310312303721,0.7576123201273136,0.7024004664855094,0.9498810425077393,-11.642672914385795,0.4410620336894975,0.8288345680933852,0.47573150447283363,50
site_dd8f5f5975cafcae,386,0.13913342066936904,-0.11068002811630157,0.08430919358726131,0.09189919655713932,0.038020496749759165,0.08430919358726131,0.4137195772557109,0.3982452891773414,7.472229976403608,-42.722490852892406,0.5371152128790906,3.259948458549223,0.5579854548160006,50
site_dfb90b37de535da6,116,0.07351184050055866,0.032820132878319974,0.06577864069459778,0.07756481122614152,0.03126517391937353,0.06577864069459778,0.4030845099102915,0.5498755554761747,0.6268629204784307,3.807135413885117,0.1546849252093455,0.6978907931034484,0.11339128762420625,50
site_e25a87142f53f607,313,0.06935134055720142,-0.061290665256329625,0.032450928946911206,0.044540824249836256,0.034938578039099416,0.0324509289469116,0.7844169619116975,0.69127877527957,1.5054074408063314,-19.183978225231172,0.3367138926694855,0.6209560127795528,0.3820804256783972,50
site_e4db2a28e10f56a8,72,0.1408366881641132,0.13394159312380685,0.04352726001590555,0.02979303286170721,0.031883982337651974,0.04352726001590783,1.0701824982253567,0.0050481971782421415,1.4281180367785682,9.643794704914093,0.0003452678033047242,0.06390898611111112,0.0731943597389546,50
site_e4f3e7026d41564d,183,0.13420931646044695,0.12189691552438373,0.05615409700477484,0.05539915019669032,0.042708668638688045,0.056154097004779864,0.7709264219226158,0.36766610287285006,3.2962217343348135,22.30713554096222,0.15919294522189703,0.5616390491803279,0.3337975589707338,50
site_e7f96e1f3cc1ed07,354,0.03354980904765556,0.0020938207187221553,0.03348440834077856,0.029883294120891697,0.03585563280379454,0.0334844083407786,1.1998554328964532,0.49344257772336725,0.3984587492454894,0.741212534427643,0.1871654762739347,0.31612598870056496,0.4551117469312338,50
site_f048e8218a2bc715,197,0.11580184036400647,0.10041702571677677,0.0576757069994554,0.07443457021860914,0.04113133106496339,0.05767570699945559,0.5525837113610454,0.6378712853522921,2.641783047643095,19.782154066205024,0.38472173940038623,1.0914795329949238,0.33328191984959754,50
site_f80fa89bf21ec41c,487,0.06460341771117406,0.030113798216383065,0.057155583602544045,0.06846330419786337,0.0517415835992576,0.057155583602544725,0.7557564480049209,0.5783727155770357,2.0325439694426812,14.665419731378552,0.9977789335975107,2.2826780985626285,1.3037922475258152,50
site_fed20609ec9b97b3,40,0.0400268279144363,0.034078128373622896,0.0209959072069481,0.01897406371207813,0.015661352386023043,0.020995907206948577,0.8254084430028372,0.2767283798414726,0.06408587811567588,1.3631251349449158,0.00328929865732789,0.014400603750000003,0.009811118342367586,50
