physical_site_id,n,rmse,bias,ubrmse,observed_sd,predicted_sd,within_series_ubrmse,amplitude_ratio,r,sse,sum_e,anom_xy,anom_yy,anom_pp,longitude,latitude,depth_cm
site_01e71c1017c5ea08,2,0.056882876373772435,0.05592578792572021,0.01039075884819031,0.000899999999999998,0.011290758848190308,0.01039075884819031,12.545287609100368,,0.006471323249107756,0.11185157585144043,2.032336592674251e-05,1.619999999999993e-06,0.00025496247073597544,115.89611,42.02972,50
site_03be10a6dc64b839,436,0.10574011398842223,0.0826439623060303,0.06596171011006285,0.09701085901643768,0.039068942457166085,0.06596171011006287,0.4027275178601004,0.868911315422976,4.874903663940053,36.03276756542921,1.4358661191982278,4.103242550458716,0.6655026674185107,-117.5264,47.4174,50
site_053660f2203e3d7e,1079,0.19987751068050755,-0.19092160325828142,0.059160465558714105,0.06516268127364865,0.03814042109468585,0.05916046555871415,0.5853107998198592,0.44277906841598963,43.10714979862749,-206.00440991568564,1.187388823107265,4.581622858202039,1.5696123672610742,0.8939,42.2112,50
site_0615e6ed7947021d,141,0.06649530200919888,0.0394101577126388,0.0535580494263888,0.0580388067882668,0.022384768669354127,0.053558049426390565,0.3856862314729645,0.38528619871266834,0.6234491516905344,5.556832237482071,0.07057869939157303,0.4749589361702127,0.07065197944165025,-91.8731,30.0918,50
site_0897d2a8d9842ad4,475,0.09894235984662701,-0.06056580834413829,0.07823920648652141,0.08310554237478511,0.020228645403915044,0.07823920648652183,0.24340910155773893,0.3552278038157669,4.650055521709229,-28.76875896346569,0.28365951120293453,3.2806023073684214,0.19436909506673328,-106.5214,35.8584,50
site_0e60c1f731fb2594,144,0.06978975956516066,-0.0414655437891682,0.056135721411873826,0.056020112800622274,0.03440766954963978,0.05613572141187384,0.6142020754598976,0.3037376044194903,0.7013679177834625,-5.971038305640221,0.08430635113921016,0.4519084374999999,0.17047983223255803,-95.8744,48.3055,50
site_105ed3138c6bf909,149,0.16517364609695068,0.09681877385049859,0.13382248837563407,0.13108075563214733,0.025474212540278054,0.13382248837563407,0.19433983590822806,-0.011583445022697864,4.065067671379146,14.425997303724289,-0.005763200308652532,2.5601425100671142,0.09669139017754169,15.15472,48.15053,50
site_1540d45a23b55752,758,0.0818366534962361,-0.019156145379851552,0.07956305643732527,0.0822874399325766,0.05267713922665699,0.07956305643732538,0.6401601419344041,0.37094243572738705,5.076506294440964,-14.520358197927477,1.2187972270648209,5.132586860158312,2.1033597958052903,-120.8825,37.2381,50
site_15804522fbfefabb,55,0.09504347981378868,-0.08815452284899626,0.03552524674622055,0.04143726418104744,0.02736285741633387,0.03552524674622063,0.6603442084588461,0.5308189870795952,0.4968294680312731,-4.848498756694794,0.03310256599145857,0.09443757745454547,0.041179928129263965,116.22271,42.41197,50
site_16f5711a84870069,111,0.08612500764523189,0.0797194170050793,0.0325934271634869,0.006884652972711317,0.031214338264800082,0.03259342716348716,4.5339014745586,-0.0944582498763376,0.8233443805499289,8.848855287563802,-0.0022531964590621996,0.005261227567567568,0.10815117537733926,14.88919,66.27851,50
site_1b5b434334fddc03,176,0.10012963251837985,-0.08259247600178826,0.056607651569022185,0.055925766195679995,0.03467582833332508,0.056607651569022754,0.620033138428484,0.2902321137636619,1.7645660222547792,-14.536275776314735,0.09905967975342646,0.550473673125,0.21162470042599257,-97.5112,36.1166,50
site_1c44b0fee88f9b96,242,0.0357018091506151,0.0011539766818038707,0.035683154491227324,0.046895611171062036,0.038214424510048556,0.03568315449123155,0.8148827482097003,0.6657742302404607,0.3084578407437204,0.2792623569965367,0.2887366218688814,0.5322060000000002,0.3534028222334764,15.1517,48.15371,50
site_20a8ade4f5c8dd77,587,0.1272415871494561,0.06559312067994469,0.10903194036510055,0.11364944972250823,0.03953599324397116,0.10903194036510198,0.3478766799179765,0.28835828140130326,9.503777420683516,38.503161839127536,0.7605548162035911,7.581807886848381,0.9175366251691646,0.83767,42.15623,50
site_222278f15298d005,27,0.05093941606732596,0.04448997533939503,0.024808591325993657,0.014723244781632302,0.02462464575602711,0.024808591325993657,1.6725012808825341,0.2864132216511481,0.07006025095056394,1.2012293341636657,0.0028036923110485077,0.0058528962962962955,0.01637207582246525,116.34238,42.21409,50
site_22340386f3e3f6e8,302,0.11982293801388774,0.11072090465975122,0.045808489885677976,0.028793597705114932,0.04653710579474889,0.045808489885678184,1.6162310202202337,0.33446840934675665,4.335976015232555,33.43771320724487,0.13534971658135486,0.25037952317880796,0.6540420691569984,-73.7422,41.7857,50
site_2430820d6924f0bf,155,0.04894530779768682,0.013876971074842632,0.046936902637458755,0.057736037182977616,0.03552153576037817,0.04693690263745885,0.6152402813480768,0.5832045675336656,0.37132468908859684,2.150930516600608,0.18539214139580726,0.5166847483870969,0.19557582293025289,-82.5567,35.4185,50
site_28aa95e397da1f11,323,0.03491356017503314,-0.010841346172725455,0.03318767688854992,0.03426385488071643,0.03255193209043481,0.03318767688854995,0.9500370639485437,0.5075596848065023,0.39372300896289814,-3.5017548137903223,0.18285322910099766,0.3792057956656347,0.34225993535095034,-110.2895,46.8847,50
site_28de8124779d0d55,450,0.08786340145195798,0.024764803286128578,0.08430113779129725,0.08359747237598945,0.023392655992900142,0.0843011377912973,0.2798249196780606,0.1097052487082153,3.4739897916185694,11.14416147875786,0.09654117955856854,3.1448418244444443,0.2462473594809751,-100.9627,38.8701,50
site_29c64bda55c4bd6f,63,0.03156316240178077,-0.010364180508114057,0.029813033780486276,0.03773444894173302,0.023528630147142644,0.029813033780486914,0.6235318338283927,0.6130993318603046,0.06276269291047479,-0.6529433720111856,0.034293044845736226,0.08970498412698416,0.03487657550586487,15.15158,48.15162,50
site_2b0159df0d3593f2,1179,0.05841675747491715,0.03343960697419367,0.047898958645201745,0.06431054111167571,0.05105346717180615,0.047898958645202404,0.7938584606705679,0.6773709907910125,4.023358196028397,39.42529662257433,2.6220912657516795,4.87616207803223,3.073012225599709,1.0196,42.218,50
site_300613673c8de12a,95,0.0412157694498668,-0.034789640173159136,0.022100239545459352,0.010926974931948672,0.027272790234249007,0.02210023954545953,2.495914047950075,0.6288118154397966,0.16138026687773452,-3.305015816450118,0.017802205817009246,0.011342884210526295,0.07066148328032806,15.14975,48.15426,50
site_321be016bdfe2f21,44,0.053304561286279084,-0.048312205562808304,0.022523477697274863,0.02346217667873406,0.01280256052480885,0.022523477697275113,0.5456680639700832,0.3446884677288854,0.12502055517259805,-2.1257370447635653,0.004555589344149286,0.024220844318181826,0.007211844463621331,115.94508,41.74691,50
site_33f1b9849f9edfe3,188,0.08148410510406044,-0.05944759083935554,0.0557282991666365,0.06569901843321078,0.039809948669898926,0.055728299166636804,0.6059443446688549,0.5344249491148388,1.248255964306599,-11.176147077798841,0.2627816725690314,0.8114758723404256,0.2979484184627976,-93.2855,41.5562,50
site_3531c10ad7b4bb62,21,0.28749213584062294,-0.2843337153763998,0.04249784077404021,0.04223066934239353,0.02057239887587665,0.042497840774044525,0.48714356642282525,0.2305438149876369,1.7356862915742675,-5.971008022904395,0.004206158860666411,0.037452018095238106,0.008887695505671589,22.97976,53.6328,50
site_3999cca71a6a19c4,56,0.06982766021469403,-0.06018728697512832,0.03540328540732219,0.0417636961220569,0.039367172186282814,0.03540328540732479,0.9426170536063163,0.6205719957692504,0.27305051933929075,-3.370488070607186,0.05713646237844869,0.0976755535714286,0.0867873577728886,15.14731,48.15804,50
site_3c8e248cc33b4c5e,259,0.13197241616343577,-0.11275906205039227,0.06857195165321511,0.04501076860993734,0.034397894964646375,0.06857195165321525,0.7642147874153854,-0.4821260494586331,4.510930124655907,-29.204597071051598,-0.1933341869653767,0.5247260463320462,0.3064527311017007,-116.7505,43.2044,50
site_40cb16253de7adad,148,0.0764053073361047,-0.004414684178861415,0.07627766090229515,0.08096563628220868,0.03381243102391957,0.07627766090229522,0.4176145902943949,0.3434399279364342,0.8639901063904432,-0.6533732584714894,0.13915205662274685,0.9702042702702702,0.16920551277860318,-67.8833,46.9601,50
site_43d513d9ee89a497,61,0.07736275080131702,0.07379344276991046,0.023227634742061572,0.019616590447905567,0.025210685588303326,0.023227634742061593,1.2851716334320997,0.48616774343763364,0.36508470790434727,4.501400008964538,0.014666421324136803,0.023473447868852457,0.03877029873776938,116.36103,41.95531,50
site_4509aad7c317e1e1,330,0.07498818493193361,0.06881416315562798,0.029796624449364897,0.03744168897715342,0.03802562219277047,0.029796624449365195,1.0155958032762187,0.6883224265667671,1.8556652001973393,22.708673841357232,0.3233982160253958,0.46262042424242433,0.477162821238615,-83.3896,33.7837,50
site_454123e8a1bcfe25,412,0.19099393826078218,0.08590332236162668,0.170585180070245,0.053742690672056836,0.03799049830823123,0.04635489125673743,0.7068960975559072,0.5345463139761676,15.02921799437375,35.39216881299019,0.4496524367049674,1.1899700418770225,0.5946305202235806,15.14844,48.15473,50
site_45a2a929d5aff17f,185,0.04010694453099716,0.0015822362107199579,0.04007572242874693,0.04746674019139476,0.03478961750385007,0.04007572242874693,0.7329261997679183,0.5623719017373356,0.29758489492830936,0.2927136989831922,0.17180444786049223,0.41682191351351355,0.22390873492187535,-102.1702,48.9676,50
site_46bbd0d57edf9712,148,0.058021658128386965,0.03201760242839117,0.048387869830205314,0.09462393174418932,0.06380300130705785,0.048387869830206424,0.6742797528171395,0.884761540366602,0.49824389617117715,4.738605159401893,0.7905512860981194,1.325145891891892,0.602481800416687,-120.8242,39.5634,50
site_497344538a3f1eab,149,0.05250628518671354,0.006715733332921994,0.052075031540168785,0.06709806788523649,0.038203631679695975,0.05207503154016931,0.5693700710583631,0.6338987512505451,0.4107795876321656,1.0006442666053772,0.24211451617673338,0.6708204563758389,0.21746810355416257,-116.96,34.01278,50
site_4c3440bb059c79cd,166,0.037370184184180213,0.01608173084833536,0.03373290083703523,0.051132492150491794,0.050913305951564486,0.033732900837035285,0.9957133675729671,0.7814600753731836,0.23182409054928577,2.6695673208236697,0.33770939383718623,0.4340122710843374,0.43029934400432357,-117.0916,34.0074,50
site_4fb715e1d8003a2f,92,0.11438342158942966,-0.08921666623328041,0.07158179657374243,0.0777771976254168,0.036389935662137635,0.07158179657374307,0.4678740912908101,0.39740673260977155,1.2036881763744787,-8.207933293461798,0.10348004921271425,0.5565349072826088,0.1218289224094955,-96.76203,36.31937,50
site_5accfec62d994abe,488,0.12350893873878019,-0.1108773791940486,0.05441199069542411,0.06691078519326854,0.03876618005426732,0.05441199069542426,0.5793711722600937,0.5819872823043637,7.444175478809322,-54.10816104669571,0.736686058976721,2.184801949487705,0.733374557407938,-98.285,36.881,50
site_646b0b13ac40b218,154,0.11762056833405524,0.0439538987518905,0.10909927992308069,0.11581730222795633,0.02876417474410082,0.10909927992308116,0.24835818302420826,0.3509605573431277,2.1305281066648285,6.768900407791137,0.18005467205388206,2.065701714285714,0.1274161733012118,-96.5651,40.8484,50
site_66d01cf2ba4510d5,303,0.06765684957868986,0.042138178984324134,0.052932250724851394,0.053069655434548516,0.033333584429447366,0.052932250724851394,0.6281100594398638,0.31817180360146846,1.3869671363587808,12.767868232250212,0.17054249132682783,0.8533656633663367,0.33667173882727397,-99.1296,45.7115,50
site_66d7dca1620ed572,203,0.14263813138597078,-0.12925328411962012,0.060325990000780136,0.0637990289581154,0.03278694233187185,0.060325990000780136,0.5139097391810894,0.35999917628254946,4.130164214632137,-26.23841667628288,0.15286657331061776,0.8262741674876848,0.21822166825711853,-123.3257,44.4185,50
site_6724da3b9f7cb3ab,80,0.03559369053856278,-0.023036155816912644,0.027133859499413188,0.03244953774709279,0.027948276774276803,0.02713385949941534,0.8612842805990584,0.6052606999646492,0.10135286449239789,-1.8428924653530117,0.04391329373270272,0.08423779999999999,0.06248849397212641,15.14659,48.15442,50
site_74f9bdce7726846f,73,0.08098065757407463,-0.06725687338146444,0.04510410052400102,0.03977400032081241,0.023741809906239645,0.04510410052400209,0.5969178286001157,0.0589134592630599,0.4787242837824557,-4.909751756846904,0.004061163559862195,0.11548389041095893,0.041148168246553374,0.92188,41.36527,50
site_75783e392ac0cb24,245,0.06579140462653525,0.054357463607982714,0.037064471840825106,0.04645950348841277,0.024549906853920424,0.037064471840825695,0.5284151790395972,0.6082048589549819,1.0604846860694583,13.317578583955765,0.1699575189656141,0.5288289387755103,0.1476609920013614,-105.2096,48.4887,50
site_763dec14eaad3a50,49,0.23425651243229606,-0.23177296429750874,0.03402067955947137,0.00412749741394518,0.032203080646709265,0.03402067955947172,7.8020837851788345,-0.38870543101457655,2.6889295672301814,-11.356875250577929,-0.002531633991367965,0.0008347755102040832,0.05081488175378457,0.95839,42.39871,50
site_77587960eddec8d4,327,0.09875986451368537,-0.024439443386658252,0.09568816251612224,0.10622543224769322,0.026540830341225948,0.0956881625161223,0.24985382294645647,0.5022563154081076,3.1893980442750083,-7.991697987437249,0.4630375076118139,3.6898164831804285,0.23034392579096896,8.62641,44.68253,50
site_7d0e70aae0f59866,484,0.056662234255019,-0.0038264141667726623,0.05653288729045217,0.10633555104089003,0.0727763937035132,0.056532887290452284,0.6844032216048604,0.8662730491237505,1.5539346547329935,-1.8519844567179686,3.2446599031637677,5.472708716942148,2.563459284556558,-121.09175,39.47095,50
site_7e86404aaf2aaa5a,60,0.0684399093885733,0.06124915949563186,0.03053787252240688,0.025825258092719145,0.01898578164631541,0.03053787252240808,0.7351632877453422,0.09671603441396937,0.2810412718269674,3.6749495697379118,0.00284526606246829,0.040016637333333334,0.021627594283294027,116.18551,42.09596,50
site_7f10cc6142e2e1b8,212,0.0755350703287327,-0.034881209701749516,0.06699886610465262,0.07229060816725699,0.03399715308501645,0.06699886610465473,0.47028450786246095,0.385097803002963,1.2095759321081183,-7.394816456770897,0.20064638110345828,1.1078975901886792,0.24503096059184126,-97.082,36.926,50
site_84322f1b7a2f6859,162,0.13902697371965475,0.135249202993181,0.032189322940299483,0.027020695213515022,0.03086121247019366,0.03218932294030137,1.142132436872228,0.3875683818873233,3.131216906306583,21.910370884895322,0.05235677138136492,0.11827911111111111,0.15429113849113074,-81.4596,30.8078,50
site_861ce199e425915f,76,0.10199715663138875,-0.08223527848093132,0.06033886752377543,0.07855931383021164,0.040768677834826655,0.060338867523775694,0.5189540978290496,0.6545718053017384,0.7906599170274918,-6.24988116455078,0.15932913401722903,0.4690389999999999,0.12631846702239136,-123.15132,38.88623,50
site_863c334735fb9bf1,148,0.10029673993302748,-0.07248434813844191,0.06932139147578113,0.09802995360723511,0.0376211782450444,0.06932139147578131,0.383772274296657,0.8432437044315758,1.4887965340966156,-10.727683524489404,0.4602629460076223,1.422261027027027,0.20947225177671946,-120.69375,40.06782,50
site_89d7fda60b8576e0,59,0.07386942381975709,-0.0666656392145965,0.03181798742177364,0.029504000868052837,0.021509248048925688,0.03181798742177368,0.7290281797753086,0.2527143165442437,0.3219448147523108,-3.9332727136611942,0.009462110110763781,0.0513586779661017,0.027296217346182594,15.15272,48.15276,50
site_8bb1693abbdef724,211,0.1022652933512082,0.09485031180189683,0.03823098972419646,0.050777110959732134,0.05606303619770127,0.03823098972419707,1.1041005511747417,0.748189483268303,2.2066781373080286,20.01341579020023,0.4494057824570703,0.5440244644549763,0.663186509845705,-120.966,38.4316,50
site_8cc16869ec1e1da8,110,0.05301686109148764,0.0054831927337429765,0.05273255310942875,0.07832338398804564,0.0381134218019919,0.05273255310942877,0.4866161274110562,0.8050562862366476,0.3091866315993506,0.6031512007117275,0.26435547838461665,0.6748007727272729,0.15978962136022062,-106.9163,40.57139,50
site_924ffc782c7352b5,160,0.08377839376040787,-0.07447533492594957,0.03836982862538719,0.030188240156557647,0.038835733831218015,0.038369828625387625,1.2864523943699286,0.4040065208664116,1.1230110817718315,-11.916053588151932,0.07578402537740767,0.14581277499999995,0.24131427555347384,-79.4743,39.013,50
site_9463f490fbd10247,47,0.23193200514215773,-0.22895103145457332,0.03706589004932781,0.03446634130077978,0.028071712926519384,0.03706589004932783,0.8144674446743286,0.31113764840782027,2.528245385435308,-10.760698478364946,0.014148634287334504,0.05583264808510639,0.03703699013155903,22.97952,53.63384,50
site_977580436f81c571,1132,0.15177802958427958,0.14593418662981936,0.04171071130033028,0.04271085413409031,0.04232312883969538,0.04171071130033178,0.9909220898936446,0.5188154823504244,26.07739753939866,165.19749926495552,1.0616353658913986,2.0650137128975263,2.0276918697726067,0.9255,42.1554,50
site_97b9cf35873933d5,148,0.114868009421834,0.06966176421175133,0.09133399255173788,0.09696898248742082,0.039703539882619245,0.09133399255173891,0.4094457718762774,0.3425257560079635,1.9528096191031128,10.309941103339195,0.19517177718273693,1.3916415675675675,0.23330291972318906,-94.5829,37.4277,50
site_983e670b17ddf306,53,0.03250527638415241,-0.02423363568198008,0.02166388456494353,0.011934584963991296,0.020028167379348445,0.021663884564945397,1.6781620341031451,0.155291334575807,0.055999428618937225,-1.2843826911449443,0.0019673046784580883,0.007549018867924537,0.02125975689448545,15.15537,48.1521,50
site_98b5a51181513eb5,115,0.03754724204437712,-0.02494327722114065,0.02806471639992764,0.04461954609966228,0.044272940799117165,0.028064716399927855,0.9922319850638789,0.8006751001806753,0.16212646929098973,-2.868476880431175,0.1818937102856844,0.22895394782608708,0.2254107280052453,15.15045,48.15617,50
site_9e4afb6a8f7ad2cf,312,0.08450201247185762,-0.07346497921187144,0.04175508281866147,0.040276833047366616,0.02977256927411351,0.041755082818662054,0.7391983684293197,0.31903662468843735,2.227864114879722,-22.921073514103888,0.11936218636898466,0.5061336634615384,0.276558634928749,-123.11312,39.36141,50
site_9f8869a238f7fb2c,124,0.034385020053029514,0.0058641577276491354,0.03388128182629008,0.04256043325282362,0.03333452514775212,0.03388128182629044,0.7832280500937002,0.6254317223899164,0.14660887090185798,0.7271555582284928,0.11002766681270255,0.22461241935483872,0.1377876302864387,-76.2462,42.4401,50
site_a044c6ba9277ce3b,121,0.16971772744093594,-0.16292713831574465,0.047527409017934494,0.034751253417645206,0.036281141693868986,0.04752740901793649,1.0440239739797978,0.10513684297816465,3.4852969479336147,-19.714183736205104,0.016039533049360774,0.1461256033057851,0.1592748703558824,-123.15985,39.19757,50
site_a0c291a961f2a716,1007,0.11731585971630623,0.1054617935667682,0.05138891941514645,0.057556848454329734,0.04354681054014048,0.05138891941514696,0.7565878207298659,0.5123437748607427,13.859352017562877,106.20002612173558,1.2931362674360005,3.3359803396226417,1.9095989811764225,0.98318,42.14571,50
site_ad2b2a9828429935,532,0.04084476760077153,-0.004489059409924914,0.04059733225194976,0.041744548465484026,0.02377092856071773,0.04059733225195054,0.5694379130815712,0.3323171147390269,0.8875329614720708,-2.3881796060800546,0.17543258207666695,0.9270670977443609,0.3006103477478128,-108.9677,40.2446,50
site_b245fa887fc8016f,123,0.08787654128279918,-0.002623400025251436,0.08783737405077077,0.11524397212541447,0.04529024273498355,0.08783737405077113,0.39299446122610526,0.7296753293325677,0.9498412404627834,-0.32267820310592665,0.4684439574632703,1.6335842926829267,0.2522983487002288,-95.7232,31.7796,50
site_b6580d1df11a1de9,317,0.1082438366149646,0.09779093458261401,0.046407556266044245,0.04380019048818784,0.050185406303518726,0.04640755626604516,1.1457805489921982,0.5193892182093952,3.7142028283453072,30.99972626268864,0.3619142106292469,0.6081507697160884,0.7983882768542143,-123.0747,38.3208,50
site_baf61fa27e289b2f,550,0.1149912048785127,0.1103816613491015,0.0322314448516407,0.016478781648777897,0.027242892523456165,0.03223144485164301,1.653210358878477,-0.028000598778427657,7.2726374596766465,60.709913742005824,-0.006913664876750925,0.14935263454545455,0.40819635617452116,-102.8071,31.6219,50
site_bc9b171e4ce196ad,448,0.0968028699989566,-0.08169250437058508,0.051933903855735986,0.06330934640190762,0.04593957216286671,0.05193390385573606,0.7256364940371974,0.5881897639226683,4.198116446735631,-36.598241958022115,0.7663907468329583,1.795616857142857,0.9454790421472425,-104.4363,44.5169,50
site_bcde474edfd61b91,340,0.08241240864692269,0.07609282798521659,0.031649433299817814,0.03549031302114847,0.04178296665841919,0.0316494332998187,1.1773062309571902,0.675603459661525,2.3092137336557084,25.871561514973642,0.3406276387960595,0.4282511882352941,0.5935775429447137,-119.6459,44.556,50
site_bef0b5984488c172,244,0.09402570313100378,0.025673923007288914,0.09045265350831591,0.09575683854319872,0.03703119492317009,0.09045265350831612,0.38672115210303476,0.3326290960399433,2.1571632152242355,6.264437213778495,0.2877978778207278,2.2373267991803276,0.3345994929748277,1.62303,41.75145,50
site_bfd5ae6a882cc3e5,406,0.07800303358531963,0.06252065438457897,0.04664376725604963,0.03439937173062425,0.049906227795269355,0.046643767256052245,1.4507889326025112,0.43638081754544833,2.470296138896076,25.383385680139064,0.30415638684877766,0.4804266108374384,1.0111964185378461,1.46531,42.4142,50
site_c182efa4e364207f,117,0.22807939242261033,-0.22413682502406274,0.042224316643372145,0.022704777104236393,0.030035979591900016,0.04222431664337276,1.3228925108582423,-0.2677765732941562,6.086364482000447,-26.22400852781534,-0.0213657176422003,0.06031430769230769,0.10555272819526901,-123.00498,39.23429,50
site_c55e48f9c70fa0cd,172,0.14590817282833157,0.13429206252236697,0.05705117739005001,0.044391844413807675,0.040080692963259536,0.057051177390050445,0.9028841556939861,0.0905605989041229,3.6617415224735916,23.09823475384712,0.02771444232640572,0.3389493662790698,0.2763114551273942,-86.92,46.3345,50
site_c6db53a69289981e,29,0.0805152685787561,-0.06808195725802717,0.0429832010234858,0.036596524269184603,0.026532779573759224,0.04298320102348581,0.7250081832525455,0.10079139858907353,0.18799854575496763,-1.9743767604827878,0.002838206948905155,0.03883986206896552,0.020415663365381143,-96.6098,39.1027,50
site_c8bbc74a2a93ec2f,1,0.16959431319236756,-0.16959431319236756,0.0,0.0,0.0,0.0,,,0.02876223106719086,-0.16959431319236756,0.0,0.0,0.0,116.1766,42.0251,50
site_c918c9526fa62ebb,281,0.045839222065403466,0.016337612592452783,0.042828923572047664,0.054247652169094794,0.04403872859494584,0.04282892357204767,0.8118089324432545,0.6379036648046037,0.5904468325567455,4.590869138479232,0.42823004663282227,0.8269289822064056,0.5449741021688634,-85.9621,34.2851,50
site_cae0124873df3612,7,0.2576834410785887,-0.25642872940131595,0.02539808149701784,0.025995078027054513,0.02305230674500955,0.025398081497017926,0.8867950587037184,,0.46480529064271736,-1.7950011058092115,0.001967316344593252,0.004730208571428566,0.003719861923862089,22.9793,53.63489,50
site_cb4bf51604d9132d,299,0.08157402769800595,0.06083561942330172,0.05434472747432115,0.07067676989695468,0.03143891914163697,0.0543447274743231,0.44482676822206624,0.6818767609091022,1.9896422764676376,18.189850207567215,0.45302417432265135,1.4935665351170568,0.2955332854015218,-97.1082,36.1346,50
site_cc4adebea528a6a7,59,0.054239688126959285,0.04745669963481062,0.026264147195010405,0.016848445218811604,0.023547924984644537,0.02626414719501044,1.397631928574207,0.1872350041426707,0.17357468231847867,2.7999452784538263,0.004382798760030734,0.016748336271186437,0.03271578149386434,116.3333,41.80295,50
site_cc5b5abb6e110086,216,0.0913578884980443,0.08307556081171388,0.03800940655469802,0.048218571530397894,0.029928594306119556,0.038009406554698075,0.6206860418345659,0.6153485900979491,1.8027929788173562,17.9443211353302,0.19181193238066302,0.5022066183333332,0.19347568354230305,-97.266,37.133,50
site_cf05376790209007,127,0.04283911544314989,0.0031286997429029206,0.04272471240242914,0.06400281416250728,0.046084744283869966,0.04272471240243028,0.720042468239878,0.7449878580954628,0.23306910611784346,0.3973448673486709,0.279067439486544,0.5202377480314961,0.26972306427513004,-96.8541,40.6954,50
site_d35a7f73b803c0c5,406,0.03558103289804988,0.031652994885380044,0.01625108663684411,0.012537107676522429,0.011126528901019938,0.016251086636845342,0.887487703551912,0.06050739814533848,0.514000020249396,12.851115923464299,0.003426822172138344,0.06381470197044335,0.05026265602640417,-106.8859,34.3557,50
site_d57ef4f33b8af5eb,60,0.040827677005079756,0.02961825300892194,0.028100859387759032,0.031809572458616917,0.016023037206671108,0.028100859387760087,0.5037174651597877,0.4698268715759763,0.1000139525778671,1.7770951805353163,0.014367849689871075,0.060710933999999994,0.015404263279581998,115.96818,42.17698,50
site_d5e7272a4c76be28,288,0.056922620541086905,0.04100549407800039,0.03948080780181231,0.05374944322919895,0.030099031819857403,0.03948080780181401,0.5599877879945433,0.6911273354054932,0.9331732020281958,11.80958229446411,0.3220157058131363,0.8320327624652778,0.2609140943499231,-97.485,36.605,50
site_d80aeb123d7ed060,114,0.0939251902930143,0.06447865646972992,0.06829673660898816,0.07309581277673106,0.04194043769794091,0.0682967366089898,0.5737734639608797,0.39755642727681306,1.0057013163600002,7.35056683754921,0.1389405739158392,0.6091017543859649,0.20052603582961437,-82.6142,35.4945,50
site_d91996c560da68ca,30,0.023860282042677556,0.01031781192501386,0.021514084136587428,0.02188371388346442,0.01471835729404386,0.0215140841365875,0.6725712725190223,0.3611870637512726,0.017079391774683633,0.3095343577504158,0.003490067377984522,0.014366908000000001,0.006498901243054023,115.68971,42.25761,50
site_db085d5191ab69be,141,0.06796786810305643,-0.03250834508821474,0.059689518293415796,0.07054826641719915,0.03323411488525392,0.05968951829341637,0.47108336707692205,0.5371312417816023,0.6513679843209008,-4.583676657438279,0.17757016132676856,0.7017651631205674,0.1557354013010821,-97.0914,36.1181,50
site_db8e4a0f1b9b5265,76,0.02683517216592148,-0.013014676147385645,0.02346794984555144,0.023057989493912627,0.027332533376757468,0.023467949845558077,1.1853823328340631,0.5775588404691945,0.05472961135327316,-0.989115387201309,0.027663756432894027,0.040406986842105266,0.05677712094015863,15.14991,48.15353,50
site_dbd15ac8d9118973,257,0.06079502598778141,-0.045302229238855234,0.04054310312303718,0.05678941124835994,0.04302435761453414,0.04054310312303721,0.7576123201273136,0.7024004664855094,0.9498810425077393,-11.642672914385795,0.4410620336894975,0.8288345680933852,0.47573150447283363,15.14109,48.15668,50
site_dd8f5f5975cafcae,386,0.13913342066936904,-0.11068002811630157,0.08430919358726131,0.09189919655713932,0.038020496749759165,0.08430919358726131,0.4137195772557109,0.3982452891773414,7.472229976403608,-42.722490852892406,0.5371152128790906,3.259948458549223,0.5579854548160006,-101.595,36.5993,50
site_dfb90b37de535da6,116,0.07351184050055866,0.032820132878319974,0.06577864069459778,0.07756481122614152,0.03126517391937353,0.06577864069459778,0.4030845099102915,0.5498755554761747,0.6268629204784307,3.807135413885117,0.1546849252093455,0.6978907931034484,0.11339128762420625,-85.1345,36.0138,50
site_e25a87142f53f607,313,0.06935134055720142,-0.061290665256329625,0.032450928946911206,0.044540824249836256,0.034938578039099416,0.0324509289469116,0.7844169619116975,0.69127877527957,1.5054074408063314,-19.183978225231172,0.3367138926694855,0.6209560127795528,0.3820804256783972,15.13658,48.15709,50
site_e4db2a28e10f56a8,72,0.1408366881641132,0.13394159312380685,0.04352726001590555,0.02979303286170721,0.031883982337651974,0.04352726001590783,1.0701824982253567,0.0050481971782421415,1.4281180367785682,9.643794704914093,0.0003452678033047242,0.06390898611111112,0.0731943597389546,-84.7203,44.908,50
site_e4f3e7026d41564d,183,0.13420931646044695,0.12189691552438373,0.05615409700477484,0.05539915019669032,0.042708668638688045,0.056154097004779864,0.7709264219226158,0.36766610287285006,3.2962217343348135,22.30713554096222,0.15919294522189703,0.5616390491803279,0.3337975589707338,-87.8757,30.5485,50
site_e690c844556f422b,207,0.05597771271657824,-0.0448487014879927,0.033497735681993296,0.01506322180423941,0.04011392969166569,0.03349773568199674,2.6630378423011725,0.5907617659435087,0.6486353944428114,-9.283681208014489,0.07389172504820686,0.04696843478260871,0.333089362548735,-107.22222,39.47217,50
site_e7f96e1f3cc1ed07,354,0.03354980904765556,0.0020938207187221553,0.03348440834077856,0.029883294120891697,0.03585563280379454,0.0334844083407786,1.1998554328964532,0.49344257772336725,0.3984587492454894,0.741212534427643,0.1871654762739347,0.31612598870056496,0.4551117469312338,-75.927,37.2907,50
site_f048e8218a2bc715,197,0.11580184036400647,0.10041702571677677,0.0576757069994554,0.07443457021860914,0.04113133106496339,0.05767570699945559,0.5525837113610454,0.6378712853522921,2.641783047643095,19.782154066205024,0.38472173940038623,1.0914795329949238,0.33328191984959754,1.79065,41.72531,50
site_f80fa89bf21ec41c,487,0.06460341771117406,0.030113798216383065,0.057155583602544045,0.06846330419786337,0.0517415835992576,0.057155583602544725,0.7557564480049209,0.5783727155770357,2.0325439694426812,14.665419731378552,0.9977789335975107,2.2826780985626285,1.3037922475258152,-119.6917,43.4711,50
site_fed20609ec9b97b3,40,0.0400268279144363,0.034078128373622896,0.0209959072069481,0.01897406371207813,0.015661352386023043,0.020995907206948577,0.8254084430028372,0.2767283798414726,0.06408587811567588,1.3631251349449158,0.00328929865732789,0.014400603750000003,0.009811118342367586,115.93507,42.08267,50
